algorithm,image,objective,K,psnr_mean,psnr_std,ssim_mean,ssim_std,uniformity_mean,uniformity_std,class_separability_mean,class_separability_std,time_mean,n_runs
JADE,IMG-0003-00010.png,kapur,3,19.10757118073719,0.0,0.249705583183391,0.0,0.9754391481845052,0.0,0.7845137212565102,0.0,0.719565119392549,30
JADE,IMG-0003-00010.png,kapur,5,28.6468020579244,0.0841073647008822,0.8921778217974653,0.0009589483736480795,0.9972690786931426,5.2573955079196536e-05,0.976040078968892,0.00046126111683549855,0.9267804790676261,30
JADE,IMG-0003-00010.png,kapur,7,31.961428831572963,0.17198943909029002,0.9359441457784771,0.0018891724198296187,0.9987268987238801,5.089987951274019e-05,0.9888303606684521,0.00044657350270618735,1.002962091518566,30
JADE,IMG-0003-00010.png,kapur,9,33.90046958159365,0.3284926968963178,0.9551700064240616,0.003011781713543804,0.9991840561559506,6.077690738682999e-05,0.9928412620238625,0.0005332302684252252,1.15389004436632,30
JADE,IMG-0003-00010.png,kapur,11,35.52532958759157,0.33442324752180286,0.9679288735101517,0.002021913097910915,0.9994390794780184,4.320784426048566e-05,0.9950787262241286,0.0003790869161281898,1.2918731180873388,30
JADE,IMG-0003-00010.png,kapur,12,36.32010853927626,0.3411593975170958,0.9729225850965194,0.0019464112028180379,0.9995330207692239,3.7951999851336216e-05,0.9959029264356797,0.00033297441311366273,1.5434917916233342,30
JADE,IMG-0003-00010.png,otsu,3,27.26380124179377,0.0,0.8128651641409868,0.0,0.996247838381606,0.0,0.9670801586823714,0.0,0.6874667083766932,30
JADE,IMG-0003-00010.png,otsu,5,30.83956937966645,0.009146092132193993,0.9306265843224928,0.00044711128136510703,0.998354966359643,3.2590155593163074e-06,0.985567187154936,2.859319133234137e-05,0.7828789277312657,30
JADE,IMG-0003-00010.png,otsu,7,33.263828252514344,0.031142540758243385,0.9544979260434657,0.001095844484855221,0.9990587155800298,6.803449528572155e-06,0.991741578084411,5.969052020453974e-05,0.8812556319714834,30
JADE,IMG-0003-00010.png,otsu,9,35.191941534656124,0.08295882810303645,0.9670673157114106,0.0009242700399167955,0.9993964618510149,1.1505874072672127e-05,0.9947048176186433,0.00010094755695899246,0.9837469888385385,30
JADE,IMG-0003-00010.png,otsu,11,36.72573352775135,0.10105938576563513,0.9756519459476267,0.000781984825141274,0.9995761613282943,9.825994232540389e-06,0.9962814230206862,8.620901864620975e-05,1.086450691629822,30
JADE,IMG-0003-00010.png,otsu,12,37.39648242138442,0.11695532221897963,0.9786690990754433,0.0006600919885500959,0.9996368756168772,9.88453660706301e-06,0.99681410389884,8.672264409075193e-05,1.1426130001122752,30
JADE,IMG-0003-00010.png,tsallis,3,16.69619435726649,0.0,0.1944407790792168,0.0,0.957206016608228,0.0,0.6245441199280385,0.0,0.7618373179808259,30
JADE,IMG-0003-00010.png,tsallis,5,21.43178518923566,0.2139920627387356,0.3243974962536244,0.0049790441626595995,0.9856022811363376,0.0007212455265749565,0.8736806490413228,0.00632789594390114,0.8621307387715206,30
JADE,IMG-0003-00010.png,tsallis,7,23.10081215934642,0.41115657738281985,0.37720307210942483,0.013010018930051697,0.9901674288389637,0.0009071520571650233,0.9137332782311895,0.007958959343978285,0.9709329707392802,30
JADE,IMG-0003-00010.png,tsallis,9,25.1308288272834,1.2284590285306425,0.4526317263174283,0.051730095689391506,0.9936310596705806,0.0017545947115085018,0.9441216753622499,0.015394054242346926,1.1197096014550576,30
JADE,IMG-0003-00010.png,tsallis,11,27.467211966888033,1.7552193754323797,0.5645695531568646,0.09616214842170283,0.9961198772048208,0.0016338746898967745,0.9659574827256818,0.014334909045658886,1.2297130236169322,30
JADE,IMG-0003-00010.png,tsallis,12,29.25409228793055,2.0538334038886816,0.6636395715426969,0.12491291956932936,0.9973632775475366,0.0012534777275661948,0.976866538928332,0.010997470813722768,1.2926844901638106,30
JADE,IMG-0004-00010.png,kapur,3,19.91988093885099,0.0,0.2821441111549853,0.0,0.9796315096962656,0.0,0.8474179504742365,0.0,0.7202818347141147,30
JADE,IMG-0004-00010.png,kapur,5,29.478849542491016,0.052529343483800554,0.9079353527837989,0.0019942170168620256,0.9977459671710375,2.7381333658600983e-05,0.9831148532064549,0.00020511584050066418,0.8492899181398873,30
JADE,IMG-0004-00010.png,kapur,7,31.892125007734005,0.14736157679831643,0.9373287124801885,0.004018075186215137,0.9987066788411204,4.4145152434865435e-05,0.9903116239753568,0.0003306949967667445,0.9858515152164424,30
JADE,IMG-0004-00010.png,kapur,9,33.970584461690514,0.2533024838119492,0.9583709534220636,0.0029912529436269585,0.9991978810370935,4.742316525141614e-05,0.9939912603487705,0.0003552508625411429,1.1171112986359124,30
JADE,IMG-0004-00010.png,kapur,11,35.706435988569346,0.2200367384561384,0.9713061226307543,0.0020549139884480745,0.999462735066965,2.7683268800945724e-05,0.9959753038444007,0.0002073776616840272,1.2498961460155746,30
JADE,IMG-0004-00010.png,kapur,12,36.319468981810026,0.23271627754286428,0.9747267162446395,0.0017381554649222638,0.9995336616387747,2.5130363328999e-05,0.9965066206740317,0.00018825363514326005,1.320157280478937,30
JADE,IMG-0004-00010.png,otsu,3,26.913317112334166,0.0,0.8109151881986946,0.0,0.99592987093804,0.0,0.96951032576065,0.0,0.6954440847815325,30
JADE,IMG-0004-00010.png,otsu,5,30.482290660095163,0.006500118626464746,0.8973975995538591,0.0360750908160729,0.9982157000321987,2.8825756807948786e-06,0.9866336610128654,2.1593613406367683e-05,0.7931512263060237,30
JADE,IMG-0004-00010.png,otsu,7,33.03540928065212,0.029868057136716513,0.9555357098564338,0.0007951835869298804,0.9990080366630943,6.810845120993582e-06,0.9925691204039941,5.102060545783656e-05,0.9093054805882275,30
JADE,IMG-0004-00010.png,otsu,9,34.92774662699892,0.06602315440976142,0.968711817832839,0.0007348265848881575,0.9993585381316644,9.812772240650441e-06,0.9951947559635617,7.350829038768599e-05,0.9877538876142353,30
JADE,IMG-0004-00010.png,otsu,11,36.3958339536745,0.08891710988131539,0.9762172020865634,0.000688876813352865,0.9995426888432752,9.461179844156695e-06,0.9965742442113509,7.087448259654293e-05,1.096369981765747,30
JADE,IMG-0004-00010.png,otsu,12,37.04482237533589,0.12615401198494988,0.9792544685095558,0.0009161342676090054,0.9996061156102886,1.1403047048190702e-05,0.9970493793814769,8.542117081370667e-05,1.1358357735909521,30
JADE,IMG-0004-00010.png,tsallis,3,19.02841100283329,0.0,0.2614932123937597,0.0,0.9749864365230214,0.0,0.81262132223121,0.0,0.7285922834494462,30
JADE,IMG-0004-00010.png,tsallis,5,20.13928723220105,0.06535843584336086,0.30079252671272727,0.001603653545276441,0.9806329899626159,0.0002932642225202722,0.8549201221777196,0.0021968666041251887,0.833321105564634,30
JADE,IMG-0004-00010.png,tsallis,7,21.41468128168697,0.40972569107644696,0.33502667989359336,0.008694778634643753,0.9855000481272763,0.0013680136895453886,0.891379658395228,0.010247903964284648,0.9390595860779285,30
JADE,IMG-0004-00010.png,tsallis,9,22.820139351729107,0.7252521753871742,0.37358660882855366,0.020106527069122804,0.9894160799535212,0.0017140978402073114,0.9207149774663237,0.01284044902918334,1.0451765389104064,30
JADE,IMG-0004-00010.png,tsallis,11,28.743150389890992,3.153390262045776,0.643166445538693,0.1660753830865641,0.9965851561845903,0.002420186483751508,0.9744191218693286,0.018129817596626362,1.1544322485725085,30
JADE,IMG-0004-00010.png,tsallis,12,32.46051789182169,2.2768747607603865,0.8172084467242955,0.11102791835090514,0.9987031375383645,0.0007210367276678563,0.9902850957828184,0.005401345904892141,1.2081231667116905,30
JADE,IMG-0006-00010.png,kapur,3,25.254283064452395,0.0,0.866400465583049,0.0,0.9940375454709705,0.0,0.9701956232531533,0.0,0.7183158222430696,30
JADE,IMG-0006-00010.png,kapur,5,29.72538479879542,0.09490218199336056,0.9070564497821737,0.0006626252167550134,0.9978700624369055,4.555426279487422e-05,0.9893531327964585,0.00022771098784115932,0.9482268360831464,30
JADE,IMG-0006-00010.png,kapur,7,31.940543376164804,0.4051062666585275,0.9257517178207333,0.002710547326146261,0.9987161612566167,0.00012201287273282017,0.9935825064319238,0.0006099027857048843,1.1450620653030152,30
JADE,IMG-0006-00010.png,kapur,9,33.80384583486755,0.4355403504854303,0.9397653928347816,0.0034106168244465366,0.999163861370001,8.850665464338649e-05,0.9958204141231185,0.00044241606652938443,1.3191632791111867,30
JADE,IMG-0006-00010.png,kapur,11,35.485908720138596,0.38224857450870764,0.9510057047144321,0.0027642742189719735,0.9994334904553644,4.947736364409586e-05,0.9971682024882879,0.00024732129684344647,1.3099571181538825,30
JADE,IMG-0006-00010.png,kapur,12,36.23739569735796,0.46151945154169044,0.9566501662747467,0.003479810025652067,0.9995228321235409,5.356727316817216e-05,0.9976147925166994,0.00026776542832040724,1.3440881902351975,30
JADE,IMG-0006-00010.png,otsu,3,27.882416866908653,0.0,0.8202454609758667,0.0,0.9967478861755524,0.0,0.9837437375537955,0.0,0.673464187545081,30
JADE,IMG-0006-00010.png,otsu,5,31.464926241772883,0.012793564017650009,0.9215792125329474,0.0005249187291798622,0.9985763931983597,4.367374604543453e-06,0.9928838512312537,2.183108944059809e-05,0.775162722170353,30
JADE,IMG-0006-00010.png,otsu,7,33.69756133854511,0.036627007679449784,0.9426661973548897,0.001946836188552144,0.9991491451934459,7.138895509750596e-06,0.9957468527285303,3.5685023725161255e-05,0.8784222818833466,30
JADE,IMG-0006-00010.png,otsu,9,35.59225790307862,0.09684699874180289,0.9565743725712679,0.0016876352580198362,0.9994494125408225,1.2443378541000513e-05,0.9972477918304417,6.22004143148641e-05,0.9828585514100269,30
JADE,IMG-0006-00010.png,otsu,11,37.004627137206526,0.1006614693504603,0.967100264803996,0.0016418285047953714,0.9996024138511621,9.287896308924351e-06,0.9980125957671295,4.642718186438149e-05,1.0823048209305852,30
JADE,IMG-0006-00010.png,otsu,12,37.56030667145169,0.09546659414348958,0.9697331417524155,0.0017768850030273357,0.9996503166999753,7.855796623004924e-06,0.9982520465749002,3.926857992110953e-05,1.137842729066809,30
JADE,IMG-0006-00010.png,tsallis,3,20.2143298630985,0.0,0.3351939103691839,0.0,0.9809636660857032,0.0,0.9048435396700945,0.0,0.7235024376073852,30
JADE,IMG-0006-00010.png,tsallis,5,21.331091059974003,0.2547480655831924,0.3684091297852546,0.004746860005995719,0.9852574712806039,0.0008631142386849992,0.9263068794881697,0.004314428197328747,0.8320146667848651,30
JADE,IMG-0006-00010.png,tsallis,7,24.96740145502843,0.6215883171162742,0.49403844310002193,0.03245468171962566,0.9935653715979157,0.00096264890220064,0.9678353791734672,0.004811969704160626,0.9462510152487085,30
JADE,IMG-0006-00010.png,tsallis,9,27.324540816767637,1.022861428736535,0.6151249144671468,0.059160711188469675,0.9961980270080929,0.0009149621616953307,0.9809951698783723,0.004573599151743117,1.0520094417734072,30
JADE,IMG-0006-00010.png,tsallis,11,35.19033033348492,1.2967703720377752,0.9417851622641894,0.05817020542568432,0.9993544039000543,0.0004077982506875353,0.9967728744436712,0.0020384512185410318,1.155122377933003,30
JADE,IMG-0006-00010.png,tsallis,12,36.17337650215008,0.44942922743101915,0.9508653048054551,0.021166229899835434,0.9995183422591845,4.8620221741680206e-05,0.9975923491407088,0.00024303672241848747,1.2097734277835115,30
JADE,IMG-0010-00010.png,kapur,3,26.44220101025764,0.0,0.8992000553654897,0.0,0.9954627814391611,0.0,0.97267493092016,0.0,0.7178356000067045,30
JADE,IMG-0010-00010.png,kapur,5,29.779661601251103,0.027720498973126135,0.9320247990523249,0.0006293681663724004,0.9978969794616278,1.347265838373653e-05,0.9873347116263418,8.113810610825063e-05,0.8547704999723161,30
JADE,IMG-0010-00010.png,kapur,7,32.826010580795376,0.11085005949797298,0.9543331589940294,0.000987440539113235,0.9989572677881278,2.6669767752416e-05,0.993720221025474,0.00016061673829592159,1.0004789263553298,30
JADE,IMG-0010-00010.png,kapur,9,34.5014530509025,0.40045166604784455,0.9645538178610759,0.0020420496738549087,0.9992886131167183,6.993408968126494e-05,0.995715724189278,0.0004211729732550074,1.1249545596539974,30
JADE,IMG-0010-00010.png,kapur,11,36.08750616155762,0.3161377663925747,0.9716783884448478,0.0016347976315749643,0.9995073033665172,3.626271314044753e-05,0.9970327703272832,0.0002183895548117773,1.250489322243569,30
JADE,IMG-0010-00010.png,kapur,12,36.66441682408232,0.48857457093283846,0.9741476072422807,0.002381145373372251,0.9995671819988257,4.840962332082083e-05,0.9973933850392036,0.00029154343870212596,1.3221274737191075,30
JADE,IMG-0010-00010.png,otsu,3,28.358944875864964,0.0,0.8472318448034492,0.0,0.9970870860995646,0.0,0.9824571877052564,0.0,0.6755865555877487,30
JADE,IMG-0010-00010.png,otsu,5,31.349326756734552,0.006669417926310878,0.94716281041334,0.0006081740857210867,0.9985371760656405,2.3080940923572405e-06,0.9911902491532999,1.390032895065323e-05,0.8211590651733179,30
JADE,IMG-0010-00010.png,otsu,7,33.89707997833075,0.03549142289941087,0.9616531573252386,0.0005741019502410414,0.9991861488085966,6.6019479969677626e-06,0.9950986403393145,3.975975207277124e-05,0.8945398207676286,30
JADE,IMG-0010-00010.png,otsu,9,35.793612327396225,0.0753050418074009,0.9720299282216316,0.0007999613303902526,0.999474321794551,9.100173233275465e-06,0.996834141206765,5.480513202163919e-05,0.9903754472654934,30
JADE,IMG-0010-00010.png,otsu,11,37.216398775272765,0.08895948192516523,0.9779589030607136,0.0006171920742106048,0.9996213859270338,7.800447794065617e-06,0.9977198242580385,4.697763001019287e-05,1.0871734209048252,30
JADE,IMG-0010-00010.png,otsu,12,37.88369221561478,0.08606387254118011,0.9808119090728176,0.0008301971631448146,0.9996754816280095,6.522784096299095e-06,0.9980456116862311,3.928299323344551e-05,1.1370801055881505,30
JADE,IMG-0010-00010.png,tsallis,3,18.82935907097575,0.0,0.2951401539376624,0.0,0.9738160247832528,0.0,0.8423089119493175,0.0,0.7242631568961466,30
JADE,IMG-0010-00010.png,tsallis,5,19.780457265803015,0.1807966635021679,0.32594672723087925,0.0035694149258882436,0.9789482486765636,0.000885051043637145,0.8732173574071443,0.005330155596934277,0.8377754498894016,30
JADE,IMG-0010-00010.png,tsallis,7,21.210491537891755,0.4709147667446799,0.36318723208268555,0.010708081077407708,0.9847791869989065,0.0017043059023319905,0.9083337597408337,0.010264058451217644,0.9483602374714489,30
JADE,IMG-0010-00010.png,tsallis,9,22.728029455749095,1.2068133848556306,0.4092668763967879,0.03791232562486206,0.9889404891940089,0.0029254073508049937,0.9333948998244708,0.017618053191742044,1.0547725513732682,30
JADE,IMG-0010-00010.png,tsallis,11,30.272630735682057,4.489380272661293,0.754185856798573,0.19779248039140504,0.9968751828884719,0.003234131901896762,0.9811810160146699,0.01947732436682595,1.1593952956919868,30
JADE,IMG-0010-00010.png,tsallis,12,35.93626922042233,1.3316614082170886,0.95736812110658,0.04784358456272199,0.9994599552713688,0.0002811599445754197,0.9967476198648619,0.0016932653353573786,1.2086307499868174,30
JADE,IMG-0011-00010.png,kapur,3,22.66577704819881,0.0,0.2723674976737563,0.0,0.9891768839166292,0.0,0.798240024538847,0.0,0.7120392944198102,30
JADE,IMG-0011-00010.png,kapur,5,30.99478964764951,0.07869265383307385,0.9326224634968584,0.0010490711212256764,0.998409885951253,2.8707215601930076e-05,0.9703577630523098,0.0005351478327299685,0.8489810985901083,30
JADE,IMG-0011-00010.png,kapur,7,34.222271289165754,0.18099249794159758,0.9577963065033632,0.001724077479619844,0.9992438099694448,3.195429794809122e-05,0.9859034236689761,0.0005956785753952163,0.983165843024229,30
JADE,IMG-0011-00010.png,kapur,9,36.24112359762391,0.19811290703244336,0.9675951116075193,0.0014292449746275233,0.9995251463049074,2.1598661685078154e-05,0.9911479772431966,0.00040263316202119996,1.117231769510545,30
JADE,IMG-0011-00010.png,kapur,11,37.62239699892749,0.39459270583919676,0.9741804949308583,0.0019023393874522576,0.9996536235221269,3.17611981510681e-05,0.993542995461042,0.0005920788902393739,1.265369544372273,30
JADE,IMG-0011-00010.png,kapur,12,38.29701567435193,0.48058766074127784,0.9769524669200511,0.0018910836855291946,0.9997031337772698,3.349933555449389e-05,0.9944659448025968,0.0006244805162744584,1.3170821972113724,30
JADE,IMG-0011-00010.png,otsu,3,29.508919838241216,0.0,0.9210940225260386,0.0,0.9977651277495252,0.0,0.9583384519817328,0.0,0.6750605917380502,30
JADE,IMG-0011-00010.png,otsu,5,33.43340141474594,0.006753445944870079,0.9539720565256801,0.00021289702205880238,0.9990943013492558,1.3564460317350089e-06,0.9831163468873697,2.5286296105914773e-05,0.7776594098191708,30
JADE,IMG-0011-00010.png,otsu,7,36.200444698681714,0.028354355340157986,0.9710653038032286,0.0005091388368252296,0.9995213296345986,3.0945300627960604e-06,0.9910768284814261,5.76869271955496e-05,0.8841212568804622,30
JADE,IMG-0011-00010.png,otsu,9,38.05830318306747,0.09019471492452048,0.9784823221185958,0.0009708502617120153,0.9996880545150636,6.519108144079707e-06,0.9941848435421758,0.00012152647066261793,0.9853835736013328,30
JADE,IMG-0011-00010.png,otsu,11,39.53348863175397,0.10031364549091785,0.9834311097236262,0.0007724762218100588,0.999778141860054,5.095848575211991e-06,0.9958642139170866,9.49946647130386e-05,1.092619559719848,30
JADE,IMG-0011-00010.png,otsu,12,40.23176553983144,0.10163943269093238,0.9855032400762936,0.0005478507788614926,0.9998112363589747,4.517857372985824e-06,0.9964811476391965,8.421999595112246e-05,1.1383848404434198,30
JADE,IMG-0011-00010.png,tsallis,3,20.547755687859794,0.0,0.2076787078719516,0.0,0.9823722334853,0.0,0.6713905947192665,0.0,0.7175045749560619,30
JADE,IMG-0011-00010.png,tsallis,5,22.660639412005374,0.5878681398293951,0.27037541177662666,0.01767849966267679,0.9890616190352688,0.001624542310136329,0.7960913051260916,0.030284034108468225,0.8239985555099945,30
JADE,IMG-0011-00010.png,tsallis,7,23.62278041015718,0.6090293179782823,0.3051579702686021,0.023005901706505284,0.9912322527935092,0.0012937994369338261,0.8365553462048585,0.024118464648872958,0.9327935166734581,30
JADE,IMG-0011-00010.png,tsallis,9,26.552242751978422,1.013381251222818,0.4376595453978117,0.05241874402991745,0.9954676406674565,0.0009775067159711155,0.9155096646223625,0.018222268846443256,1.0426159820441778,30
JADE,IMG-0011-00010.png,tsallis,11,28.656981016911,0.7265001194846137,0.5582897445641105,0.06312940466299304,0.9972418617668614,0.00044486607910572857,0.9485839477328042,0.00829300623891297,1.1571483875392006,30
JADE,IMG-0011-00010.png,tsallis,12,29.565608228860878,1.2252765616079764,0.6201152397306217,0.08987814275020554,0.9977057065444815,0.0006542957844626264,0.9572307468828404,0.012197106674328769,1.2048844971461221,30
JADE,IMG-0012-00010.png,kapur,3,26.119013507995096,0.0,0.9020146003264208,0.0,0.9951131308710107,0.0,0.9620542858869592,0.0,0.7156902111368254,30
JADE,IMG-0012-00010.png,kapur,5,30.513570199343395,0.040813447546782546,0.9487859095205134,0.00025601932413856426,0.9982235221149557,1.6669836160123477e-05,0.9862059490085068,0.00012943846469948793,0.8460347597254441,30
JADE,IMG-0012-00010.png,kapur,7,33.123413116204034,0.19285925220302927,0.9643312927610393,0.0010871784265918862,0.9990254135865905,4.328831042749458e-05,0.9924325009642028,0.00033612642543942833,0.9814091209166994,30
JADE,IMG-0012-00010.png,kapur,9,35.20146683749344,0.22010657727023802,0.9752190481040034,0.0009646825001090314,0.9993961486234757,3.097259916744423e-05,0.9953111959629874,0.00024049700581763177,1.1145228027288492,30
JADE,IMG-0012-00010.png,kapur,11,36.9291534843311,0.362098034054987,0.981735000377797,0.0013683723821171043,0.9995937592924419,3.5277442090494984e-05,0.9968456094601272,0.0002739233846604726,1.2478866777926063,30
JADE,IMG-0012-00010.png,kapur,12,37.62266555621463,0.37737791860304754,0.983926979016526,0.0013456309281364566,0.9996536620243054,3.1457679556353274e-05,0.9973107440642842,0.0002442635731785699,1.3141851235258704,30
JADE,IMG-0012-00010.png,otsu,3,28.33752546762572,0.0,0.9328582747904256,0.0,0.9970718199392736,0.0,0.9772631759674696,0.0,0.6755241458847497,30
JADE,IMG-0012-00010.png,otsu,5,31.952744845581037,0.008963956159482023,0.9602920345399292,0.00023860285430435925,0.9987270040576672,2.566199870399692e-06,0.9901154013296013,1.9926108939943477e-05,0.7755056180680792,30
JADE,IMG-0012-00010.png,otsu,7,34.31584272917491,0.05279063129505097,0.9726187876739044,0.00040893730212171643,0.9992610123765886,8.929565686590422e-06,0.994261885810548,6.933657066587418e-05,0.8754567222902552,30
JADE,IMG-0012-00010.png,otsu,9,36.113477383774274,0.05989592496207365,0.9796631842684834,0.0004592482541922913,0.9995116090250842,6.6535991146202035e-06,0.9962077264971936,5.1664074310399494e-05,0.9811284500484665,30
JADE,IMG-0012-00010.png,otsu,11,37.617202188926825,0.10287510617923305,0.9847766256295578,0.0005442137069151386,0.9996547352182618,8.1660695642647e-06,0.9973190772342521,6.340815211801373e-05,1.0972062554753697,30
JADE,IMG-0012-00010.png,otsu,12,38.26618699570661,0.10256664840901107,0.9866410547554498,0.0004412464457524434,0.9997026573861257,7.059232134666943e-06,0.9976911847807088,5.481374625952766e-05,1.1371059944853186,30
JADE,IMG-0012-00010.png,tsallis,3,21.731539589192646,0.0,0.2911459957192091,0.0,0.9865768754192956,0.0,0.8957717028226414,0.0,0.7180709082788478,30
JADE,IMG-0012-00010.png,tsallis,5,23.273214143166797,0.17100949576780305,0.3481893829937206,0.01154797754305553,0.990583682664668,0.0003703856185879369,0.9268838849224327,0.002875981824671321,0.8246982915404563,30
JADE,IMG-0012-00010.png,tsallis,7,24.81480346961704,0.289729349754583,0.4084328029182997,0.00738519099549836,0.9933878276789153,0.00044424743693405425,0.9486575977503324,0.003449506379729525,0.9376884264405817,30
JADE,IMG-0012-00010.png,tsallis,9,25.729527625253024,0.5392841402709458,0.46108929130703924,0.03311345112254654,0.9946165371242832,0.0006586348614510464,0.9581983192452764,0.005114188552594522,1.0533016166184097,30
JADE,IMG-0012-00010.png,tsallis,11,26.965908876725145,1.3056325900322114,0.5409282662138586,0.0917539282941246,0.9958114181746757,0.0011702598808562776,0.9674763689618775,0.009086870490047087,1.42042551394552,30
JADE,IMG-0012-00010.png,tsallis,12,28.021308994316982,1.287718123210029,0.597128106179745,0.08983296944012752,0.9967167139069874,0.000923743520781208,0.9745058375519552,0.00717271255442601,1.5284947973055145,30
JADE,IMG-0016-00010.png,kapur,3,24.808892077947448,0.0,0.8598605536144208,0.0,0.9933927844379116,0.0,0.9649904803095984,0.0,1.0828516028045365,30
JADE,IMG-0016-00010.png,kapur,5,28.264665231793938,0.1086385070963069,0.8989269145217236,0.00037346183116596007,0.997017963005659,7.473488370838259e-05,0.9841991407893639,0.000395996219309299,1.1591001749426748,30
JADE,IMG-0016-00010.png,kapur,7,31.818370818282162,0.16573565652088565,0.9295563697709999,0.0007665228507959566,0.9986842235478738,5.072303778679617e-05,0.9930281218803889,0.00026876513615546003,1.4676502639583002,30
JADE,IMG-0016-00010.png,kapur,9,33.86583471429048,0.22408775756299484,0.9469409902570527,0.0015309118179266503,0.9991786945193257,4.36630173244664e-05,0.995648165232797,0.0002313563482830386,1.644687465314443,30
JADE,IMG-0016-00010.png,kapur,11,35.34329484312607,0.24679004167871413,0.9576619875407244,0.002769121559476252,0.9994158014950846,3.34282618639824e-05,0.9969045191777468,0.00017712565617773778,1.544888886048769,30
JADE,IMG-0016-00010.png,kapur,12,35.93808976486447,0.43051580094780684,0.961700494198524,0.003041019364589554,0.9994889754887716,5.26353155343213e-05,0.9972922447406158,0.00027889768364490166,1.60391518479834,30
JADE,IMG-0016-00010.png,otsu,3,27.298550003587163,0.0,0.8180090143646701,0.0,0.9962757367048404,0.0,0.9802663212757474,0.0,0.6899466415789599,30
JADE,IMG-0016-00010.png,otsu,5,30.698107192631333,0.010369642111430958,0.9164212384056803,0.024288280241541765,0.998302122722952,4.127449303851967e-06,0.991003491954498,2.1870032287854772e-05,0.7994928332433725,30
JADE,IMG-0016-00010.png,otsu,7,32.96085880345841,0.03025218825745761,0.9451538197578039,0.0010835947795231787,0.9989903443159156,6.943947165453994e-06,0.9946501578130282,3.679375263829999e-05,0.9151323625119403,30
JADE,IMG-0016-00010.png,otsu,9,34.822687484432514,0.0769417004089606,0.9576035181423319,0.0016370858649258847,0.9993426029052266,1.1702283228147669e-05,0.996516663287642,6.200665185642543e-05,1.0005039944158247,30
JADE,IMG-0016-00010.png,otsu,11,36.304474048590336,0.11229281560769047,0.9665449423036999,0.0016922551649996027,0.9995327338745452,1.2135404769479602e-05,0.9975241064157746,6.430162422220666e-05,1.104083841643296,30
JADE,IMG-0016-00010.png,otsu,12,36.90399366060136,0.09519807611056154,0.9702444428555681,0.0015632700200153436,0.9995931783057661,8.908933743347972e-06,0.9978443821030321,4.720558734271058e-05,1.6190793860238046,30
JADE,IMG-0016-00010.png,tsallis,3,19.44037390286223,0.0,0.30046233462434,0.0,0.9772503235845188,0.0,0.8794567489233998,0.0,0.7783566680193569,30
JADE,IMG-0016-00010.png,tsallis,5,22.685190172952705,0.2753532304277669,0.38668428452924686,0.004560608505714257,0.9892054991600624,0.0006842368721513384,0.9428033963546968,0.003625552098819288,0.9060212972729157,30
JADE,IMG-0016-00010.png,tsallis,7,24.51473952974433,0.3702176503111361,0.4444832242832871,0.012094680165717025,0.9929054269994719,0.0006124335221520846,0.9624081292909301,0.0032450891379829506,1.0168674999382348,30
JADE,IMG-0016-00010.png,tsallis,9,25.799433852355744,0.9793921299373599,0.4972658782134547,0.041121626401459464,0.9946173094541663,0.001121055912952188,0.9714788462884442,0.005940116330355609,1.1026353820227086,30
JADE,IMG-0016-00010.png,tsallis,11,29.80859256700565,2.4528997322431927,0.6970630826752685,0.12454368911272766,0.9975793802905295,0.0013234235716794546,0.9871739112209477,0.0070123977575825246,1.2182741834549233,30
JADE,IMG-0016-00010.png,tsallis,12,32.520360707176124,1.992574966487929,0.8257318042918791,0.09547903125531122,0.998744419928313,0.0007112119803283735,0.9933470832259769,0.003768484559853762,1.3066562250023708,30
JADE,IMG-0017-00010.png,kapur,3,27.107718408368765,0.0,0.9066872903801994,0.0,0.9961080039546224,0.0,0.967847740451084,0.0,0.7937607306210945,30
JADE,IMG-0017-00010.png,kapur,5,30.64451964508843,0.07447283266274778,0.9441777225322288,0.0007385679114999925,0.9982764962949386,2.9564461704493455e-05,0.9857619232361592,0.00024423566598341705,0.9132889735512435,30
JADE,IMG-0017-00010.png,kapur,7,33.181624119806735,0.10649726746799439,0.9644715289421203,0.0018815837180996557,0.9990391284502343,2.3617370027650906e-05,0.992062121569232,0.0001951060078527195,1.0283432875449459,30
JADE,IMG-0017-00010.png,kapur,9,35.3004611868447,0.212507610673402,0.9759556224795845,0.0011453982234356733,0.9994098896383021,2.929592367081977e-05,0.995125025490622,0.00024201724015280153,1.154976172116585,30
JADE,IMG-0017-00010.png,kapur,11,36.89381003120024,0.2650934239884029,0.9830758284627599,0.0009203945735811959,0.999591072008252,2.5176109932817072e-05,0.9966217954041565,0.00020798295053616982,1.2668307111676163,30
JADE,IMG-0017-00010.png,kapur,12,37.59237811898284,0.2362938203973064,0.9851884138443049,0.0010652442198844957,0.999652014390012,1.927440015286289e-05,0.9971252479393153,0.00015922819785479036,1.3214230166204894,30
JADE,IMG-0017-00010.png,otsu,3,28.49306420517327,0.0,0.9262033622342448,0.0,0.997174941265888,0.0,0.9766618412246376,0.0,0.7324509014065067,30
JADE,IMG-0017-00010.png,otsu,5,31.884818793860724,0.008522591932079568,0.9601472697739938,0.00015281326592495582,0.9987058109108012,2.5502621862561544e-06,0.9893085442492391,2.1068030587415995e-05,0.8641500347604354,30
JADE,IMG-0017-00010.png,otsu,7,34.3757374288548,0.03496947009891605,0.973939661317689,0.00026968996589280566,0.9992708739371469,5.8223894832476695e-06,0.9939765996307783,4.809947792268834e-05,0.9286239708696181,30
JADE,IMG-0017-00010.png,otsu,9,36.206215201771364,0.0837770219935468,0.9818286336480547,0.0004128216229411251,0.9995218022736202,9.175482375810558e-06,0.9960495495794434,7.579979203299496e-05,1.146001873530137,30
JADE,IMG-0017-00010.png,otsu,11,37.64446584755441,0.09014947259885535,0.9861045865763286,0.0003553404189605547,0.9996567277483515,7.184754296162912e-06,0.9971641855741209,5.935414173916085e-05,1.2454524527924755,30
JADE,IMG-0017-00010.png,otsu,12,38.298022640063884,0.13111745209171993,0.9877821643902656,0.0004572086305027669,0.999704687682341,8.958451295194416e-06,0.9975603885063962,7.400687149785719e-05,1.5046612763932596,30
JADE,IMG-0017-00010.png,tsallis,3,20.187371645084752,0.0,0.2287302288492926,0.0,0.9808453178157744,0.0,0.841760807055373,0.0,0.7308064415818081,30
JADE,IMG-0017-00010.png,tsallis,5,21.49401002654601,0.10770867879051345,0.27048533545288567,0.0029146009256191888,0.9858187304433101,0.00035198300513633645,0.8828467824212288,0.002907775035227084,0.8296070654488479,30
JADE,IMG-0017-00010.png,tsallis,7,22.513892549882144,0.3465684434151368,0.304111131059637,0.011185099911293203,0.9887578876608448,0.0008851253213316969,0.9071275228463078,0.007312129491645946,0.9675735390279442,30
JADE,IMG-0017-00010.png,tsallis,9,23.612331024241005,0.9767421108932282,0.3472665619705712,0.04511825024710423,0.9910996907245008,0.0017719213902019882,0.9264734469010197,0.014638061234855181,1.0581741832972815,30
JADE,IMG-0017-00010.png,tsallis,11,25.83586687642714,1.6071394165762163,0.46299557806990815,0.09623089715981224,0.9944395992263936,0.002005186488554704,0.9540648431333018,0.01656509299400812,1.164115629081304,30
JADE,IMG-0017-00010.png,tsallis,12,27.555943798875965,2.0766655518497035,0.5808993782580685,0.141074158519843,0.9961053864566007,0.0017475827181190925,0.967826116976964,0.014436996461725275,1.227720952833382,30
JADE,IMG-0020-00010.png,kapur,3,23.59700498534185,0.0,0.4189823799932403,0.0,0.9912653906321702,0.0,0.9470851143061328,0.0,0.716418840115269,30
JADE,IMG-0020-00010.png,kapur,5,28.26800721582949,0.18910619003098156,0.8758140781639532,0.002729264799819025,0.997018249022279,0.00012735603511060804,0.981936340194584,0.0007715319319397185,0.8513638320068518,30
JADE,IMG-0020-00010.png,kapur,7,31.304458068423706,0.14557094574873197,0.9202197277877665,0.002149192457781751,0.9985193678974095,5.003405350975136e-05,0.9910302252609249,0.0003031098599580041,0.982731306940938,30
JADE,IMG-0020-00010.png,kapur,9,33.51743759033225,0.22168368597973895,0.9464589973867601,0.0023377312379208796,0.9991101684563035,4.5737898896105675e-05,0.9946093371278959,0.0002770834493042977,1.1159775472789382,30
JADE,IMG-0020-00010.png,kapur,11,35.132774129184796,0.32711809556523197,0.960797413231004,0.002938155405897281,0.9993860768664479,4.6667629241470526e-05,0.9962808099287894,0.00028271582195897734,1.2502762445015834,30
JADE,IMG-0020-00010.png,kapur,12,35.73964363832598,0.35445523229369946,0.9647962878629532,0.0028967279667664815,0.9994659461936916,4.387248487748716e-05,0.9967646640021167,0.00026578263831098626,1.3119846985908226,30
JADE,IMG-0020-00010.png,otsu,3,26.8976522268559,0.0,0.8024343309905827,0.0,0.9959152100124464,0.0,0.9752540513064116,0.0,0.6768264528674384,30
JADE,IMG-0020-00010.png,otsu,5,30.381374104309945,0.010158636932923008,0.8692291442238893,0.026587618852956466,0.9981728936189553,4.1861559527562845e-06,0.9889312594035865,2.5360030931136526e-05,0.7872774945261578,30
JADE,IMG-0020-00010.png,otsu,7,32.783417414542924,0.0318376091034677,0.9444819440685551,0.0006005720306919062,0.9989497400220173,7.730843398752432e-06,0.9936374502460887,4.683399995747406e-05,0.8928777070948855,30
JADE,IMG-0020-00010.png,otsu,9,34.57682537688115,0.0623910077617704,0.9596236601299997,0.0015109040838070795,0.999304669101624,9.80806710450807e-06,0.9957876358910227,5.941796912219705e-05,0.9937368318050479,30
JADE,IMG-0020-00010.png,otsu,11,36.02286254412698,0.10126326696852345,0.9688798973087064,0.0015724133209829533,0.9995017982559492,1.1637210280718159e-05,0.9969818583489228,7.049904876886075e-05,1.0896705750298377,30
JADE,IMG-0020-00010.png,otsu,12,36.65804886988405,0.10569604145549452,0.9725937163023823,0.0014052151061921803,0.9995697413815624,1.058011648869205e-05,0.9973934626433005,6.409509928273171e-05,1.1404457666523133,30
JADE,IMG-0020-00010.png,tsallis,3,16.733322506953215,0.0,0.2487842685528512,0.0,0.957569722562624,0.0,0.7429543570858457,0.0,0.7234332916326821,30
JADE,IMG-0020-00010.png,tsallis,5,22.423747694617653,0.21587836931589993,0.3972356272855299,0.005493613582839956,0.9885428416087438,0.0005710372583282215,0.9305917184021159,0.0034593843844544425,0.8310215027071536,30
JADE,IMG-0020-00010.png,tsallis,7,24.85132692231225,0.4831058001118125,0.47616979170685114,0.017735882741600654,0.9934194084651283,0.0007130693739743418,0.9601343077632933,0.004319825057617069,0.9417080626279737,30
JADE,IMG-0020-00010.png,tsallis,9,27.503841379274476,1.1224893365881778,0.5878459620225926,0.05746426128189381,0.9963353780613059,0.000921686666526252,0.9777994592738827,0.005583643475164998,1.0447238041941698,30
JADE,IMG-0020-00010.png,tsallis,11,31.261584000369496,1.8559821592249048,0.7779176680534582,0.09508459265113782,0.9983669036217755,0.0007203945567279679,0.9901065858195002,0.0043642015364923365,1.1565553153321768,30
JADE,IMG-0020-00010.png,tsallis,12,33.050271842604396,1.7180818523927064,0.8475189325667852,0.07970749190941061,0.9989235353791412,0.0005194293188739013,0.9934787006530565,0.0031467398113400316,1.389229473626862,30
JADE,IMG-0022-00010.png,kapur,3,25.27849639337541,0.0,0.8861963809247383,0.0,0.994069856442934,0.0,0.9693007740088794,0.0,0.9669561959027002,30
JADE,IMG-0022-00010.png,kapur,5,30.21256389651629,0.033119979802573786,0.934807981758151,0.0002593449321390795,0.9980963581432527,1.4604301560473596e-05,0.9901452079525447,7.560369318756311e-05,0.977946665425164,30
JADE,IMG-0022-00010.png,kapur,7,32.32590299883061,0.4881230195962671,0.9509109279446354,0.0030683507517430954,0.998823065793707,0.0001320213752396315,0.993907235326097,0.0006834495649453029,1.0023486472511043,30
JADE,IMG-0022-00010.png,kapur,9,34.13591376552997,0.2592922168110142,0.9618498037248735,0.001419630064681907,0.9992279677671461,4.66237129701472e-05,0.9960033358786782,0.00024136209979466275,1.152846015136068,30
JADE,IMG-0022-00010.png,kapur,11,35.89044598085268,0.3097316681261978,0.970900674072806,0.0020011443142073475,0.9994843650882999,3.8108058353693915e-05,0.9973306560741968,0.00019727817450378268,1.299468497155855,30
JADE,IMG-0022-00010.png,kapur,12,36.59012397579855,0.28389166613497957,0.9739768875348684,0.0015323071559026893,0.9995615170697877,2.89408839465682e-05,0.997730057217283,0.0001498214550978514,1.4299338611308485,30
JADE,IMG-0022-00010.png,otsu,3,27.6470837557985,0.0,0.8320331430670007,0.0,0.996565960698968,0.0,0.9822226312819756,0.0,0.7992845277690018,30
JADE,IMG-0022-00010.png,otsu,5,31.348952357638836,0.012843073553285277,0.9449560168315289,0.00020283970775874906,0.998536131280187,4.1214295244826224e-06,0.9924218298902187,2.1335857245339393e-05,0.9163501319941133,30
JADE,IMG-0022-00010.png,otsu,7,33.845783432816596,0.036624895222809574,0.9620558756657935,0.000534582611269565,0.9991763730120989,7.024953342421334e-06,0.9957362396389484,3.636684814804813e-05,0.9316691333272805,30
JADE,IMG-0022-00010.png,otsu,9,35.629164220449134,0.0780334915674141,0.9720373004283702,0.000975009807363017,0.999453842448176,9.759228101974767e-06,0.9971726461680304,5.0521668846296856e-05,1.211186069343239,30
JADE,IMG-0022-00010.png,otsu,11,37.01763586936489,0.10681883242636185,0.9777730994554376,0.0010582053283963338,0.999603552720537,9.828493025280049e-06,0.9979476677910608,5.088024018838904e-05,1.209758302825503,30
JADE,IMG-0022-00010.png,otsu,12,37.636882658535434,0.1047081744970874,0.9804512181864407,0.0007988315459668395,0.9996563937905113,8.369776021700518e-06,0.998221215966268,4.3328739534331135e-05,1.4184182541134456,30
JADE,IMG-0022-00010.png,tsallis,3,19.093237153595624,0.0,0.2836672266203202,0.0,0.9753600744790208,0.0,0.8724437891437511,0.0,0.7208049194033568,30
JADE,IMG-0022-00010.png,tsallis,5,20.240216387561322,0.21807803652908936,0.31607033108740773,0.005015465722932456,0.9810552427282431,0.0009503093976680587,0.9019265926303565,0.004919571116577136,0.884028949891217,30
JADE,IMG-0022-00010.png,tsallis,7,21.92203447859829,0.5904755294423413,0.36639971989037884,0.016586459307481257,0.9870409419397617,0.001739800172626031,0.9329134196845392,0.009006614791845816,1.7033591999982793,30
JADE,IMG-0022-00010.png,tsallis,9,25.23876989251423,1.4404615044715474,0.5072247080679498,0.07574884698145262,0.9937205442804209,0.001816819112029394,0.967492451340929,0.009405327201349123,1.1841174291136365,30
JADE,IMG-0022-00010.png,tsallis,11,32.08378230068978,1.9700622268086887,0.8619051045081286,0.07452914009662748,0.9986323464730806,0.0006618319552044682,0.9929199176552103,0.0034261782308386422,1.1715899276624744,30
JADE,IMG-0022-00010.png,tsallis,12,35.154652573118724,1.262567855526685,0.9403110251179065,0.040903887327600946,0.9993648768250297,0.00022388377305156558,0.9967120880476192,0.0011590037371801913,1.2494673264135296,30
JADE,IMG-0028-00010.png,kapur,3,26.61277170129681,0.0,0.8798771510869353,0.0,0.9956387103652372,0.0,0.9732952363828858,0.0,0.7238174097767721,30
JADE,IMG-0028-00010.png,kapur,5,29.990263406636664,0.030335781512966713,0.9205926919238115,0.00037982647666882447,0.9979967218779187,1.4146601702709303e-05,0.9877336583465802,8.662154685707606e-05,0.8705041041830555,30
JADE,IMG-0028-00010.png,kapur,7,32.73987015194207,0.255547265308964,0.9445547712825331,0.0013713746053705246,0.9989350318492872,6.4920654689984e-05,0.9934790566308982,0.0003975179092776033,0.9889931791229174,30
JADE,IMG-0028-00010.png,kapur,9,34.30623070668724,0.5112057739045485,0.9550136111555724,0.0034610874729178952,0.9992538150641704,9.193828057723568e-05,0.995431009175096,0.0005629504701109566,1.1464569861379763,30
JADE,IMG-0028-00010.png,kapur,11,36.08490085382652,0.35573475300379503,0.9654083221803962,0.002260466891577389,0.9995067207946836,4.2172459377631545e-05,0.9969795850130626,0.00025822764666999894,1.3566027332718174,30
JADE,IMG-0028-00010.png,kapur,12,36.57623773369098,0.5139024767477772,0.9677931149159799,0.0033043571714920263,0.9995580681129037,5.259524109915619e-05,0.9972939915556849,0.0003220477424253814,1.326962604187429,30
JADE,IMG-0028-00010.png,otsu,3,28.308973305981308,0.0,0.9112542844083461,0.0,0.9970541237632992,0.0,0.9819620031838022,0.0,0.6874841764336452,30
JADE,IMG-0028-00010.png,otsu,5,31.508569867902235,0.009525954594406366,0.9393076814693571,0.0004927461746073685,0.9985888275314694,3.0620625849654296e-06,0.9913592009815837,1.874942146949518e-05,0.7999059181194752,30
JADE,IMG-0028-00010.png,otsu,7,33.9887418340474,0.04006981504749528,0.9548525487405194,0.0005719299394267697,0.9992031292710983,7.486211751133281e-06,0.9951206532400197,4.583908246015919e-05,0.8948101082583889,30
JADE,IMG-0028-00010.png,otsu,9,35.84128913718401,0.06538776778006443,0.9674962965445745,0.0008291695447524288,0.9994800740137042,7.804217407223102e-06,0.9968164231855291,4.778627390749245e-05,0.9984936167020351,30
JADE,IMG-0028-00010.png,otsu,11,37.23670671057942,0.09922359882302817,0.9740873038956805,0.001331670868765132,0.9996231794121624,8.649471221301213e-06,0.997692676807324,5.2961876811833544e-05,1.0933449361550933,30
JADE,IMG-0028-00010.png,otsu,12,37.907800801524466,0.08030232438690714,0.9771128559270023,0.0014020093741080187,0.999677164480305,6.03047110497728e-06,0.9980232346478562,3.692538649010163e-05,1.1527570194176708,30
JADE,IMG-0028-00010.png,tsallis,3,18.92625952572576,0.0,0.2800420231167914,0.0,0.9743937770025782,0.0,0.84320964908572,0.0,0.7203323375200853,30
JADE,IMG-0028-00010.png,tsallis,5,20.29384469168034,0.2381421466640082,0.31571468012820086,0.0037200284770058144,0.981283956497569,0.0010141727437714997,0.8853991457948115,0.006209916253546974,0.8449588303842271,30
JADE,IMG-0028-00010.png,tsallis,7,22.015784901448743,0.5874304642000019,0.3678781736119472,0.016026371016266663,0.9873212147312922,0.0016470552482667098,0.9223660907878652,0.010085141036885788,1.014968719240278,30
JADE,IMG-0028-00010.png,tsallis,9,23.47105777718787,0.9887196664879763,0.41431725756033283,0.03324405140358546,0.990783368550565,0.0020880173159031007,0.9435653247513313,0.012785211146075842,1.2279094792048757,30
JADE,IMG-0028-00010.png,tsallis,11,29.711599334256107,3.1398176437385836,0.7187804161857739,0.15375220456825453,0.9972924368974938,0.0018707192873640864,0.9834212265898311,0.01145466606134999,1.2808906194676335,30
JADE,IMG-0028-00010.png,tsallis,12,34.357547915626306,2.0126820036925146,0.9027601233348167,0.07389382679929958,0.9991688348578717,0.0005719253861176247,0.9949106639305947,0.0035019761405341364,1.213028035964817,30
JADE,IMG-0040-00010.png,kapur,3,22.49914350654929,0.0,0.3136852367240642,0.0,0.9887525440315272,0.0,0.9091570172516206,0.0,0.7199277834733948,30
JADE,IMG-0040-00010.png,kapur,5,29.568209713123412,0.10343276741604394,0.9199227110383597,0.0011770143953737156,0.9977912780417104,5.257174241698086e-05,0.9821606867085956,0.00042460925411285706,0.8544076305270816,30
JADE,IMG-0040-00010.png,kapur,7,32.09133557553461,0.1520126987747157,0.9479762335026276,0.0018353239286834511,0.9987645945851646,4.402436237481106e-05,0.9900219291276418,0.0003555741318691871,0.9842179055092857,30
JADE,IMG-0040-00010.png,kapur,9,34.40401223569862,0.1469574243481997,0.966701146491733,0.0010121669123293626,0.9992749764152388,2.4775768506423435e-05,0.994144159782688,0.00020010789260366767,1.2440345264039934,30
JADE,IMG-0040-00010.png,kapur,11,36.06444655663551,0.21672407088821288,0.9760961786492163,0.001246169197574086,0.9995052729347663,2.5121988659953122e-05,0.9960042090959809,0.00020290422908406368,1.370113617934597,30
JADE,IMG-0040-00010.png,kapur,12,36.71484677090553,0.2663697119740087,0.9792098749327498,0.0012216162891636362,0.9995740090721539,2.7298290917485955e-05,0.9965593742604757,0.00022048169628982708,1.3624904751622429,30
JADE,IMG-0040-00010.png,otsu,3,27.058670778287365,0.0,0.8118650550029927,0.0,0.9960654602140392,0.0,0.9682216733365524,0.0,0.683181923519199,30
JADE,IMG-0040-00010.png,otsu,5,30.91808114938414,0.00919540416438729,0.9403062223822931,0.00030142250742493765,0.9983838978117721,3.234841034569676e-06,0.9869471333236306,2.6127029002858623e-05,0.7779592180779825,30
JADE,IMG-0040-00010.png,otsu,7,33.36795223303344,0.04638550742034799,0.9623575381912681,0.00044124839177230924,0.9990808240178467,9.672322872039912e-06,0.992576037805924,7.81210135216503e-05,0.8851600347164398,30
JADE,IMG-0040-00010.png,otsu,9,35.21296757183143,0.07052034918922938,0.973907940341292,0.0004806862435878277,0.9993990457322699,9.816030278429245e-06,0.9951462376621879,7.928170350169573e-05,0.9949888319165135,30
JADE,IMG-0040-00010.png,otsu,11,36.69307656801386,0.0949304772167435,0.9802073974636315,0.0006449422856890632,0.9995728256090076,9.260724548196447e-06,0.9965498157147493,7.479663336563714e-05,1.1061628847460574,30
JADE,IMG-0040-00010.png,otsu,12,37.33126645987242,0.1031396938697113,0.9826923453290312,0.0006069939027576843,0.9996311870742928,8.775853829741501e-06,0.9970211871607838,7.088044979157345e-05,1.1385136653203518,30
JADE,IMG-0040-00010.png,tsallis,3,20.617708724579792,0.0,0.258170847977848,0.0,0.9826533267435248,0.0,0.8598951137219945,0.0,0.9595326652905594,30
JADE,IMG-0040-00010.png,tsallis,5,22.293121138186635,0.07538613584217888,0.3165276980116726,0.0012051539234136936,0.9882048752517748,0.00020028627119609093,0.9047336289182639,0.0016176637925946651,1.0284965611373384,30
JADE,IMG-0040-00010.png,tsallis,7,24.112555364794225,0.4955629947425802,0.38052263894540184,0.018545594233599232,0.9921956429721946,0.0008915088705150841,0.9369660950150502,0.007200501621988321,0.9890920999692753,30
JADE,IMG-0040-00010.png,tsallis,9,25.63082607069272,0.6317280480954724,0.43688617613248026,0.026169885466202393,0.9944761131602414,0.0008225418375117287,0.9553849014128364,0.00664347156942434,1.1091794539786255,30
JADE,IMG-0040-00010.png,tsallis,11,27.26692791231561,1.2696161855667731,0.5214913811494408,0.08236916408299713,0.9961027979439209,0.001038572164723556,0.9685232411542903,0.008388296296281732,1.1932764609654745,30
JADE,IMG-0040-00010.png,tsallis,12,28.38993998990718,1.505008743815661,0.578946973931553,0.09231229496706263,0.9969396185427253,0.0010009677091900961,0.9752820388267386,0.008084574199936776,1.2183690833083043,30
JADE,IMG-0052-00010.png,kapur,3,15.79129737735202,0.0,0.2801629164577693,0.0,0.9472893629470068,0.0,0.6433509017497596,0.0,0.7764563820169618,30
JADE,IMG-0052-00010.png,kapur,5,27.00892518541654,0.08347284779964188,0.8589810015568283,0.002745252539472485,0.9960181200211958,7.69882167531971e-05,0.9730579256260278,0.0005209153145563922,0.8700734457932413,30
JADE,IMG-0052-00010.png,kapur,7,31.119777135618,0.14374759471500648,0.9155719594317481,0.001453776970911216,0.9984548840091675,5.1704942614277396e-05,0.9895454834994993,0.0003498443993365944,1.010470729127216,30
JADE,IMG-0052-00010.png,kapur,9,32.77086421946197,0.3412991678050003,0.9310917406377258,0.0029244553005366115,0.9989415130529538,8.205515080724209e-05,0.9928380980333414,0.0005551990485859276,1.2778716833563522,30
JADE,IMG-0052-00010.png,kapur,11,34.63246943469422,0.29599984890162995,0.9472309092792809,0.002861747052844531,0.9993114193841172,4.784321611817088e-05,0.9953409469234775,0.00032371530377816265,1.2804175180615858,30
JADE,IMG-0052-00010.png,kapur,12,35.243977077836185,0.37483842306200194,0.9519827668985639,0.0030901072747701653,0.9994013232640886,5.2966481336043425e-05,0.9959492518029793,0.00035838018400347586,1.3376118929513419,30
JADE,IMG-0052-00010.png,otsu,3,26.405897525431428,0.0,0.8052586723415845,0.0,0.9954262543183462,0.0,0.9690532620323328,0.0,0.6749551541482409,30
JADE,IMG-0052-00010.png,otsu,5,29.876032969360143,0.007917294107017416,0.8570079255196732,0.01651761993858966,0.997946479551968,4.0526038685224465e-06,0.9861055328302568,2.7420604191061824e-05,0.7806436193796495,30
JADE,IMG-0052-00010.png,otsu,7,32.26406043511635,0.0387053694586031,0.9294161877294503,0.0007100655330065995,0.9988152336648676,1.0382513934844885e-05,0.9919836703047734,7.024984783818698e-05,0.8981795750325545,30
JADE,IMG-0052-00010.png,otsu,9,34.08783556678464,0.08038129163512447,0.9451271259204677,0.0013471027743300525,0.9992215167156397,1.4730755350833125e-05,0.994732650241149,9.967078574921889e-05,1.1191527042693148,30
JADE,IMG-0052-00010.png,otsu,11,35.56687172108182,0.1151255292880887,0.9569731711452504,0.0014354292460287254,0.9994463036203025,1.4682882373054664e-05,0.996253596511744,9.934686907310852e-05,1.3334552444672834,30
JADE,IMG-0052-00010.png,otsu,12,36.17306331706371,0.10952506245290447,0.9610498878119681,0.0014943906907476648,0.9995187807156879,1.218891225771073e-05,0.9967439888150472,8.2472244852584e-05,1.4832547638642912,30
JADE,IMG-0052-00010.png,tsallis,3,15.792897761572393,0.0,0.2800429579914986,0.0,0.9473099325416576,0.0,0.6434900791111745,0.0,0.7469583221012727,30
JADE,IMG-0052-00010.png,tsallis,5,21.751102239103112,0.178968841281338,0.43694860531132745,0.003837939427818229,0.9866282501114025,0.0005525163063548098,0.9095244753919126,0.0037384189121425766,0.9328844347425426,30
JADE,IMG-0052-00010.png,tsallis,7,22.97680471078956,0.5296331482383945,0.4722525019860518,0.008038379000339645,0.9898539492679296,0.001205939823411185,0.9313501022430039,0.008159593103214575,0.9629337387935569,30
JADE,IMG-0052-00010.png,tsallis,9,24.58443603435038,0.7023924934584939,0.5144901076603708,0.01667121819878067,0.9929573577043969,0.0010942074576681105,0.952348289368982,0.007403592991746282,1.0979409680236132,30
JADE,IMG-0052-00010.png,tsallis,11,27.10105807140083,1.467844886614509,0.5935986855266934,0.055359853824244354,0.9958917350470818,0.0013423818978027392,0.9722027834845126,0.009082783288645875,1.2917810791560138,30
JADE,IMG-0052-00010.png,tsallis,12,29.271469485851934,2.26560236350267,0.6858893163139965,0.10080031799797125,0.9973289000063738,0.0012839222465139204,0.9819268850212295,0.00868723538632729,1.2756530263228343,30
JADE,IMG-0058-00010.png,kapur,3,27.40758209910106,0.0031141603631150926,0.92034264895741,0.0001023753234332835,0.996367234929071,2.4878613578958316e-06,0.9736206921978408,1.8065594457026187e-05,0.7312182985013351,30
JADE,IMG-0058-00010.png,kapur,5,30.6783860987788,0.026613390370131922,0.9463697391108874,0.00012450180006298185,0.9982902096179208,1.0518601865470712e-05,0.9875843645582891,7.638078181204412e-05,0.8634489889877538,30
JADE,IMG-0058-00010.png,kapur,7,33.86132581330665,0.14196974542578172,0.9627759148143716,0.000771529138457699,0.9991782259162043,2.677191159874349e-05,0.9940326910557032,0.00019440411992674,0.9861549152527005,30
JADE,IMG-0058-00010.png,kapur,9,35.920010566026114,0.26705976830937095,0.9722342109010333,0.0010561252071090985,0.9994880032936155,3.1804116972750214e-05,0.9962821381378362,0.00023094545741863916,1.134526486011843,30
JADE,IMG-0058-00010.png,kapur,11,37.311339371274215,0.31399905176756426,0.9772966479617408,0.0014555358268582045,0.9996283577129628,2.6890121141060496e-05,0.9973013211450128,0.00019526249800575063,1.2649143847326438,30
JADE,IMG-0058-00010.png,kapur,12,37.84497710794576,0.3592319530477929,0.9791478199635499,0.001506399352779531,0.9996711505901451,2.7218873149073452e-05,0.9976120614370193,0.00019764972928553638,1.3377510915976019,30
JADE,IMG-0058-00010.png,otsu,3,29.45506353617184,0.0,0.938661970559682,0.0,0.9977353627163588,0.0,0.9835553461897444,0.0,0.7603047569359963,30
JADE,IMG-0058-00010.png,otsu,5,32.70861348926481,0.007673634138856958,0.9579630058608938,0.0004742161851053924,0.9989300465614627,1.890819360260706e-06,0.9922305377479486,1.3730176581347662e-05,1.0376551569129029,30
JADE,IMG-0058-00010.png,otsu,7,35.07609540992756,0.03564204574843014,0.9696294855104634,0.00047832630673456684,0.9993799374922308,5.0731220847267964e-06,0.9954974187899134,3.683845400932518e-05,1.180203308413426,30
JADE,IMG-0058-00010.png,otsu,9,36.88751613628831,0.0749604812087878,0.977974604340374,0.0007351141819360716,0.9995915026676034,7.06396205782024e-06,0.9970336983930269,5.1294929836501755e-05,1.4217208848024407,30
JADE,IMG-0058-00010.png,otsu,11,38.392152412849036,0.07621825503235483,0.9828652161741708,0.0006984650951988877,0.999711179201849,5.098474116186201e-06,0.9979027290272474,3.702254767566927e-05,1.106701716586637,30
JADE,IMG-0058-00010.png,otsu,12,39.01157384497745,0.08726157416970605,0.984718218330677,0.0008052562031773382,0.9997496647755283,5.051654046305882e-06,0.9981821918535533,3.6682563941372725e-05,1.1541378111500913,30
JADE,IMG-0058-00010.png,tsallis,3,21.27380981247737,0.0,0.2828336293761156,0.0,0.9850844430409044,0.0,0.8916907478511967,0.0,0.7348552306260293,30
JADE,IMG-0058-00010.png,tsallis,5,23.246274985219852,0.12472451499115451,0.35104607497829554,0.0009322944296596056,0.9905269010831063,0.00027546624389526903,0.9312111333130801,0.0020002969349624056,0.8375222542788834,30
JADE,IMG-0058-00010.png,tsallis,7,24.129268985011365,0.40989425932623186,0.3952451348078729,0.01859916754628725,0.9922410382596253,0.0007248112652330692,0.9436583329837582,0.005263213857967658,0.9471381653410693,30
JADE,IMG-0058-00010.png,tsallis,9,25.749269425051374,0.8383564252207701,0.49868260974490636,0.06626042498671748,0.9945873650494819,0.0009872683162549004,0.9606961747889946,0.0071690445953188795,1.0520355124104148,30
JADE,IMG-0058-00010.png,tsallis,11,29.83020613076236,3.14499938736171,0.7228287868774955,0.1385952535432712,0.9974880623046231,0.0012842734876094737,0.9817595753228142,0.009325746358582474,1.163160561180363,30
JADE,IMG-0058-00010.png,tsallis,12,37.153761259042724,2.5788231844231166,0.9566986108995301,0.08934229471969503,0.999472795710318,0.0007575325209833792,0.9961717083376982,0.005500819114640823,1.2121732929333424,30
JADE,IMG-0082-00010.png,kapur,3,25.97225808566026,0.0,0.8914634209842401,0.0,0.9949454339215824,0.0,0.972182256942526,0.0,0.7176527318156635,30
JADE,IMG-0082-00010.png,kapur,5,28.916392417577626,0.07129809275620667,0.9256478464267416,0.000297502039900627,0.9974335961848022,4.1762646637067206e-05,0.9858758277554762,0.00022984021882925673,0.8500916555291042,30
JADE,IMG-0082-00010.png,kapur,7,32.94658194503267,0.08612377676488728,0.9554444284234415,0.0006456276284952131,0.9989859640842718,2.0144615501229335e-05,0.9944192656467141,0.00011086564688462997,0.9817079803828771,30
JADE,IMG-0082-00010.png,kapur,9,34.75416117242674,0.2970910528837522,0.9654043075233999,0.0019823795646244655,0.999330017127863,4.655367977822155e-05,0.9963127573958138,0.00025620761156557124,1.1250819180704033,30
JADE,IMG-0082-00010.png,kapur,11,36.39162872228817,0.30113444659595257,0.9739272378578626,0.0018670540729209366,0.9995406783676238,3.250760392546789e-05,0.9974721289717162,0.00017890520360853756,1.2524793154016758,30
JADE,IMG-0082-00010.png,kapur,12,37.14327709923372,0.3246428491799021,0.9771527126455071,0.0018479293260891387,0.9996136904901589,2.933807639209885e-05,0.9978739503018262,0.00016146174730240006,1.3200001041094462,30
JADE,IMG-0082-00010.png,otsu,3,28.343801561344062,0.0,0.9189647089745157,0.0,0.9970748413292096,0.0,0.9839014247624858,0.0,0.6794387833525737,30
JADE,IMG-0082-00010.png,otsu,5,32.04026090651248,0.008045142924792206,0.9520061352439426,0.00019453188243633083,0.998751275147898,2.421467781578328e-06,0.9931276579341636,1.3326518542615704e-05,0.7756527694330241,30
JADE,IMG-0082-00010.png,otsu,7,34.33722219200863,0.02754501685394526,0.9665425566963848,0.0004821831793379353,0.9992646191835781,4.7529939903205466e-06,0.9959528406032784,2.6158044731248452e-05,0.8781661125365645,30
JADE,IMG-0082-00010.png,otsu,9,36.06242634630402,0.08097398378023325,0.9747237104011203,0.0010861312200954145,0.9995057721033368,9.233413055716532e-06,0.9972800227699236,5.0815976671894266e-05,0.9839208097274725,30
JADE,IMG-0082-00010.png,otsu,11,37.44394088078421,0.061560003458132374,0.9799807150058031,0.0009644697440001204,0.9996407586758558,5.085594295472485e-06,0.998022919733241,2.798850647336278e-05,1.0848465068653848,30
JADE,IMG-0082-00010.png,otsu,12,38.087318349345246,0.09466078601976925,0.9823896367487909,0.0007761161104612886,0.9996901075108834,6.721847740090929e-06,0.9982945104477917,3.699360744395438e-05,1.136094001478826,30
JADE,IMG-0082-00010.png,tsallis,3,19.15449754867,0.0,0.2647683730980214,0.0,0.975702680638886,0.0,0.8662799978303027,0.0,0.7232221292331815,30
JADE,IMG-0082-00010.png,tsallis,5,21.431448519131127,0.15554127920953897,0.3341852127538317,0.0054982395005272276,0.9856097231781419,0.0005198773604334424,0.92080328618798,0.002861138742588752,0.8325484347995371,30
JADE,IMG-0082-00010.png,tsallis,7,23.335005779332057,0.4371097723902706,0.4022523255018851,0.019106066111674258,0.9906763341737123,0.0009685639266865313,0.9486873183007977,0.005330479813558941,0.9445528512587771,30
JADE,IMG-0082-00010.png,tsallis,9,24.78807362024011,0.6498500671028193,0.47118114146591966,0.03269790427487004,0.9932895759421714,0.0010070780780128423,0.9630692626525496,0.005542441977877326,1.0479587957961485,30
JADE,IMG-0082-00010.png,tsallis,11,26.840355375768375,1.3059607309056778,0.5977715128138557,0.08842607075977907,0.995680197538186,0.0012845118981485977,0.9762260195875392,0.007069295639350497,1.156240347175238,30
JADE,IMG-0082-00010.png,tsallis,12,28.52553513758916,2.155220647390842,0.68655701676725,0.13340669235102653,0.9968507649587953,0.001547415639606193,0.9826682231778731,0.008516183189192577,1.2058719457049543,30
LADE,IMG-0003-00010.png,kapur,3,19.310039634614444,0.3558343841733276,0.2539508729273756,0.007453453485381651,0.976484721771714,0.001827252188340491,0.7936871311672353,0.016031519482682735,0.33991714446650195,30
LADE,IMG-0003-00010.png,kapur,5,28.61468054851331,0.2456421139048412,0.8916349470023153,0.003570984379130434,0.997245104150619,0.0001579279923924726,0.9758297367139976,0.0013855918209083797,0.4216487235855311,30
LADE,IMG-0003-00010.png,kapur,7,31.645072971692688,0.38372726276188995,0.9331247802111483,0.003928531840750115,0.9986265782846018,0.00012097895433404203,0.9879501925739411,0.0010614169602727842,0.49319427078589795,30
LADE,IMG-0003-00010.png,kapur,9,33.264287273246474,0.6587735800238138,0.9514980342439973,0.005297977058292788,0.999047091651169,0.00014871739753901135,0.9916395947658599,0.0013047820499398962,0.576941204094328,30
LADE,IMG-0003-00010.png,kapur,11,34.754900615626404,0.7390574791935314,0.9632333818507216,0.004792974329113464,0.9993220974183827,0.00012292778757313155,0.9940523762872452,0.0010785151792494683,0.6492542181707298,30
LADE,IMG-0003-00010.png,kapur,12,35.23940154264677,0.7941585869153017,0.9669007480144801,0.00549923733970676,0.999392616547268,0.00011588206957749558,0.9946710805886209,0.001016699100419468,0.6874349570212265,30
LADE,IMG-0003-00010.png,otsu,3,27.263617638231757,0.0004860158935910988,0.8128083210322934,0.00023780422113353877,0.9962476330745224,4.829373608375345e-07,0.967078357406919,4.237083287359423e-06,0.316492123544837,30
LADE,IMG-0003-00010.png,otsu,5,30.739499978505062,0.05393762664574354,0.9177017089402673,0.02671871600567213,0.9983167417222611,2.104144746910299e-05,0.9852318207381842,0.00018460854894430113,0.37630498888902364,30
LADE,IMG-0003-00010.png,otsu,7,32.869242322250095,0.11811596189897229,0.951780009832801,0.0017255987096874209,0.9989690498862994,2.825129825932384e-05,0.9909548901137311,0.0002478646578427476,0.43752648891725887,30
LADE,IMG-0003-00010.png,otsu,9,34.61053854342233,0.1838718386058537,0.9614844769714039,0.013618663072822437,0.9993095313411582,2.8796270147313235e-05,0.9939421269669091,0.0002526460052097113,0.5004675403314953,30
LADE,IMG-0003-00010.png,otsu,11,35.83470165706616,0.20713835848057405,0.970831265010337,0.0018643942861371681,0.9994791053361382,2.4834347074550228e-05,0.9954298957716883,0.00021788580772033063,0.5600273473886773,30
LADE,IMG-0003-00010.png,otsu,12,36.409503184399306,0.3133095013023307,0.97470105238459,0.0019462833205506189,0.9995429442187069,3.1282670060372676e-05,0.9959946481690326,0.00027320269365356455,0.5885406457741434,30
LADE,IMG-0003-00010.png,tsallis,3,16.696204102823803,3.7087907071746774e-05,0.19444560546986647,1.83674183188693e-05,0.9572061137449511,3.6966564811773037e-07,0.6245449721635858,3.2432863275372992e-06,0.342507526356106,30
LADE,IMG-0003-00010.png,tsallis,5,21.135890790004844,0.5955273879562418,0.31671229241728743,0.014023214335134376,0.984465326461557,0.002120765047714205,0.8637055010371353,0.018606674216929287,0.4047949875549723,30
LADE,IMG-0003-00010.png,tsallis,7,23.67005817421657,1.0987086462799605,0.3963438930850391,0.03638631569259336,0.9911363546115819,0.002342078760019122,0.9222342134059393,0.020548384897721286,0.4672496777726337,30
LADE,IMG-0003-00010.png,tsallis,9,26.048719520465514,2.19462051055106,0.4996117659198782,0.10053672020926063,0.9944039118176338,0.002785769059060701,0.9509023454480625,0.0244411314593344,0.5303753832976024,30
LADE,IMG-0003-00010.png,tsallis,11,29.53476447929768,3.2565014840875564,0.6848996448469904,0.1722726731735914,0.9971131028375126,0.0021813210693971837,0.9746716143506441,0.019137966529834773,0.5937219318545733,30
LADE,IMG-0003-00010.png,tsallis,12,30.4527191707576,3.864268908170448,0.7245011267449613,0.19183621581666824,0.9973081224360855,0.0027675454676000877,0.9763826318631555,0.024281245558850303,0.6282780847745016,30
LADE,IMG-0004-00010.png,kapur,3,19.91025923196018,0.04837720066219792,0.28193136315709105,0.001168122309371552,0.9795851120577549,0.00023450566210776454,0.847070381917532,0.0017567013566655288,0.33950059034395963,30
LADE,IMG-0004-00010.png,kapur,5,29.372022649125995,0.15688876530250317,0.9042795252139723,0.00454720398536025,0.9976883742906886,8.17526303088827e-05,0.9826834201649923,0.0006124157313891931,0.4168605860322714,30
LADE,IMG-0004-00010.png,kapur,7,31.769663224294522,0.30794763043764095,0.9389102474427258,0.004714809227286346,0.9986670513815291,9.898773267639852e-05,0.990014771390222,0.0007415253121093158,0.49368420691074183,30
LADE,IMG-0004-00010.png,kapur,9,33.548290995494945,0.34468358130573307,0.9561247059507721,0.004782307838345869,0.9991147951358588,7.074435944988514e-05,0.9933688569743402,0.0005299518617376877,0.5726782388674716,30
LADE,IMG-0004-00010.png,kapur,11,34.927974358900606,0.511677773474307,0.9675824186626691,0.004917084303915419,0.999353315638412,8.36880530803881e-05,0.9951556338336344,0.0006269141438272558,0.6476428499057268,30
LADE,IMG-0004-00010.png,kapur,12,35.22108337266532,0.5104348894935847,0.9695607845526731,0.00450002028680786,0.9993959289788876,7.451811912968774e-05,0.995474853900019,0.0005582214083645506,0.6858551221899688,30
LADE,IMG-0004-00010.png,otsu,3,26.913063385691558,0.0008191144284513753,0.8109108065217426,0.00021415946040926655,0.9959296124086082,7.601201015753567e-07,0.9695083890952431,5.69412269938023e-06,0.32190881798354287,30
LADE,IMG-0004-00010.png,otsu,5,30.387682366439172,0.04531396313264089,0.8917020490208173,0.03601941873863912,0.9981749262453956,1.9241766548928788e-05,0.9863282211955507,0.00014414166846704428,0.38015215692576015,30
LADE,IMG-0004-00010.png,otsu,7,32.64166825505286,0.10534377875722971,0.9480350609664199,0.0185957543560712,0.99891374682315,2.6479412913220453e-05,0.9918627873958212,0.00019835947742236496,0.4403875777808329,30
LADE,IMG-0004-00010.png,otsu,9,34.23927480399471,0.21842569758974248,0.9643560118516369,0.003106271194899522,0.9992475059068745,3.820351323324219e-05,0.9943630043624748,0.0002861856849129011,0.4984047737127791,30
LADE,IMG-0004-00010.png,otsu,11,35.63043584781542,0.22838564896751512,0.9724054294326668,0.002051075265516308,0.9994536064818103,2.893119777239875e-05,0.9959069208561966,0.00021672600106929608,0.5585949111186589,30
LADE,IMG-0004-00010.png,otsu,12,36.03461654853623,0.21561163346092627,0.9745062268322136,0.0016451478741045004,0.9995023973204632,2.4256961524464642e-05,0.9962732408834458,0.00018013553901184866,0.5887634167214856,30
LADE,IMG-0004-00010.png,tsallis,3,19.028128759616358,0.00047604881538576246,0.2614806541681571,2.118147775663048e-05,0.9749848533704243,2.6702428019313614e-06,0.8126094627038533,2.0003010207024748e-05,0.3420962181252738,30
LADE,IMG-0004-00010.png,tsallis,5,20.190661891956346,0.36563876198121287,0.30113321635084733,0.008087503644434231,0.9807971098066671,0.0015937473701726158,0.8561495575359497,0.011938893680433897,0.4044447736581787,30
LADE,IMG-0004-00010.png,tsallis,7,21.56591828445643,1.0332100841999265,0.3382841785297329,0.024679769432605428,0.9856824880396053,0.003286332173020584,0.8927463309037624,0.024618186763208674,0.4672522124135866,30
LADE,IMG-0004-00010.png,tsallis,9,25.15426069047568,2.57455144653062,0.47072612175942025,0.12469035077269085,0.9929423166543268,0.0035009544529415134,0.9471303089365816,0.026225940055470257,0.5293763665948064,30
LADE,IMG-0004-00010.png,tsallis,11,31.592094793519838,2.9647947616018016,0.795390397374027,0.15092151112702099,0.998136336317476,0.002179940363839612,0.9860391408461867,0.016330113994634327,0.5927784499867509,30
LADE,IMG-0004-00010.png,tsallis,12,33.324319908460474,1.7737658841510664,0.877944459259915,0.08198058666668973,0.9989930204191698,0.0004291950471454825,0.9924566324758255,0.0032151356808097172,0.6275207388447598,30
LADE,IMG-0006-00010.png,kapur,3,25.254283064452395,0.0,0.866400465583049,0.0,0.9940375454709705,0.0,0.9701956232531533,0.0,0.3428569027300303,30
LADE,IMG-0006-00010.png,kapur,5,29.752007097247045,0.1975152089270634,0.9068615430480775,0.0016080924334104262,0.9978814173918876,9.591205470014615e-05,0.9894098925343457,0.0004794332600660206,0.42078004010642567,30
LADE,IMG-0006-00010.png,kapur,7,32.107250979390656,0.6816098883797077,0.9278330653408842,0.0046284761407073645,0.9987554501318426,0.00019214292826662263,0.9937788987789834,0.0009604601922612836,0.49735912928978604,30
LADE,IMG-0006-00010.png,kapur,9,33.45448180698314,0.7739704793168031,0.9379958818509008,0.00586981672424489,0.9990839427834974,0.00017316225500651263,0.9954209270243682,0.0008655819614927398,0.5717225306046506,30
LADE,IMG-0006-00010.png,kapur,11,34.91422230987702,0.7912285228032729,0.9499559754854826,0.005958067248592607,0.9993451182211328,0.00012729700459222,0.9967264583458084,0.0006363164473859137,0.6503521624254063,30
LADE,IMG-0006-00010.png,kapur,12,35.3977673833031,0.6344187188896535,0.9531995616596112,0.005148489527413254,0.9994180129856036,8.587421941206977e-05,0.9970908356358289,0.0004292573764275613,0.6874419431279724,30
LADE,IMG-0006-00010.png,otsu,3,27.882206965442084,0.00044672760296628845,0.8201099193894383,0.00033138622522126837,0.9967477906012884,2.3450707178697168e-07,0.9837432598090416,1.172224808216675e-06,0.31652812370254346,30
LADE,IMG-0006-00010.png,otsu,5,31.333675116563743,0.08411909319511619,0.913804744187363,0.020890490711801327,0.9985324371003903,2.867412855487632e-05,0.9926641289511384,0.00014333267049276374,0.37648861798613015,30
LADE,IMG-0006-00010.png,otsu,7,33.30953114327471,0.12740187689102014,0.9385507248434389,0.002866917101774612,0.9990686963091175,2.772860810386628e-05,0.9953447148429143,0.0001386063203617066,0.43614121528808025,30
LADE,IMG-0006-00010.png,otsu,9,34.86754636774417,0.1814650592193014,0.9518089373702233,0.003317645441378677,0.9993489008997243,2.7039390853837115e-05,0.9967453667294784,0.00013516114682140927,0.4972537499309207,30
LADE,IMG-0006-00010.png,otsu,11,36.12596927901616,0.2325063693206032,0.9594107629020185,0.003513239496808761,0.9995125767176958,2.5849563587102723e-05,0.997563529068398,0.00012921358613975268,0.5603647777965913,30
LADE,IMG-0006-00010.png,otsu,12,36.61613092420001,0.1923159683981297,0.963489449826483,0.0025990263236526836,0.9995648173130295,1.9261816871744388e-05,0.9978265526903374,9.30980606122366e-05,0.5907747291882212,30
LADE,IMG-0006-00010.png,tsallis,3,20.182861413453857,0.07747058338262953,0.334615126428244,0.0018451407579095282,0.9808227023711582,0.0003532905537343874,0.904138907771355,0.0017659849166711985,0.34594279728674643,30
LADE,IMG-0006-00010.png,tsallis,5,21.64276379526867,0.5634107938000861,0.3758714241591774,0.012955991892396452,0.9861892107852489,0.001796358846559891,0.9309643431369329,0.008979415369078723,0.41148844157966474,30
LADE,IMG-0006-00010.png,tsallis,7,25.203096221504445,1.4466239789819715,0.5128732012708,0.06333696616793942,0.99361518054631,0.002359461653318542,0.9680843579549543,0.011794183702846248,0.47303730140750605,30
LADE,IMG-0006-00010.png,tsallis,9,29.903168489318862,3.1538079378693062,0.7363161708716216,0.14298724496866208,0.9973995126701803,0.0018156673651185083,0.9870010070976659,0.009075932392184327,0.5351637402704607,30
LADE,IMG-0006-00010.png,tsallis,11,33.997455273301206,1.8061935634838675,0.9122940543519419,0.07106017899441927,0.9991131663371449,0.0005782231645299066,0.9955670060927374,0.0028903500991911274,0.5951697540935129,30
LADE,IMG-0006-00010.png,tsallis,12,35.20220465423707,0.8037713196768906,0.93908599520897,0.028603948824403088,0.9993883113591274,0.00013184341557138292,0.9969423668364148,0.0006590424816069632,0.6305715222998212,30
LADE,IMG-0010-00010.png,kapur,3,26.44220101025764,0.0,0.8992000553654897,0.0,0.9954627814391611,0.0,0.97267493092016,0.0,0.3397529875161126,30
LADE,IMG-0010-00010.png,kapur,5,29.77477600575263,0.09550324457638144,0.9316745283625659,0.0012022291888117997,0.9978940604408832,4.6359231605136126e-05,0.9873171320360219,0.0002791951035885607,0.4176431208693733,30
LADE,IMG-0010-00010.png,kapur,7,32.24897802567852,0.5558931682850514,0.9508860640726083,0.0036264903971842976,0.998799717555921,0.00015941241151102098,0.9927713862005992,0.0009600496644175806,0.49422224714265517,30
LADE,IMG-0010-00010.png,kapur,9,33.91412200568606,0.5509640916172145,0.9616768390705104,0.0027104931907890807,0.9991823667443339,0.00010864037152204145,0.9950758631321216,0.0006542787429992978,0.5714299125674491,30
LADE,IMG-0010-00010.png,kapur,11,35.38785468460021,0.5872574696137789,0.9696073150172692,0.0028625629589653155,0.9994172253427839,8.605500763811036e-05,0.9964902819749846,0.0005182600302028386,0.6486321957704301,30
LADE,IMG-0010-00010.png,kapur,12,35.78881259015534,0.6565451477605263,0.9714732160516254,0.0031827365750298187,0.9994676232775886,8.18368805375457e-05,0.996793799875116,0.0004928566662554312,0.6864030250813812,30
LADE,IMG-0010-00010.png,otsu,3,28.358807357850804,0.0004503011602802501,0.8521785156828376,0.018889068485298414,0.997087004398908,2.708946345141348e-07,0.9824566956689881,1.6314432513907654e-06,0.32539665974521387,30
LADE,IMG-0010-00010.png,otsu,5,31.270108164592884,0.029860522830807104,0.9438871596456646,0.01378591651851824,0.9985100459780477,9.792830436361777e-06,0.9910268601722143,5.897660969450465e-05,0.3818656861161192,30
LADE,IMG-0010-00010.png,otsu,7,33.50100732180202,0.1349650276689329,0.9600899833803109,0.0013168007324866567,0.9991082348668603,2.7391685377926527e-05,0.9946294092869249,0.0001649644347367661,0.43923762639363606,30
LADE,IMG-0010-00010.png,otsu,9,35.10317551353899,0.15321328034693346,0.9686692678762404,0.0015438473484393296,0.9993832949867922,2.1742935564651513e-05,0.9962859388716183,0.0001309452494598312,0.49895645974514385,30
LADE,IMG-0010-00010.png,otsu,11,36.369340734290404,0.2454771329924075,0.9747613828262459,0.0014370644451441746,0.9995391259697163,2.6208320275536676e-05,0.9972255693704029,0.00015541615263742155,0.5590909472045799,30
LADE,IMG-0010-00010.png,otsu,12,36.910192971904024,0.16538376716687084,0.9771634375740634,0.0009311433349994525,0.9995933980471351,1.5290906848504514e-05,0.997551269285124,9.208837536180478e-05,0.5882160777303701,30
LADE,IMG-0010-00010.png,tsallis,3,18.822514921872955,0.021620533251313367,0.2950372670949246,0.00040594259196410475,0.9737741702060472,0.0001320796922159754,0.8420568457995131,0.0007954403486302591,0.41917433481818683,30
LADE,IMG-0010-00010.png,tsallis,5,19.757898506340414,0.42397498698490166,0.3257701214838245,0.008547825321050959,0.9787575864224834,0.002093421707209269,0.8720691078366632,0.01260748011049168,0.8558965485853454,30
LADE,IMG-0010-00010.png,tsallis,7,21.865873857125006,1.367779692608395,0.3822592563956576,0.03756775149149573,0.9863915803522256,0.003915203223509248,0.9180442815445649,0.023579026910315458,0.7653121624840423,30
LADE,IMG-0010-00010.png,tsallis,9,24.256283404469574,3.5735997472435352,0.49029306275956197,0.16317559681866134,0.9903734214069686,0.005756796227618245,0.942024629951162,0.03466988695584161,0.5599838319622601,30
LADE,IMG-0010-00010.png,tsallis,11,33.10914736004541,3.2006368435641868,0.8761250564401453,0.13524375780113967,0.9986418113213555,0.001471907243665799,0.991820407377388,0.008864454416947424,1.1689540666760876,30
LADE,IMG-0010-00010.png,tsallis,12,34.88493786405905,2.2893255128963217,0.932648730800317,0.09229762174338735,0.9991879902620264,0.0010075720079457157,0.9951097303587843,0.0060680292013395075,0.7928421847444649,30
LADE,IMG-0011-00010.png,kapur,3,22.716515199232262,0.544690578721022,0.2744251818554956,0.020760468790585157,0.9892220767335923,0.0013384405743743343,0.79908249001471,0.02495064594723216,0.3393230416346341,30
LADE,IMG-0011-00010.png,kapur,5,30.818293375599406,0.2547148044187577,0.9313501134651696,0.002635722256404087,0.9983415411384775,9.660074309709845e-05,0.9690837078132947,0.0018007904014574526,0.4199433095908413,30
LADE,IMG-0011-00010.png,kapur,7,33.93179401841591,0.4527525853398349,0.9559885953860738,0.0032179536588261893,0.9991874783920892,8.964883603004254e-05,0.9848533141092682,0.0016711958754029965,0.4984625208346794,30
LADE,IMG-0011-00010.png,kapur,9,35.71504374491982,0.6842169478867942,0.9655067379976554,0.0038965359827600543,0.9994577223514088,8.753663519159164e-05,0.9898910882753084,0.001631821116226016,0.5736042264228066,30
LADE,IMG-0011-00010.png,kapur,11,36.88098925457049,0.8140987071908665,0.9713410830701914,0.0042684923699578955,0.9995829628066137,8.96864398976796e-05,0.9922257681377661,0.0016718968708803223,0.6494877708687757,30
LADE,IMG-0011-00010.png,kapur,12,37.4250335359002,0.8635486039501353,0.9737441361300018,0.003970480807757803,0.9996316857562101,7.970056400016822e-05,0.9931340408606341,0.0014857443746373901,0.6908091805564861,30
LADE,IMG-0011-00010.png,otsu,3,29.508881404407063,0.0002105107793694626,0.9210753345196376,7.230208213554655e-05,0.9977651001252386,1.1675722153932773e-07,0.9583379370214066,2.1765389901854346e-06,0.566359688861606,30
LADE,IMG-0011-00010.png,otsu,5,33.28676771246115,0.06571312943603959,0.9536423384615988,0.0011010294890351558,0.9990633425523269,1.4233031512792117e-05,0.9825392260230487,0.0002653261839415202,0.6373184832589079,30
LADE,IMG-0011-00010.png,otsu,7,35.67634057348701,0.17425617377128183,0.9680360994350199,0.0014535302717599537,0.9994593413530162,2.1828805325482866e-05,0.9899212690219655,0.0004069234029168514,0.5350028637486199,30
LADE,IMG-0011-00010.png,otsu,9,37.34278483592326,0.22429343751521244,0.9762793027081778,0.0014218823306021513,0.9996317600571751,1.9010393793556025e-05,0.9931354259479569,0.0003543837611775515,0.7386274151193599,30
LADE,IMG-0011-00010.png,otsu,11,38.68010270329488,0.23062395084068196,0.9809697856557525,0.0014622071379469712,0.9997293688814363,1.4445944119195405e-05,0.9949550085742564,0.00026929521115279925,0.7723115360674758,30
LADE,IMG-0011-00010.png,otsu,12,39.262410933702704,0.22691546163350726,0.9826950180629968,0.0012240219999140886,0.9997635819803254,1.2219652923190812e-05,0.9955945216448788,0.00022681819961915657,0.6197381804852437,30
LADE,IMG-0011-00010.png,tsallis,3,20.565059070694023,0.05603119960123809,0.20814841713948914,0.0015340941689480625,0.9824408021012687,0.0002217917546609754,0.6726688220032281,0.004134548556365399,0.3454955680606266,30
LADE,IMG-0011-00010.png,tsallis,5,21.69854439593663,1.1317436549260027,0.24319132821598652,0.035166085097884124,0.9860539360295207,0.0033020869430603604,0.7400233442209131,0.06155611521399871,0.4048936652873332,30
LADE,IMG-0011-00010.png,tsallis,7,24.56781856783449,1.7258012466163724,0.35219283991444045,0.07772739269603657,0.9924740915439849,0.0029410486995548667,0.859705181602784,0.054825792210060634,0.4667784666487326,30
LADE,IMG-0011-00010.png,tsallis,9,27.047153750032287,1.3797958134383366,0.46473596695895486,0.08397951058259799,0.9958626609856353,0.0012805309329306071,0.9228734671620806,0.023871118780873953,0.5316097361346086,30
LADE,IMG-0011-00010.png,tsallis,11,28.991442864581977,2.372725860686117,0.5812436811707287,0.1379505003590864,0.9970782218545141,0.0017288660461832863,0.9455334413494937,0.03222879329452161,0.5960152583817641,30
LADE,IMG-0011-00010.png,tsallis,12,29.604549151861654,2.299778260380576,0.6292800481280975,0.14530359644222493,0.9975132494329999,0.0012443604534356878,0.953643042400069,0.023196843923328454,0.6230742958529542,30
LADE,IMG-0012-00010.png,kapur,3,26.142548481395185,0.14633229118286645,0.9026252698282236,0.003414355702453033,0.9951369497196477,0.00015053592646388305,0.9622392352271242,0.0011688860656111563,0.3462492208617428,30
LADE,IMG-0012-00010.png,kapur,5,30.341029335022448,0.23022482798507576,0.9476114487611144,0.00112640592885246,0.9981492448122673,0.00010046516180520848,0.9856291982876446,0.0007800950276252114,0.41686124304930366,30
LADE,IMG-0012-00010.png,kapur,7,32.90900857992132,0.3614187977587313,0.964085168497641,0.0022420206444647623,0.9989735873380614,8.731542457319362e-05,0.9920300788902062,0.0006779895370757421,0.4931132348331933,30
LADE,IMG-0012-00010.png,kapur,9,34.86308556197514,0.4076400109906934,0.9742313929149257,0.0017603300813103949,0.9993452848817878,6.220503993923691e-05,0.9949162475921864,0.0004830116378446878,0.5716912098073711,30
LADE,IMG-0012-00010.png,kapur,11,36.281348377277496,0.4990356668717912,0.9800951135334869,0.0018362226053478404,0.9995268602905729,5.642121039945015e-05,0.9963261500000187,0.0004381011775062185,0.6507537028208996,30
LADE,IMG-0012-00010.png,kapur,12,36.59116364981152,0.5678947414836818,0.9811535388550398,0.0021524202104473912,0.9995585369048692,6.07155535977124e-05,0.9965721135645068,0.00047144602775774634,0.6870066778811936,30
LADE,IMG-0012-00010.png,otsu,3,28.33741278588807,0.00042911438108544095,0.9328491260530113,3.321799022792881e-05,0.9970717698872446,1.418362860653885e-07,0.9772627873219109,1.1013348260847082e-06,0.3159813527793934,30
LADE,IMG-0012-00010.png,otsu,5,31.828009209639813,0.06943140180090267,0.9593685076287909,0.0005747107425514931,0.998689715946595,2.136491024186145e-05,0.9898258654396036,0.00016589492263646217,0.37561197921168055,30
LADE,IMG-0012-00010.png,otsu,7,33.94237297760579,0.14525406156933257,0.9711125548562586,0.0010271369082393454,0.999194282363461,2.6637597623060203e-05,0.9937437385194985,0.00020683645037006414,0.4376728693799426,30
LADE,IMG-0012-00010.png,otsu,9,35.4442520944121,0.16442332266902843,0.977677016994593,0.001002501854573533,0.9994298848378046,2.129907036482046e-05,0.9955731519741661,0.00016538368710229668,0.4980774749070406,30
LADE,IMG-0012-00010.png,otsu,11,36.68098113905746,0.21720413719515244,0.9819055030039137,0.0010432621544467248,0.9995709156872427,2.134003091704799e-05,0.9966682327206812,0.00016570173887773713,0.5618360917860021,30
LADE,IMG-0012-00010.png,otsu,12,37.295922585988635,0.24520325493842776,0.9838276443209253,0.0010073638768954213,0.9996275351754945,2.088841595920122e-05,0.9971078734922505,0.00016219502494147362,0.5870267806574703,30
LADE,IMG-0012-00010.png,tsallis,3,21.707342664968635,0.05504676586241042,0.290851993609951,0.0006716775965453783,0.9865010745309021,0.00017244350077547872,0.8951831217158881,0.001338994683172752,0.3431540250700588,30
LADE,IMG-0012-00010.png,tsallis,5,23.355680636994904,0.4249144620008807,0.35210707108712147,0.017691865623810865,0.9907244768364376,0.0009086748580920216,0.9279771279067932,0.007055706931525392,0.4068251070023204,30
LADE,IMG-0012-00010.png,tsallis,7,24.613254800144485,0.8298167457357003,0.40853032371621084,0.04553027001272212,0.9929690574801943,0.0012974915210738844,0.9454059178259685,0.01007480270562302,0.4672426833150288,30
LADE,IMG-0012-00010.png,tsallis,9,26.084737514081084,1.3568327827091828,0.48595676274430755,0.08828698712048708,0.9948567419789509,0.0014487021103538108,0.9600634694064942,0.011248927414149078,0.5336866430550192,30
LADE,IMG-0012-00010.png,tsallis,11,30.008407611732796,3.8901568852135617,0.7011863504794775,0.20629795836478054,0.997192556921398,0.002180088214487659,0.978200678258944,0.016928017089188986,0.5920798319857568,30
LADE,IMG-0012-00010.png,tsallis,12,32.51029151903349,3.654165517338074,0.8208956805652086,0.16351603696767392,0.9984255035995204,0.0013732554014487075,0.9877743011511818,0.010663096451355344,0.6239084666750083,30
LADE,IMG-0016-00010.png,kapur,3,24.808892077947448,0.0,0.8598605536144208,0.0,0.9933927844379116,0.0,0.9649904803095984,0.0,0.3397993055249875,30
LADE,IMG-0016-00010.png,kapur,5,28.10055963705984,0.3317682390913303,0.8980220873102791,0.001192316199683858,0.9968947085199358,0.00024787221447748325,0.9835460547345335,0.0013133954979835751,0.4159993736616646,30
LADE,IMG-0016-00010.png,kapur,7,31.323920365900744,0.37565781743343457,0.9271101228133605,0.002413934856362947,0.9985210608739228,0.00013323733985504607,0.9921635751143955,0.0007059820024514629,0.4936910653486848,30
LADE,IMG-0016-00010.png,kapur,9,33.15766983812105,0.527266584093924,0.9433872346411032,0.004044739640739222,0.999027356900285,0.00012674317499810947,0.9948462756464931,0.0006715715022498966,0.5783598569299405,30
LADE,IMG-0016-00010.png,kapur,11,34.50054625963392,0.6757734897779895,0.953519274214127,0.004224276964035745,0.9992829815787478,0.00011530826875083786,0.9962007489688631,0.0006109815954033844,0.6505738539931675,30
LADE,IMG-0016-00010.png,kapur,12,35.08889207075827,0.6098402051677068,0.9586538113878924,0.005280972629582594,0.999375227563381,9.411318741437216e-05,0.9966895309050711,0.0004986756458824579,0.692545430540728,30
LADE,IMG-0016-00010.png,otsu,3,27.298445067500786,0.0005747586160515384,0.8179381546040718,0.0001272162620183452,0.9962756210612231,3.5739697250550035e-07,0.9802657085172481,1.8937321218119526e-06,0.3175834292390694,30
LADE,IMG-0016-00010.png,otsu,5,30.577841718221624,0.059798610979536905,0.8940916385544392,0.035045635523338704,0.9982529900638377,2.4480735480949546e-05,0.9907431537257022,0.00012971557879434974,0.377069831918925,30
LADE,IMG-0016-00010.png,otsu,7,32.622130988098704,0.12227459880290252,0.9396273157402225,0.012609689260369454,0.9989081458472591,3.015540365333012e-05,0.9942146144468532,0.0001597838284603629,0.4364165443849439,30
LADE,IMG-0016-00010.png,otsu,9,34.167930087677156,0.2667190235891341,0.953968862195834,0.00388973716233543,0.9992339879118776,4.6392775271173586e-05,0.9959411472154647,0.00024582046159776696,0.49586270436799773,30
LADE,IMG-0016-00010.png,otsu,11,35.4121909552916,0.208727655540258,0.9615379930631617,0.0025648170471466534,0.9994254416669436,2.702595941001231e-05,0.996955599361728,0.0001432019054358128,0.5601671971691151,30
LADE,IMG-0016-00010.png,otsu,12,36.02535369372567,0.2644661685578199,0.9655106454185416,0.002905852997630644,0.9995010101707584,2.9689082765855398e-05,0.997356012667063,0.0001573129433892069,0.5989046721563985,30
LADE,IMG-0016-00010.png,tsallis,3,19.450256359858,0.03755773738738231,0.30070030014193677,0.0008959992838699577,0.9773014562425942,0.00019383110311506048,0.8797276845063078,0.0010270489523688873,0.34838010696694255,30
LADE,IMG-0016-00010.png,tsallis,5,22.654647677624453,0.4644246637496015,0.3849055136190334,0.010772238448471572,0.9890890213596257,0.0011766966883886081,0.9421862177853643,0.006234938983699561,0.41239234029781074,30
LADE,IMG-0016-00010.png,tsallis,7,24.972505438737503,1.0842783005081567,0.4656100884866615,0.04438422979463343,0.993445737732189,0.0016215699092492393,0.9652710628607895,0.008592179736493835,0.47299237782911707,30
LADE,IMG-0016-00010.png,tsallis,9,27.07166607117122,2.5381585974974348,0.5793295822469176,0.13342229550449283,0.9954479754242279,0.0023508445046078364,0.9758802792917638,0.012456372309900304,0.533963490339617,30
LADE,IMG-0016-00010.png,tsallis,11,32.01756759919453,2.2507504310743798,0.8035809664378238,0.11465432256132081,0.9985585613765426,0.0008420309219972402,0.9923622782704419,0.004461652244666894,0.5929266556166113,30
LADE,IMG-0016-00010.png,tsallis,12,33.06446660271596,2.1094681777299242,0.8595498815976987,0.09727544044736468,0.9988700329006275,0.0007404630425305067,0.9940126661460873,0.00392347657252646,0.6240219292075684,30
LADE,IMG-0017-00010.png,kapur,3,27.107718408368765,0.0,0.9066872903801994,0.0,0.9961080039546224,0.0,0.967847740451084,0.0,0.34349060819173854,30
LADE,IMG-0017-00010.png,kapur,5,30.606327609561383,0.213833326368815,0.9439234190741165,0.0015879159582414663,0.9982593524334137,8.722393313573658e-05,0.9856202956807877,0.0007205676738514455,0.4185619291383773,30
LADE,IMG-0017-00010.png,kapur,7,33.00276777740258,0.2623042831013574,0.9636728407422107,0.0030354004913997327,0.9989971967980612,6.077797682826009e-05,0.9917157190168492,0.0005020943657333026,0.49617017501344285,30
LADE,IMG-0017-00010.png,kapur,9,34.91953173318991,0.3318362105312926,0.9751625881288922,0.0014473694561660396,0.9993545716274408,4.872825958368214e-05,0.9946680365774251,0.0004025501648084689,0.5731843082777535,30
LADE,IMG-0017-00010.png,kapur,11,36.132920384678044,0.5620740465375635,0.9804148102520265,0.0023657794119277815,0.9995095228630735,6.541306803246255e-05,0.9959481078538086,0.0005403854260770348,0.6514553416054696,30
LADE,IMG-0017-00010.png,kapur,12,36.57552797752672,0.6148977717540905,0.9822870160000504,0.002426522025916372,0.999556188081598,6.79680305335126e-05,0.996333614981877,0.000561492286544777,0.6869258319726214,30
LADE,IMG-0017-00010.png,otsu,3,28.492625378726313,0.0013776230536682627,0.9262264684343322,0.0001739270980161508,0.9971747239298289,6.135642981897208e-07,0.9766600457846373,5.068730372281033e-06,0.31581666665927816,30
LADE,IMG-0017-00010.png,otsu,5,31.77427104508449,0.045290252994068414,0.9593860694883978,0.0005069261416565608,0.9986723106998355,1.395068634388817e-05,0.9890317948729916,0.00011524834120698007,0.3755446902321031,30
LADE,IMG-0017-00010.png,otsu,7,34.00261676941497,0.1315957173868938,0.9724192659996793,0.0011447880401045552,0.9992051144268702,2.4306341141099514e-05,0.9934333522025773,0.00020079768323004004,0.5080324471850569,30
LADE,IMG-0017-00010.png,otsu,9,35.4324274159774,0.16337248122753323,0.9786592769885145,0.0010352916523301548,0.9994281412261475,2.1270747009049813e-05,0.9952758041098045,0.00017572026555530225,0.6078272735700011,30
LADE,IMG-0017-00010.png,otsu,11,36.78399557437615,0.17082891935816844,0.9833272335115979,0.001058814033029189,0.9995812190320528,1.6399382103054574e-05,0.9965403987520551,0.00013547731900845822,0.5629563583837202,30
LADE,IMG-0017-00010.png,otsu,12,37.31437241369137,0.22872885701381188,0.9847385730865638,0.0012578617151226203,0.9996291605242997,1.974839965628922e-05,0.996937696293585,0.00016111788504591208,0.5963450110207001,30
LADE,IMG-0017-00010.png,tsallis,3,20.187662541357295,0.001121642818728455,0.22875014427121634,6.020390460008364e-05,0.9808466213722695,4.975280554888157e-06,0.8417715758964204,4.110140654430561e-05,0.34194498478124535,30
LADE,IMG-0017-00010.png,tsallis,5,21.449476557625253,0.32775891186151096,0.2701580437080482,0.010594036671744468,0.9856384219999264,0.0010770189692589098,0.8813572321228867,0.00889738659417394,0.41121009304188194,30
LADE,IMG-0017-00010.png,tsallis,7,22.563298804727516,0.6159999579395651,0.3067252864174049,0.018992323740156566,0.9888100818881825,0.001587115727331519,0.9075587057983843,0.013111358851439492,0.4733074193432306,30
LADE,IMG-0017-00010.png,tsallis,9,24.57762742226538,2.0649433945500713,0.40760929306924504,0.11077642882470264,0.9922879969334258,0.003327204937319307,0.9362901911133689,0.027486450517898147,0.5326449361396953,30
LADE,IMG-0017-00010.png,tsallis,11,28.113896471137153,3.119530270555828,0.6107623270059613,0.18908015934114547,0.9960791320235788,0.002808591624164079,0.9676092258663375,0.02320212194826997,0.5934864888821418,30
LADE,IMG-0017-00010.png,tsallis,12,30.790534048382277,4.059553236339367,0.7399126965635534,0.21676200381263877,0.997507396087489,0.0022107141006711324,0.9794082915261737,0.01826298195694408,0.6259675486246123,30
LADE,IMG-0020-00010.png,kapur,3,23.566481046461142,0.10239559375841611,0.4181112367060424,0.002654753535033017,0.991201844346666,0.00021364468906658575,0.9467001463823121,0.001294274743721857,0.33986372775398194,30
LADE,IMG-0020-00010.png,kapur,5,28.290324149809535,0.23616448922272798,0.8757037269058175,0.0033423247642468683,0.9970321178658278,0.00015924211972062862,0.9820203586366436,0.0009647001036705229,0.41883868607692415,30
LADE,IMG-0020-00010.png,kapur,7,31.068361662648144,0.31603829055683985,0.9177732190011131,0.005538771228902847,0.9984330993136751,0.00011805796699596437,0.9905076040359746,0.0007152035730239698,0.4945972291830306,30
LADE,IMG-0020-00010.png,kapur,9,32.898703229499056,0.534653460539826,0.9420234812118694,0.005624824483996524,0.9989675233392166,0.0001291655359333768,0.9937451828483418,0.0007824940168101593,0.6353086180286482,30
LADE,IMG-0020-00010.png,kapur,11,34.422143548918534,0.46803402784340603,0.9559328521031499,0.004874250056095671,0.9992744938508965,8.238571271824203e-05,0.9956048320728116,0.0004990985157675883,0.7035077027898903,30
LADE,IMG-0020-00010.png,kapur,12,34.680946397906126,0.587488669519715,0.9578281553488494,0.004742332329131058,0.9993144712463967,9.158692981918176e-05,0.9958470179822378,0.000554840144343929,0.6903823639033362,30
LADE,IMG-0020-00010.png,otsu,3,26.89765348268879,6.878480021857402e-06,0.8024263356354162,3.037362679232041e-05,0.9959151943602514,4.340921155474067e-08,0.9752539564842997,2.629760955129614e-07,0.31652111950485656,30
LADE,IMG-0020-00010.png,otsu,5,30.2729410545389,0.06005425172706401,0.886902648546545,0.03137951773711331,0.9981256161263569,2.631371704447781e-05,0.9886448489859716,0.0001594103721131813,0.3768777652954062,30
LADE,IMG-0020-00010.png,otsu,7,32.43440106352266,0.16008374011788928,0.9285775108197748,0.025405331413839275,0.9988606621194164,4.2829474956155635e-05,0.9930978099673443,0.0002594640099167365,0.44219090829913815,30
LADE,IMG-0020-00010.png,otsu,9,33.95875741611075,0.17122681247706964,0.9543259398493027,0.0032172029855129505,0.9991980702012189,3.216457106417795e-05,0.9951418521596056,0.00019485526250571198,0.5026883027826746,30
LADE,IMG-0020-00010.png,otsu,11,35.15159028249767,0.1607371100582253,0.9628285473377824,0.0030703231178489053,0.9993905246229142,2.2293465424659294e-05,0.9963077547542654,0.00013505540144818942,0.5660645167343319,30
LADE,IMG-0020-00010.png,otsu,12,35.690298115533075,0.2300976329901767,0.9675320618686762,0.0023924486435671745,0.9994612273252409,2.821012472380418e-05,0.99673607676093,0.00017089894491074384,0.5911886527668685,30
LADE,IMG-0020-00010.png,tsallis,3,16.819768928156794,0.20947192360897124,0.2511625006044175,0.005781811545974678,0.9583604786272394,0.0019129929564842935,0.7477448136487878,0.011589047587904652,0.38269050829888634,30
LADE,IMG-0020-00010.png,tsallis,5,22.642358426394647,0.6030860963169488,0.40254438332435394,0.014636311483756026,0.9890183657953097,0.001495671375757799,0.9334724777946853,0.00906088372713073,0.48568632229386516,30
LADE,IMG-0020-00010.png,tsallis,7,25.14946214424832,1.1490346277675656,0.4868802986515128,0.04003211378922876,0.9936907720711123,0.001582634342258719,0.9617782478168697,0.009587711572339876,0.5393972611520439,30
LADE,IMG-0020-00010.png,tsallis,9,28.56683045521676,2.2310222351432034,0.6516248291811323,0.12444198018897898,0.9968228035521243,0.0018274435828544786,0.9807523176153122,0.011070783388995921,0.539719345793128,30
LADE,IMG-0020-00010.png,tsallis,11,31.870232756518067,2.353125528984899,0.8047049116933518,0.13000694483417635,0.9984877834396979,0.0009150348097912056,0.9908388843664295,0.005543346053269661,0.6084400235985716,30
LADE,IMG-0020-00010.png,tsallis,12,33.11853107509764,2.060955850064657,0.8576961292643923,0.09542605839448237,0.9989064370105566,0.0005972077178846779,0.9933751175182979,0.0036179268925008497,0.6543686693922306,30
LADE,IMG-0022-00010.png,kapur,3,25.281637607161656,0.017205136486745546,0.8862142379076053,9.78067232524294e-05,0.9940741098850062,2.3297061700334533e-05,0.9693227932699918,0.00012060446010868245,0.3518532736925408,30
LADE,IMG-0022-00010.png,kapur,5,30.142857026454365,0.1217827078470358,0.9343837123682754,0.0007316855857059317,0.9980648208062789,5.4519485084596065e-05,0.9899819451536599,0.0002822370111997166,0.4364949374304464,30
LADE,IMG-0022-00010.png,kapur,7,32.25809840162998,0.4950392425977494,0.9508021535608188,0.003301790072628924,0.9988041618083229,0.00014003152388198544,0.9938093729870389,0.0007249165818949866,0.5357312680066874,30
LADE,IMG-0022-00010.png,kapur,9,33.58255278444162,0.5401317029361337,0.9597173842605236,0.0032825087381594415,0.9991178543453162,0.0001078382557956357,0.9954332996242637,0.0005582581523196072,0.6164819041887919,30
LADE,IMG-0022-00010.png,kapur,11,35.106634001421675,0.582583218964612,0.9679958611173883,0.00330260457938323,0.9993783590626444,8.340645442619099e-05,0.9967818830290421,0.00043177936063552874,0.6715287514574205,30
LADE,IMG-0022-00010.png,kapur,12,35.82742283267208,0.5952044525545747,0.9718457499275661,0.0029161267856438597,0.9994734564435059,7.243107279776606e-05,0.9972741840936179,0.00037496189614978626,0.718171731949163,30
LADE,IMG-0022-00010.png,otsu,3,27.646653554855824,0.001017493265389205,0.8319894983693429,0.0001561755656818326,0.996565755205397,4.853427982119087e-07,0.9822215674808195,2.5125274116000243e-06,0.3224047861682872,30
LADE,IMG-0022-00010.png,otsu,5,31.225612458782802,0.07063325628264275,0.9444973237189848,0.000507466646899891,0.9984936518611747,2.4591569665244642e-05,0.9922019220124944,0.00012730588178267604,0.37864058491929126,30
LADE,IMG-0022-00010.png,otsu,7,33.38961465672067,0.1546708747222946,0.9594062493748035,0.0014007736754173378,0.9990845138783809,3.301283252573573e-05,0.9952607023643077,0.00017090115889456772,0.44060292926151307,30
LADE,IMG-0022-00010.png,otsu,9,34.97692072985462,0.18516822680257797,0.9691125757528243,0.0016222998554560957,0.9993648934497315,2.6839751615119076e-05,0.9967121741105396,0.0001389442924019619,0.5031037625158206,30
LADE,IMG-0022-00010.png,otsu,11,36.153021533694655,0.2248486072229743,0.9747985710202121,0.0013382945462143139,0.999515571000214,2.4991467910348785e-05,0.9974922031485458,0.00012937607898473689,0.5753327333213141,30
LADE,IMG-0022-00010.png,otsu,12,36.71319187808804,0.1648583796330388,0.9768999638394735,0.0014146666937059557,0.9995744961011549,1.6208084300628755e-05,0.9977989736884705,8.13202695082509e-05,0.6104632735718042,30
LADE,IMG-0022-00010.png,tsallis,3,19.09330373193229,0.000282502667953882,0.28363223588714104,0.00013837225570215216,0.9753604376702133,1.5655574661637028e-06,0.8724456693155191,8.104593420719816e-06,0.3654945847733567,30
LADE,IMG-0022-00010.png,tsallis,5,20.355196078713178,0.4611980913967911,0.318103595408491,0.010108339155280697,0.9814711569519656,0.0020143967477427326,0.9040797015094437,0.010428149065809234,0.4217916389772048,30
LADE,IMG-0022-00010.png,tsallis,7,22.57145602174005,1.5240657563433055,0.3928428823719443,0.05818828856779229,0.9882822921160827,0.004035056515761998,0.9393396535910682,0.020888720597113435,0.5124581264021496,30
LADE,IMG-0022-00010.png,tsallis,9,27.68656842917667,3.097357024271665,0.6437342811787248,0.15822827383713797,0.9957604184164445,0.0026637776151010187,0.9780524920031176,0.013789870381575448,0.5471601485585172,30
LADE,IMG-0022-00010.png,tsallis,11,33.347645492144714,2.2985373789782226,0.898247910708483,0.09130108652406464,0.9989053142229041,0.0008506507750240921,0.9943330198102387,0.0044036573702958826,0.6173263499125218,30
LADE,IMG-0022-00010.png,tsallis,12,35.01827215706536,1.4927599890590615,0.9459285844727866,0.039399899918464355,0.9993308465059184,0.0002825244721021393,0.9965359195540755,0.001462575489719982,0.6432219597588603,30
LADE,IMG-0028-00010.png,kapur,3,26.616189084455403,0.01871777843597995,0.8799512897934049,0.0004060744191759106,0.9956421120263481,1.8631665234535496e-05,0.9733160652118518,0.00011408419471047798,0.34953718474134804,30
LADE,IMG-0028-00010.png,kapur,5,29.86459247518297,0.13500853107012842,0.9201603281644172,0.0015857088821604544,0.9979366985093312,6.472079679159747e-05,0.9873661271794557,0.00039629415245760215,0.41960565542491773,30
LADE,IMG-0028-00010.png,kapur,7,32.35740698893401,0.46767874887922245,0.9423181037848747,0.0029666499400942004,0.9988322121740557,0.00012988684061370645,0.9928494779162994,0.0007953146124291526,0.49486795564492536,30
LADE,IMG-0028-00010.png,kapur,9,33.82822180922171,0.6404088201527777,0.9519928710073048,0.004182502438554113,0.9991640060870142,0.00012374954253228725,0.9948810967165113,0.0007577351099798214,0.5751138681623463,30
LADE,IMG-0028-00010.png,kapur,11,35.33801165422264,0.7686511869850166,0.9628105112321265,0.004335136691917559,0.9994062959075046,0.00011822748465116212,0.9963646699081327,0.0007239228061097809,0.6488896792056039,30
LADE,IMG-0028-00010.png,kapur,12,35.72435000716951,0.7333511839794643,0.9652564932698561,0.004194534129631535,0.9994583363504549,9.150272474294616e-05,0.9966833205467961,0.0005602835030962133,0.990834015320676,30
LADE,IMG-0028-00010.png,otsu,3,28.30918194075655,0.0007130883901757532,0.9086725382763785,0.013841532796001088,0.9970539906718842,3.235047636698342e-07,0.9819611882471494,1.980863223417563e-06,0.3169229625724256,30
LADE,IMG-0028-00010.png,otsu,5,31.42644029169187,0.049450223083431936,0.9388281404088176,0.0017086199019460185,0.9985619223584876,1.645873029062724e-05,0.9911944569850301,0.00010077902149541404,0.39214244027777256,30
LADE,IMG-0028-00010.png,otsu,7,33.518769792822035,0.1627204183435211,0.9519131882683068,0.0017079517688650078,0.9991115585163278,3.311828480242606e-05,0.9945599531799052,0.0002027877167348341,0.46109699722534664,30
LADE,IMG-0028-00010.png,otsu,9,35.15639501281701,0.22871937720225682,0.963802356827646,0.002075810253957213,0.999390423165267,3.215361465398511e-05,0.9962674789703813,0.00019688091153733788,0.5496859375697871,30
LADE,IMG-0028-00010.png,otsu,11,36.55456322992566,0.18971399275227432,0.9712151066211534,0.0016525571558890907,0.9995585696511224,1.927058062114051e-05,0.9972970625417227,0.00011799635964323052,0.5680778235662729,30
LADE,IMG-0028-00010.png,otsu,12,36.969031189718,0.162260529783791,0.9737912149461887,0.0015529725214235466,0.9995989084048554,1.5003060498528538e-05,0.997544062161849,9.186575937388117e-05,0.5897650124582773,30
LADE,IMG-0028-00010.png,tsallis,3,18.926439016812935,0.0013921904162687933,0.2800547105318613,3.9872814607694e-05,0.9743947953282731,8.307651247751676e-06,0.8432158844310526,5.086886709258606e-05,0.5921543194058662,30
LADE,IMG-0028-00010.png,tsallis,5,20.308301897290946,0.46207799585464976,0.3168111975898071,0.009144237269174972,0.9812694804437226,0.0020171630332811927,0.8853105069681224,0.01235136083409544,0.6984072138788179,30
LADE,IMG-0028-00010.png,tsallis,7,22.27168640709358,1.2030462257913506,0.37729581952421193,0.03638062465758388,0.9877187691357097,0.0032214939496984173,0.9248003699309636,0.019725641180751312,0.8227816430463766,30
LADE,IMG-0028-00010.png,tsallis,9,25.148771704245345,2.6062144261080005,0.5021242081856315,0.12898657514657896,0.9928851734913979,0.0036635925646828276,0.9564349593811521,0.022432670522372924,0.9107006931056579,30
LADE,IMG-0028-00010.png,tsallis,11,33.701689581111424,2.8846053893787365,0.8875780190674138,0.13185893139198898,0.99884923652098,0.00129733257322887,0.9929537202845939,0.007943742012617609,1.0183693250408397,30
LADE,IMG-0028-00010.png,tsallis,12,33.93062167356178,2.910345841457387,0.8930011706781351,0.11218485788680796,0.9989106417817866,0.0012947378243983003,0.9933297129638274,0.007927854016183468,1.069049120764248,30
LADE,IMG-0040-00010.png,kapur,3,22.519401931763177,0.10499129816861086,0.3143975748769447,0.0038536635189673693,0.9888020702522246,0.00025480912597037936,0.9095570285630683,0.0020580317095298135,0.5798442126096537,30
LADE,IMG-0040-00010.png,kapur,5,29.553655488708134,0.15683351384828334,0.9200354935591265,0.00164876122886806,0.9977828711593136,8.040237799147267e-05,0.9820927863518667,0.0006493905695014029,0.714401173676985,30
LADE,IMG-0040-00010.png,kapur,7,31.96787166753268,0.29401813972935903,0.9473749319309489,0.0036396294841344844,0.9987267430805516,8.717844274104399e-05,0.9897162116756076,0.0007041192063481078,0.8487335153544943,30
LADE,IMG-0040-00010.png,kapur,9,33.61980376081249,0.3544754331457761,0.9619152265310534,0.002294685070929906,0.9991291017613284,7.119929533190882e-05,0.9929659654687248,0.0005750594957350701,0.9755897694888215,30
LADE,IMG-0040-00010.png,kapur,11,35.1251395453947,0.4146087296580009,0.9721416836785023,0.0030778468446917414,0.999383695547981,5.894086282386549e-05,0.995022257934643,0.00047605109988369296,1.1116528125246987,30
LADE,IMG-0040-00010.png,kapur,12,35.61815130519649,0.5097687711512504,0.9750476128558482,0.0029998396475767256,0.9994486935770283,6.499071631812156e-05,0.9955472313017737,0.0005249143039850419,1.177442322229035,30
LADE,IMG-0040-00010.png,otsu,3,27.058481607580916,0.0005072543281707409,0.8119233834337997,0.00015209110911945767,0.9960652140041929,5.375110644545999e-07,0.9682196847591463,4.34134692166031e-06,0.5453873806089784,30
LADE,IMG-0040-00010.png,otsu,5,30.80798873186261,0.0633468268824918,0.9396802165328728,0.0008783134372384113,0.9983424502647623,2.425547768943417e-05,0.9866123715065128,0.0001959056294575376,0.6451444138772786,30
LADE,IMG-0040-00010.png,otsu,7,32.95036337788165,0.1770371516480253,0.9595827865709177,0.0014021795606163063,0.9989868908841638,4.1139529679691486e-05,0.9918173625938078,0.0003322740356079997,0.7491364847946291,30
LADE,IMG-0040-00010.png,otsu,9,34.547312876093876,0.18984583647055922,0.9700861579759497,0.0013167446879807758,0.9992988696095911,3.010669723572732e-05,0.9943371393372149,0.0002431645151813516,0.8549330153424913,30
LADE,IMG-0040-00010.png,otsu,11,35.86180916275633,0.19044926269844137,0.9767234681814705,0.0014008814837878488,0.999482042230163,2.268298413252611e-05,0.9958165803109982,0.00018320497915356185,0.9737009110317255,30
LADE,IMG-0040-00010.png,otsu,12,36.380775430500435,0.2227504979840138,0.9786238764425425,0.0015052303088109343,0.9995401694570037,2.3465270588544308e-05,0.9962860598697445,0.00018952331773824195,1.010804647222782,30
LADE,IMG-0040-00010.png,tsallis,3,20.61748175480091,0.0006499768763729973,0.2581987281913055,0.00011482536573722291,0.9826525264724343,2.4722053324481297e-06,0.8598886501258648,1.9967404806630366e-05,0.5850453638937324,30
LADE,IMG-0040-00010.png,tsallis,5,22.322688385787426,0.37423454186860167,0.31745627770027873,0.011928007967095158,0.9882463732278314,0.0009941356728065188,0.905068798038603,0.00802939349373384,0.7034749542595818,30
LADE,IMG-0040-00010.png,tsallis,7,24.215294694915986,1.0837834898355385,0.38331100567975407,0.04180673249889198,0.9922055169165692,0.0018223770155890535,0.9370458444767054,0.014718898589356405,0.8134593416859085,30
LADE,IMG-0040-00010.png,tsallis,9,25.665429254104293,1.6181408059655613,0.4466971968277903,0.08272086114851523,0.9942238525632656,0.002008979534470214,0.9533474535558804,0.01622604202259504,0.9154809873939181,30
LADE,IMG-0040-00010.png,tsallis,11,28.198635105928354,2.7268815087014118,0.5816369847997234,0.168021182618811,0.9964250964329386,0.001907736044919971,0.9711263681333818,0.015408322833439689,1.0191151874062294,30
LADE,IMG-0040-00010.png,tsallis,12,29.692891508261848,3.206614980404594,0.6665519961304689,0.18614884876216545,0.9972553304717648,0.0019474118444209499,0.9778319677532091,0.01572877467425615,1.0722482236878326,30
LADE,IMG-0052-00010.png,kapur,3,15.792757298140602,0.05603241674416379,0.28026326985044464,0.0012653788809322563,0.947303642573666,0.0006684456317011494,0.6434475201223704,0.004522816363153651,0.5877011527540162,30
LADE,IMG-0052-00010.png,kapur,5,27.18401228691191,0.5058640818451501,0.8619083383804705,0.007641469524460849,0.9961523590087471,0.0004217518877862399,0.9739662093527464,0.002853644707671999,0.7287987196041892,30
LADE,IMG-0052-00010.png,kapur,7,30.887468378677504,0.29219921530402326,0.9132870281787839,0.00350196462878294,0.9983674437230223,0.00011153638958499157,0.9889538477131002,0.0007546741035892071,0.8478938415956994,30
LADE,IMG-0052-00010.png,kapur,9,32.52642860458136,0.4539637317495465,0.9298272007891442,0.00416203358756215,0.9988777058736379,0.00011734436049769381,0.9924063678506452,0.000793971818518949,0.9781785152386874,30
LADE,IMG-0052-00010.png,kapur,11,33.72483365081085,0.8403737823838597,0.9421646401195706,0.007282207479663858,0.9991361113223728,0.0001907234675366808,0.9941547828846277,0.0012904672854498448,1.1096731958212331,30
LADE,IMG-0052-00010.png,kapur,12,34.315901545152784,0.7380162787944038,0.9471749886253484,0.005600998917724903,0.9992505165773642,0.00013085972266339976,0.994928868217475,0.0008854190481185597,1.170676163948762,30
LADE,IMG-0052-00010.png,otsu,3,26.405834407600857,0.0001925905380292717,0.8052418035235757,5.14715842845291e-05,0.9954262301115541,7.38618404374798e-08,0.9690530982450769,4.997617223616712e-07,0.542706769479749,30
LADE,IMG-0052-00010.png,otsu,5,29.754464083173655,0.05888892973245818,0.8721603324055495,0.026993725382476588,0.9978871951639938,2.8744541124225887e-05,0.9857044046198343,0.0001944904338998616,0.6454158097893621,30
LADE,IMG-0052-00010.png,otsu,7,31.85318258039811,0.13555814341914763,0.9164685591745607,0.02118925928915167,0.9986969116717113,4.097086935330628e-05,0.9911830836580987,0.0002772158415518637,0.7499084237109249,30
LADE,IMG-0052-00010.png,otsu,9,33.4018776178821,0.2052168045772666,0.9412139111090695,0.003049692366435741,0.9990874319858569,4.291693881958755e-05,0.9938254102486196,0.00029038327717944857,0.8499948944197968,30
LADE,IMG-0052-00010.png,otsu,11,34.72867654011633,0.20269111537929016,0.9515462474628527,0.0030394776456517418,0.9993276540089633,3.145258479862542e-05,0.9954507931449524,0.000212813516079979,0.9646423013803239,30
LADE,IMG-0052-00010.png,otsu,12,35.298696743358654,0.21402195815271502,0.9557517716098194,0.0020328480348227977,0.9994105350715248,2.8564395075211366e-05,0.9960143343596568,0.0001918911220776742,1.0083553541917354,30
LADE,IMG-0052-00010.png,tsallis,3,15.810424087633846,0.05427050633448377,0.28057101995141553,0.0013405870302685091,0.9475184331363825,0.0006520066155345874,0.6449008294502098,0.004411587195385879,0.5886744416784495,30
LADE,IMG-0052-00010.png,tsallis,5,21.645706803014225,0.4282254082389622,0.4341961422819431,0.008289797537358293,0.9862456769215491,0.0013797601443991893,0.9069359203904103,0.009335690836118304,0.6928798458383729,30
LADE,IMG-0052-00010.png,tsallis,7,23.501815446489495,1.2177395739181707,0.4827962837653644,0.02579298036100037,0.9907411930029404,0.00246223049773511,0.9373533436324348,0.016659868591961988,0.7985080695866297,30
LADE,IMG-0052-00010.png,tsallis,9,25.338350056524853,2.1603841068229928,0.5429657716826823,0.06458672883316326,0.993462914317248,0.0029833716212213078,0.9557689710410036,0.02018599770259311,0.9062760569620878,30
LADE,IMG-0052-00010.png,tsallis,11,28.95197495534635,2.7244960251897696,0.6839096066600496,0.1143377633093124,0.9968863775411111,0.002228609163777277,0.9789327030683012,0.015079147076410665,1.0300086207920685,30
LADE,IMG-0052-00010.png,tsallis,12,30.867351028820863,3.1527657309889308,0.7694375265175998,0.13559561304907433,0.9978008705074806,0.0020971436122702463,0.9851203173724868,0.014189628887723264,1.0707773014049355,30
LADE,IMG-0058-00010.png,kapur,3,27.40758209910106,0.0031141603631158264,0.92034264895741,0.00010237532343327771,0.996367234929071,2.4878613578931486e-06,0.9736206921978408,1.8065594457040732e-05,0.5795445818454027,30
LADE,IMG-0058-00010.png,kapur,5,30.635258654271702,0.13824575622117344,0.9460099972901629,0.0006188647325782992,0.9982721040767516,5.5799736646704104e-05,0.9874528912496382,0.00040518954557892576,0.7176001943492641,30
LADE,IMG-0058-00010.png,kapur,7,33.55240829202268,0.32733748125585155,0.9618400100106276,0.0015655180231809753,0.9991156099334779,6.855750299806117e-05,0.9935780053687889,0.0004978300105905171,0.8504015304536249,30
LADE,IMG-0058-00010.png,kapur,9,35.40720131171993,0.5466400878114459,0.9708857129161214,0.0025678299874851186,0.9994202509139967,7.519516355442945e-05,0.9957901545271715,0.0005460293539236646,0.9783673042819525,30
LADE,IMG-0058-00010.png,kapur,11,36.686553313168716,0.6759195564127563,0.9763180919044554,0.0032829143422751935,0.999566698593975,6.855814203708124e-05,0.9968535837199842,0.0004978346509695009,1.1122848333247626,30
LADE,IMG-0058-00010.png,kapur,12,37.16621303204199,0.6021603260226256,0.9780721205483268,0.002554226782653526,0.9996131109946541,5.354906182453846e-05,0.9971906071661607,0.00038884628012150464,1.1706804556384063,30
LADE,IMG-0058-00010.png,otsu,3,29.45502267016639,0.0002238323301954635,0.9386656861426255,2.1695563495218004e-05,0.997735283094496,1.6918439476062398e-07,0.9835547680159337,1.2285317488977257e-06,0.5457482000192007,30
LADE,IMG-0058-00010.png,otsu,5,32.59239748301081,0.06032956336687381,0.957269750148577,0.0008020633188220861,0.998901014078138,1.5162855683873457e-05,0.9920197184962415,0.00011010501076583463,0.6526580957851063,30
LADE,IMG-0058-00010.png,otsu,7,34.69202426772607,0.17436451131797087,0.968312468243297,0.0012421020140823136,0.9993219974396116,2.7255530695707634e-05,0.9950766873491869,0.00019791591790135137,0.7540950055311745,30
LADE,IMG-0058-00010.png,otsu,9,36.23119171300835,0.19964331577160704,0.975865871481401,0.0014873501440156875,0.9995241782058062,2.2057633121553237e-05,0.9965448221057672,0.00016017140721739156,0.8534162278054283,30
LADE,IMG-0058-00010.png,otsu,11,37.52407649166363,0.19512981370169943,0.979937457784732,0.0012279060587205893,0.9996469520070079,1.5672513489024933e-05,0.9974367042915991,0.00011357663350749794,0.9527053154151266,30
LADE,IMG-0058-00010.png,otsu,12,38.008803879555,0.19475006658897537,0.9817976350747395,0.0010515161578027385,0.9996842154601006,1.4131303037409355e-05,0.9977079103089089,0.00010076099785302362,1.0034479972595969,30
LADE,IMG-0058-00010.png,tsallis,3,21.287714654894728,0.0534965581037052,0.28299415961769714,0.000616653080394707,0.9851312429745424,0.00017997940305326007,0.8920305853662717,0.0013069196544484123,0.6000348944682627,30
LADE,IMG-0058-00010.png,tsallis,5,23.09467030847129,0.3835747711878713,0.35246396277313724,0.016422719192281353,0.9901582967497992,0.00086071890669553,0.9285345145459244,0.006250106606825812,0.6949525139139344,30
LADE,IMG-0058-00010.png,tsallis,7,24.54830147720238,1.1494262604143866,0.420867971781391,0.07039871316780459,0.9927623579119929,0.0017259049816658978,0.9474438933777315,0.012532651536698271,0.8026019374917571,30
LADE,IMG-0058-00010.png,tsallis,9,27.623620846447498,2.2683838164091603,0.6183235087051141,0.16297904866822222,0.9960825110500858,0.0019378923119544333,0.9715531709858376,0.014071996615902707,0.908924274914898,30
LADE,IMG-0058-00010.png,tsallis,11,35.51939579629305,2.1797924806154563,0.9511566095190268,0.05877834590779113,0.9993454897145401,0.000502242040156001,0.9952472764016601,0.003647028395665059,1.014013774956887,30
LADE,IMG-0058-00010.png,tsallis,12,35.57313461429016,2.3021671671823114,0.9331296152961801,0.09098979594734694,0.9993312553529106,0.0006188287270436829,0.995143913646443,0.0044936221167003075,1.0676726139461001,30
LADE,IMG-0082-00010.png,kapur,3,25.97225808566026,0.0,0.8914634209842401,0.0,0.9949454339215824,0.0,0.972182256942526,0.0,0.5810357139989113,30
LADE,IMG-0082-00010.png,kapur,5,29.00188622478909,0.39489386647547214,0.9259218339836331,0.0031606338511057114,0.9974748953172866,0.00020039452045851472,0.9861031170297926,0.0011028688108448159,0.7151155056276669,30
LADE,IMG-0082-00010.png,kapur,7,32.1628197475795,0.43487539360682276,0.951180766422582,0.00266270532214733,0.9987794348703003,0.00012105118920656981,0.9932826346245869,0.000666203750412651,0.9062908654101193,30
LADE,IMG-0082-00010.png,kapur,9,34.2937902019547,0.46970969912689237,0.9641202351161369,0.0023746892023972215,0.9992524891830468,8.21628309575409e-05,0.9958860832925946,0.00045218214283722905,1.132146497280337,30
LADE,IMG-0082-00010.png,kapur,11,35.75369034619095,0.6081772129149445,0.9718632331503123,0.003295726187999962,0.9994639429482426,7.683607436128613e-05,0.997049816522608,0.00042286640256879616,1.1524951778507482,30
LADE,IMG-0082-00010.png,kapur,12,36.14684244334914,0.7606793917466363,0.9742970149557802,0.0038510928408408813,0.9995075346059558,9.400243670065348e-05,0.997289722681693,0.0005173412693287368,1.2554228083463386,30
LADE,IMG-0082-00010.png,otsu,3,28.34384005140088,0.0001174441624995503,0.9189651849945376,1.4524731174614793e-06,0.9970748218204093,5.9526924860585875e-08,0.9839013173960398,3.276057081861698e-07,0.540072862462451,30
LADE,IMG-0082-00010.png,otsu,5,31.933789789087555,0.05394211456912532,0.9513511305256469,0.0007518369192321584,0.9987203347026784,1.5917416508458403e-05,0.9929573775694702,8.760130854001006e-05,0.6431536972212295,30
LADE,IMG-0082-00010.png,otsu,7,33.940552899452726,0.14542058212212822,0.9644690527521006,0.0014470902935651631,0.9991937429207096,2.723709849027134e-05,0.995562773950916,0.0001498990409222711,0.7462483401953554,30
LADE,IMG-0082-00010.png,otsu,9,35.38804597159882,0.1441454060768465,0.9717631590943897,0.001677013716978859,0.9994222876196012,1.8968211077588136e-05,0.9968205669270643,0.00010439131941861375,0.85092893607604,30
LADE,IMG-0082-00010.png,otsu,11,36.68465790625264,0.20472482010700976,0.9777420212493133,0.001194020317459978,0.999571419908444,1.97036939119732e-05,0.9976413146684618,0.00010843904027051477,0.9612969791206221,30
LADE,IMG-0082-00010.png,otsu,12,37.22488324811732,0.17515380818276502,0.9797462875069957,0.0015201152350985956,0.9996216409383135,1.5338444776554577e-05,0.9979177054967387,8.441494464134626e-05,1.0086394041699047,30
LADE,IMG-0082-00010.png,tsallis,3,19.196404533406906,0.08839724643433998,0.2652421139227015,0.0010984974128188155,0.9759316151087959,0.0004825299531968475,0.8675399359065199,0.0026555977402057166,0.6226805890134225,30
LADE,IMG-0082-00010.png,tsallis,5,21.465053751730952,0.4895381735005431,0.3350622969036776,0.014457352691505795,0.9856410619975795,0.0016445005748776458,0.9209757590003473,0.009050488951988794,0.7706444473083441,30
LADE,IMG-0082-00010.png,tsallis,7,23.228377158507502,1.294286976274632,0.40794571582218603,0.06143740828468024,0.9900989938490938,0.0027487751469726803,0.9455099328323334,0.015127850655223115,0.8432870833436027,30
LADE,IMG-0082-00010.png,tsallis,9,25.582101323947747,1.6695826445266295,0.515048176354371,0.09230457940049114,0.9940801023378315,0.0021892623437304564,0.9674199150752217,0.01204857873425303,1.0081931888901938,30
LADE,IMG-0082-00010.png,tsallis,11,30.10315240439791,3.6076024198755263,0.7460799885277686,0.1650113772939582,0.9973915352099288,0.0018388310452141874,0.9856443456908205,0.01011998433659594,1.053225254220888,30
LADE,IMG-0082-00010.png,tsallis,12,33.93861710572633,3.3427576522609384,0.8975209270817472,0.1403540062435416,0.9988096008540416,0.0014523940900367342,0.9934486527499354,0.007993233244560843,1.356219082015256,30
LSHADE,IMG-0003-00010.png,kapur,3,19.10757118073719,0.0,0.249705583183391,0.0,0.9754391481845052,0.0,0.7845137212565102,0.0,0.7099016402770455,30
LSHADE,IMG-0003-00010.png,kapur,5,28.5647632374504,0.0,0.8911941288099337,0.0,0.9972169972869094,0.0,0.9755831392623523,0.0,0.7917951263953,30
LSHADE,IMG-0003-00010.png,kapur,7,32.00880773631725,0.03976606315223861,0.9358270740443665,0.0004981263831016336,0.9987416802527498,1.1462752641077286e-05,0.9889600474022107,0.00010056922819031612,0.9183555833917733,30
LSHADE,IMG-0003-00010.png,kapur,9,33.83889460608491,0.036177768193660816,0.9538260813510016,0.0005901590019313282,0.9991752436885025,6.884859397403238e-06,0.9927639452503565,6.040477514217744e-05,1.0486137568174552,30
LSHADE,IMG-0003-00010.png,kapur,11,35.81658116395998,0.0,0.9694848886334542,0.0,0.9994768149060064,0.0,0.9954098005294898,0.0,1.1758523293227578,30
LSHADE,IMG-0003-00010.png,kapur,12,36.70417129530743,0.029593225654513815,0.9751103682659614,0.00023796182052354073,0.9995739115768901,2.7304976495367663e-06,0.996261684676029,2.395620404470144e-05,1.2388075639338543,30
LSHADE,IMG-0003-00010.png,otsu,3,27.26380124179377,0.0,0.8128651641409868,0.0,0.996247838381606,0.0,0.9670801586823714,0.0,0.6218195014866069,30
LSHADE,IMG-0003-00010.png,otsu,5,30.849202208223364,0.0,0.9304061424792406,0.0,0.998359243726476,0.0,0.9856047149193873,0.0,0.7242655208644767,30
LSHADE,IMG-0003-00010.png,otsu,7,33.332774805638905,0.0,0.9544768958414568,0.0,0.9990735311883646,0.0,0.99187156381664,0.0,0.821572987556768,30
LSHADE,IMG-0003-00010.png,otsu,9,35.416336405045655,0.0,0.9681558540085317,0.0,0.9994267269379268,0.0,0.994970350386134,0.0,0.9237818527811518,30
LSHADE,IMG-0003-00010.png,otsu,11,37.07431054513475,0.0007249839504802353,0.9769912723507396,9.855306489016975e-05,0.9996090189163074,1.9108175348106094e-08,0.9965697012702592,1.6764685717074218e-07,1.021232106909156,30
LSHADE,IMG-0003-00010.png,otsu,12,37.788688623965044,0.0005321979243750398,0.9807179708027882,4.315705981191297e-05,0.9996684303720234,2.2532079618073094e-08,0.9970909516569789,1.9768670994606594e-07,1.0710053444529573,30
LSHADE,IMG-0003-00010.png,tsallis,3,16.69619435726649,0.0,0.1944407790792168,0.0,0.957206016608228,0.0,0.6245441199280385,0.0,0.6696619876039525,30
LSHADE,IMG-0003-00010.png,tsallis,5,21.501728496063343,0.0,0.3262149417406088,0.0,0.9858478443297494,0.0,0.875835114169087,0.0,0.792795370821841,30
LSHADE,IMG-0003-00010.png,tsallis,7,22.9222343104711,0.0019451817145502946,0.3682998044689454,6.411150178036927e-05,0.9897998051371507,4.5158432105384214e-06,0.9105079070560901,3.9620052926039694e-05,0.8799198750406504,30
LSHADE,IMG-0003-00010.png,tsallis,9,24.781491568432877,0.0010800628303492044,0.43938719732087844,6.58324362922344e-05,0.9933514656259301,1.6496560047419582e-06,0.9416686382814038,1.447336746840482e-05,0.9822173624144246,30
LSHADE,IMG-0003-00010.png,tsallis,11,27.439143240670585,0.0012330944494215472,0.5428738495782348,0.00010898513634256113,0.9963942319161675,1.1688414142835828e-06,0.9683645521648021,1.0254908449146567e-05,1.0877758041334649,30
LSHADE,IMG-0003-00010.png,tsallis,12,28.633139058125504,0.05503082787473532,0.6244049627362008,0.00035320281985819045,0.9972607904777017,3.355676346515352e-05,0.97596736175549,0.00029441251224084005,1.1370560666391005,30
LSHADE,IMG-0004-00010.png,kapur,3,19.91988093885099,0.0,0.2821441111549853,0.0,0.9796315096962656,0.0,0.8474179504742365,0.0,0.6592408722344165,30
LSHADE,IMG-0004-00010.png,kapur,5,29.523397224778964,0.0,0.9089205584096904,0.0,0.9977690870376392,0.0,0.9832880460439334,0.0,0.7895727013625825,30
LSHADE,IMG-0004-00010.png,kapur,7,31.942982368143085,0.13306532368373758,0.9420079289234551,0.0008176595965008566,0.9987220070149131,3.942902479705071e-05,0.9904264485960268,0.00029536609363825934,0.9199752084522819,30
LSHADE,IMG-0004-00010.png,kapur,9,34.158380525187404,0.0,0.9598405514193428,0.0,0.9992331905353212,0.0,0.994255766727347,0.0,1.0475131389141703,30
LSHADE,IMG-0004-00010.png,kapur,11,35.77127942031334,0.02010116194132893,0.9715831384279415,0.00019037994966193317,0.9994714710247373,2.2244248074020295e-06,0.9960407456283329,1.6663350649161684e-05,1.1791546306572855,30
LSHADE,IMG-0004-00010.png,kapur,12,36.70607264827813,0.03837735920593532,0.9768730149202266,0.00013256526531011656,0.9995739365232031,3.907140883637573e-06,0.996808323172295,2.9268716283194333e-05,1.2405760986575236,30
LSHADE,IMG-0004-00010.png,otsu,3,26.913317112334166,0.0,0.8109151881986946,0.0,0.99592987093804,0.0,0.96951032576065,0.0,0.6206490500364452,30
LSHADE,IMG-0004-00010.png,otsu,5,30.49411812259205,0.0,0.9328374990093312,0.0,0.9982208121315972,0.0,0.9866719561732816,0.0,0.7209034694901978,30
LSHADE,IMG-0004-00010.png,otsu,7,33.11121287291417,0.0,0.955909059487566,0.0,0.9990250788234156,0.0,0.99269678463985,0.0,0.8224582819811379,30
LSHADE,IMG-0004-00010.png,otsu,9,35.12418856547876,0.0018765223272053117,0.969287820102123,0.00011063185242751625,0.9993867446686459,1.2738462353174948e-07,0.9954060534705679,9.542487761113196e-07,0.9222672027690957,30
LSHADE,IMG-0004-00010.png,otsu,11,36.75523449259627,0.0006148980975540771,0.9778087275231458,2.340078559464631e-05,0.9995787703878549,1.960056282987605e-08,0.9968445340531563,1.468294409481357e-07,1.0209397472829247,30
LSHADE,IMG-0004-00010.png,otsu,12,37.43111656211663,0.0010407888725464391,0.9803409623394452,1.408504056553381e-05,0.9996400358588705,4.789487507961747e-09,0.9973034787757815,3.587844800565781e-08,1.070573640242219,30
LSHADE,IMG-0004-00010.png,tsallis,3,19.02841100283329,0.0,0.2614932123937597,0.0,0.9749864365230214,0.0,0.81262132223121,0.0,0.6690325193262349,30
LSHADE,IMG-0004-00010.png,tsallis,5,20.14416588430839,0.0,0.3013147643363906,0.0,0.9806573134022672,0.0,0.8551023310806952,0.0,0.7727472416047628,30
LSHADE,IMG-0004-00010.png,tsallis,7,21.027932403708373,0.10603440059007756,0.32610447116942026,0.002603721834326786,0.9842140465190236,0.00037244448595436343,0.8817461137311625,0.002790012521991873,0.8789825986527527,30
LSHADE,IMG-0004-00010.png,tsallis,9,23.035729325716733,0.0013113251081364075,0.3799256283636278,0.000113195609374022,0.990059475493833,3.111008390432293e-06,0.9255347067998483,2.3304821772057767e-05,0.9806251736513029,30
LSHADE,IMG-0004-00010.png,tsallis,11,26.620175511853,3.269026981946744,0.5255296827748865,0.14813626211087758,0.9946312924841724,0.0026405130222159905,0.9597825669033918,0.019780301962552056,1.0913514111035814,30
LSHADE,IMG-0004-00010.png,tsallis,12,34.092453288150374,0.006462499617916087,0.896447906021985,4.606684214279198e-05,0.9992212579028851,1.1658029561457018e-06,0.9941663783884864,8.733126595868826e-06,1.1370020484396568,30
LSHADE,IMG-0006-00010.png,kapur,3,25.254283064452395,0.0,0.866400465583049,0.0,0.9940375454709705,0.0,0.9701956232531533,0.0,0.6622806708406036,30
LSHADE,IMG-0006-00010.png,kapur,5,29.70003459570789,0.0,0.9069963772533148,0.0,0.997858126576195,0.0,0.9892934692992064,0.0,0.7940434415669491,30
LSHADE,IMG-0006-00010.png,kapur,7,31.948298759926672,0.3666548477170416,0.9255687384332553,0.0027058602439731356,0.9987197456761553,0.00010569888566793762,0.9936004237828783,0.0005283544545001493,0.9218075154349208,30
LSHADE,IMG-0006-00010.png,kapur,9,34.319993937147395,0.0,0.943273355214652,0.0,0.9992610025649196,0.0,0.9963059914565632,0.0,1.049176179105416,30
LSHADE,IMG-0006-00010.png,kapur,11,35.91232075449547,0.14773429764957235,0.9532975707042393,0.0012247581293862004,0.9994883320506006,1.8399842278935022e-05,0.9974423378394018,9.197484503960156e-05,1.1780739125330002,30
LSHADE,IMG-0006-00010.png,kapur,12,36.381058771990595,0.12791611872569142,0.9559697833583535,0.0009713782988551832,0.9995409631841282,1.2990300869131424e-05,0.9977054238092206,6.493430168341531e-05,1.2431885096632564,30
LSHADE,IMG-0006-00010.png,otsu,3,27.882416866908653,0.0,0.8202454609758667,0.0,0.9967478861755524,0.0,0.9837437375537955,0.0,0.6226654652738943,30
LSHADE,IMG-0006-00010.png,otsu,5,31.481949255466056,0.0,0.9213428392265904,0.0,0.99858135529857,0.0,0.9929086551611448,0.0,0.7233022055588663,30
LSHADE,IMG-0006-00010.png,otsu,7,33.77502813081769,0.012425005474229435,0.9436705415300602,0.0006043394916478612,0.9991639481995966,2.537964670401621e-06,0.9958208481561105,1.2686462401906531e-05,0.8218401069287211,30
LSHADE,IMG-0006-00010.png,otsu,9,35.824420320552456,0.0,0.958017991805066,0.0,0.9994785246082916,0.0,0.997393313615556,0.0,0.9225024764193221,30
LSHADE,IMG-0006-00010.png,otsu,11,37.31926014797474,0.0012041076792707144,0.9682840720467517,5.401306060705663e-05,0.9996308406961348,2.3100997798464914e-08,0.9981546923471815,1.1547439693302188e-07,1.023265247279778,30
LSHADE,IMG-0006-00010.png,otsu,12,37.95162244752749,0.036591535011690234,0.9721306323372456,0.001216021840299844,0.9996805567025612,2.749753573491278e-06,0.9984032065419082,1.3745126451732272e-05,1.0728758444466318,30
LSHADE,IMG-0006-00010.png,tsallis,3,20.2143298630985,0.0,0.3351939103691839,0.0,0.9809636660857032,0.0,0.9048435396700945,0.0,0.6674058278634524,30
LSHADE,IMG-0006-00010.png,tsallis,5,21.164207382236985,0.0,0.3644306058845636,0.0,0.9847057934822064,0.0,0.9235492210664152,0.0,0.7775956777933364,30
LSHADE,IMG-0006-00010.png,tsallis,7,25.02544305705742,0.0,0.4840297348065628,0.0,0.9937135170416644,0.0,0.9685759102076772,0.0,0.878094523656182,30
LSHADE,IMG-0006-00010.png,tsallis,9,27.78236748757216,2.584123523516592,0.6079816846093637,0.13419774951684832,0.9962704217327791,0.0011953359102003808,0.9813570476316584,0.00597509660378851,0.9865484347023691,30
LSHADE,IMG-0006-00010.png,tsallis,11,35.665762676372694,0.16645634443528054,0.9545744355583315,0.00066939760254067,0.9994611681497876,1.99390169235151e-05,0.9973065543076699,9.966867998009252e-05,1.0860601387995605,30
LSHADE,IMG-0006-00010.png,tsallis,12,36.40242814676243,0.016421893678887516,0.9589602843154019,0.00025736761546763865,0.9995456546501603,1.7794833953528444e-06,0.9977288749266138,8.895060460700569e-06,1.1384564999956637,30
LSHADE,IMG-0010-00010.png,kapur,3,26.44220101025764,0.0,0.8992000553654897,0.0,0.9954627814391611,0.0,0.97267493092016,0.0,0.6626298973181596,30
LSHADE,IMG-0010-00010.png,kapur,5,29.79012272737505,0.0,0.932050669242259,0.0,0.9979021838688799,0.0,0.9873660547908332,0.0,0.7903290680764864,30
LSHADE,IMG-0010-00010.png,kapur,7,32.945539708021435,0.0,0.9549981595047552,0.0,0.9989852970247164,0.0,0.993889025066048,0.0,0.9220495901303366,30
LSHADE,IMG-0010-00010.png,kapur,9,34.35060964473603,0.09236010169120867,0.963412302004656,0.0005000783169066794,0.9992662041036507,1.4914925098671507e-05,0.9955807675364584,8.982405259432518e-05,1.049038768125077,30
LSHADE,IMG-0010-00010.png,kapur,11,36.19017584233477,0.013596610427825678,0.9718019086549906,7.189290175703204e-05,0.9995193998206642,1.3504563348528207e-06,0.9971056203433789,8.133025144116346e-06,1.1791541583525638,30
LSHADE,IMG-0010-00010.png,kapur,12,36.755698369093814,0.16480350281589753,0.9738018258001245,0.0003867094304645017,0.9995781975131298,1.620635804453749e-05,0.9974597251736442,9.760161366757615e-05,1.2426941334735602,30
LSHADE,IMG-0010-00010.png,otsu,3,28.358944875864964,0.0,0.8472318448034492,0.0,0.9970870860995646,0.0,0.9824571877052564,0.0,0.6212850069471946,30
LSHADE,IMG-0010-00010.png,otsu,5,31.359473283834145,0.001041024903297909,0.9470418718701343,0.0005874808709766242,0.9985405122212262,4.9337016501744425e-08,0.9912103409078891,2.971285963105336e-07,0.7205697443258638,30
LSHADE,IMG-0010-00010.png,otsu,7,33.972728367428296,0.0,0.9622413319493026,0.0,0.9991996787631188,0.0,0.9951801235072527,0.0,0.8222998944576829,30
LSHADE,IMG-0010-00010.png,otsu,9,36.013112193505144,0.0,0.9732191277077796,0.0,0.9995004973263872,0.0,0.99699178144517,0.0,0.9228889221558347,30
LSHADE,IMG-0010-00010.png,otsu,11,37.5775392703288,0.0,0.9792243418774376,0.0,0.999651970809326,0.0,0.9979040194891547,0.0,1.0292523069229598,30
LSHADE,IMG-0010-00010.png,otsu,12,38.279327845384685,0.005104800598264749,0.9821589416967021,0.0001416931183014557,0.9997039211146636,4.140038433319947e-07,0.9982168864280134,2.4933080622979224e-06,1.0733942417427897,30
LSHADE,IMG-0010-00010.png,tsallis,3,18.82935907097575,0.0,0.2951401539376624,0.0,0.9738160247832528,0.0,0.8423089119493175,0.0,0.668848945829086,30
LSHADE,IMG-0010-00010.png,tsallis,5,19.77089084795761,0.0,0.3254791022807691,0.0,0.9789200152198034,0.0,0.8730473234654259,0.0,0.7729888846554483,30
LSHADE,IMG-0010-00010.png,tsallis,7,21.548498984018515,0.001236525273604408,0.37119807526673887,0.000249838090121423,0.9859993491683594,3.964858899674952e-06,0.9156820977417133,2.3878074611546858e-05,0.8780746596787746,30
LSHADE,IMG-0010-00010.png,tsallis,9,22.228651551840063,0.0,0.3919834231815489,0.0,0.9880291576402244,0.0,0.9279064717648808,0.0,0.9835900971355538,30
LSHADE,IMG-0010-00010.png,tsallis,11,32.229539499447654,4.652802203540888,0.8047910501865024,0.19578350464629815,0.9977846512587336,0.002540393011325142,0.9866582231868845,0.015299332309785786,1.0919298512550693,30
LSHADE,IMG-0010-00010.png,tsallis,12,36.36702792594182,0.05145598575998823,0.9750519085893494,0.0003988073330528558,0.9995414213403923,5.454852935890541e-06,0.9972382433457195,3.2851455422134786e-05,1.1383063235552981,30
LSHADE,IMG-0011-00010.png,kapur,3,23.821025596734717,2.3499956351193423,0.3995723709410093,0.2587589461357042,0.9907692597002836,0.0032391957088370523,0.8279244237969028,0.060383723291388865,0.6612711667238425,30
LSHADE,IMG-0011-00010.png,kapur,5,31.058937994403337,0.0,0.9333508746264776,0.0,0.9984329341484812,0.0,0.970787417845934,0.0,0.7976323000000168,30
LSHADE,IMG-0011-00010.png,kapur,7,34.351741755978324,0.0,0.9585916250252432,0.0,0.9992665578462798,0.0,0.98632748001621,0.0,0.9197271804480504,30
LSHADE,IMG-0011-00010.png,kapur,9,36.38172357480644,0.02286346016759213,0.9675574804641605,8.010635480250738e-05,0.9995410695527717,2.5162926656883052e-06,0.9914448117290859,4.690766897212518e-05,1.0502510596998036,30
LSHADE,IMG-0011-00010.png,kapur,11,37.890002698600945,0.1133134178250246,0.9747087096773316,0.0006762559802195309,0.9996758527350581,8.774472588552516e-06,0.9939573830940472,0.00016357002553695296,1.1775648250477389,30
LSHADE,IMG-0011-00010.png,kapur,12,38.281082112597986,0.2078198422186558,0.9764039925650864,0.0010099769434158354,0.9997040623272326,1.3355766741081444e-05,0.9944832544402527,0.0002489725832359195,1.2426303973809505,30
LSHADE,IMG-0011-00010.png,otsu,3,29.508919838241216,0.0,0.9210940225260386,0.0,0.9977651277495252,0.0,0.9583384519817328,0.0,0.6300759763844932,30
LSHADE,IMG-0011-00010.png,otsu,5,33.444890791810906,0.0,0.9539623155016131,0.0,0.9990968574919123,0.0,0.9831639974231022,0.0,0.7228419096907601,30
LSHADE,IMG-0011-00010.png,otsu,7,36.28364589124375,0.0,0.971401936168272,0.0,0.9995302749666852,0.0,0.991243583597825,0.0,0.8253090527607128,30
LSHADE,IMG-0011-00010.png,otsu,9,38.270985495452514,0.0,0.9794134329635464,0.0,0.9997029072531588,0.0,0.994461722035442,0.0,0.9222793625512471,30
LSHADE,IMG-0011-00010.png,otsu,11,39.889838416848924,0.0012725533159489769,0.9842591073312986,0.00014465184232359828,0.9997962072588613,8.985135705245986e-08,0.9962009814794041,1.6749711877885066e-06,1.021874682061995,30
LSHADE,IMG-0011-00010.png,otsu,12,40.625161110284495,0.0017918903915822163,0.9863487795205609,7.853481493358957e-05,0.999827734956535,2.736229433538711e-08,0.9967887075520029,5.10076376166548e-07,1.0735912722380212,30
LSHADE,IMG-0011-00010.png,tsallis,3,20.547755687859794,0.0,0.2076787078719516,0.0,0.9823722334853,0.0,0.6713905947192665,0.0,0.6659882471353437,30
LSHADE,IMG-0011-00010.png,tsallis,5,22.606250509822072,0.7089819481420165,0.2714612228785158,0.022168681284664798,0.9888738986230506,0.002035333406312237,0.7925919001977021,0.0379418288549792,0.7714680208126083,30
LSHADE,IMG-0011-00010.png,tsallis,7,23.371708153797876,0.0009599233240847745,0.29148683054828095,0.00013371695857731063,0.9907997727087329,1.965435316671835e-06,0.8284932344599769,3.6638818082343056e-05,0.8757482152897864,30
LSHADE,IMG-0011-00010.png,tsallis,9,26.407031361517795,0.04112474969523026,0.408155895105716,0.0005856550857107424,0.9954288696843206,4.469379921748652e-05,0.9147869122702802,0.0008331629970445805,0.9812008153414353,30
LSHADE,IMG-0011-00010.png,tsallis,11,28.209771249329453,0.004935099371190903,0.5637825604386372,0.000271185187618292,0.9969841643176811,3.4157904996205833e-06,0.9437800603289825,6.36757290666577e-05,1.0898114945273847,30
LSHADE,IMG-0011-00010.png,tsallis,12,28.70487655121836,0.5187700351992663,0.5690507814237223,0.0044999312467664645,0.9972900047996157,0.00031437175628359107,0.9494814098899407,0.005860385987258875,1.1392195251149435,30
LSHADE,IMG-0012-00010.png,kapur,3,26.25183883799672,0.3020838684358535,0.9051291215789328,0.007083337404642939,0.9952496466042221,0.000310476930795538,0.9631143075179123,0.0024108009737306086,0.6613905985606834,30
LSHADE,IMG-0012-00010.png,kapur,5,30.522148896519266,0.0,0.9489400495230148,0.0,0.9982268570327716,0.0,0.9862318440825693,0.0,0.7907723375518496,30
LSHADE,IMG-0012-00010.png,kapur,7,33.18430162785664,0.02421621745209398,0.9644743315345009,2.6041673609069593e-05,0.9990399820186153,5.49287914346528e-06,0.9925456223804101,4.2651279609354444e-05,0.9177727220890423,30
LSHADE,IMG-0012-00010.png,kapur,9,35.43960687156247,0.029812849858284772,0.9756795589111987,4.673117494001238e-05,0.9994290702106484,3.907601897579958e-06,0.9955668265317686,3.0341869315172567e-05,1.0455255792786677,30
LSHADE,IMG-0012-00010.png,kapur,11,37.310658403278715,0.15019582376101487,0.9829261318114316,0.0007409809833938115,0.9996292669414569,1.3436743930727628e-05,0.9971213203627093,0.00010433404913197351,1.1767575625019768,30
LSHADE,IMG-0012-00010.png,kapur,12,37.86211964330448,0.021292914667635575,0.9844914848919192,0.00010086486153096665,0.9996738560545191,1.5633557547344866e-06,0.9974675473010925,1.2139193614532229e-05,1.2396109166322276,30
LSHADE,IMG-0012-00010.png,otsu,3,28.33752546762572,0.0,0.9328582747904256,0.0,0.9970718199392736,0.0,0.9772631759674696,0.0,0.6229188013356179,30
LSHADE,IMG-0012-00010.png,otsu,5,31.96598853245249,0.0,0.9603559331501904,0.0,0.998730561747298,0.0,0.9901430261892136,0.0,0.7215788278495893,30
LSHADE,IMG-0012-00010.png,otsu,7,34.39701250752917,0.0,0.9726400685872288,0.0,0.9992743795184666,0.0,0.9943656794114872,0.0,0.8241779471437136,30
LSHADE,IMG-0012-00010.png,otsu,9,36.33623388986942,0.0,0.9800463536234312,0.0,0.9995358358701626,0.0,0.9963958438608772,0.0,0.9212698250543326,30
LSHADE,IMG-0012-00010.png,otsu,11,38.0180054948589,0.0006747469327117826,0.9858681531804082,3.1851088895752545e-05,0.9996852547921785,2.208792217550718e-08,0.9975560565754475,1.7150898856971366e-07,1.0210398027440533,30
LSHADE,IMG-0012-00010.png,otsu,12,38.73363020033801,0.0009802820968211805,0.9875293364840926,2.0817876205073802e-05,0.9997332229804236,2.153652034753439e-08,0.9979285214623966,1.6722744662908763e-07,1.070184987449708,30
LSHADE,IMG-0012-00010.png,tsallis,3,21.731539589192646,0.0,0.2911459957192091,0.0,0.9865768754192956,0.0,0.8957717028226414,0.0,0.6679713014668475,30
LSHADE,IMG-0012-00010.png,tsallis,5,23.238566381459073,0.08581242319554644,0.34921186890513034,0.010011618919806384,0.990514600937717,0.00019043402006412488,0.926347476970404,0.0014786880294958428,0.7724161569727584,30
LSHADE,IMG-0012-00010.png,tsallis,7,24.88394736870504,0.0,0.4105322609837457,0.0,0.9935050061128212,0.0,0.9495674685154066,0.0,0.8787668401453023,30
LSHADE,IMG-0012-00010.png,tsallis,9,25.26698711279869,0.0,0.415877967685798,0.0,0.9940562085120664,0.0,0.9538474621285165,0.0,0.9834512820234522,30
LSHADE,IMG-0012-00010.png,tsallis,11,26.429236421406717,0.20235889028895698,0.4850656433187608,0.02285234001696727,0.9954458144691194,0.00019643702129435578,0.9646375178849351,0.0015253003210245386,1.08797146792834,30
LSHADE,IMG-0012-00010.png,tsallis,12,27.20416501492723,0.001932484686508056,0.5705169451623936,0.00014323414658225182,0.9961953665539547,1.5907831642605533e-06,0.9704576633345581,1.2352162821411755e-05,1.1404212209318454,30
LSHADE,IMG-0016-00010.png,kapur,3,24.808892077947448,0.0,0.8598605536144208,0.0,0.9933927844379116,0.0,0.9649904803095984,0.0,0.6614234083176901,30
LSHADE,IMG-0016-00010.png,kapur,5,28.334170750165548,0.042002607034380066,0.8991560607298521,0.00013805821085510064,0.9970663039454396,2.9047053930804983e-05,0.9844552839509108,0.00015391103816445568,0.7930468264656763,30
LSHADE,IMG-0016-00010.png,kapur,7,31.92584728594092,0.027369894167202934,0.9299746837103903,0.00014460940189876584,0.9987168258202714,8.187182969089329e-06,0.9932008708828604,4.338126108821103e-05,0.9194213930362215,30
LSHADE,IMG-0016-00010.png,kapur,9,34.08709401044499,0.008190236667081442,0.9484598024799666,0.00023342346014197855,0.9992206628518562,1.2145058646692476e-06,0.9958705419889793,6.4352777025917125e-06,1.0463092847183968,30
LSHADE,IMG-0016-00010.png,kapur,11,35.577676332485154,0.008426166585246253,0.9582139276587778,4.854666915800744e-05,0.999447194070372,1.0719011317724873e-06,0.9970708583825639,5.67966088362343e-06,1.179044995837224,30
LSHADE,IMG-0016-00010.png,kapur,12,36.14681153100021,0.06570765022294114,0.9615887095160297,0.0006436767958723029,0.999515181722662,7.508882190627879e-06,0.9974311031829923,3.9787162449133745e-05,1.2452212445049857,30
LSHADE,IMG-0016-00010.png,otsu,3,27.298550003587163,0.0,0.8180090143646701,0.0,0.9962757367048404,0.0,0.9802663212757474,0.0,0.6221957361558452,30
LSHADE,IMG-0016-00010.png,otsu,5,30.709883848152188,0.0,0.9257536519390452,0.0,0.9983069030211824,0.0,0.9910288212242112,0.0,0.7222381264825041,30
LSHADE,IMG-0016-00010.png,otsu,7,33.029875300360146,0.0,0.9455447815518436,0.0,0.9990063517985864,0.0,0.9947349763382436,0.0,0.8213935263144473,30
LSHADE,IMG-0016-00010.png,otsu,9,35.02058848627294,0.0005467549228673737,0.9583139955596489,1.8910736697865126e-05,0.9993720678716608,5.097503915980972e-08,0.9966727887103505,2.7010041071153454e-07,0.9235222791554406,30
LSHADE,IMG-0016-00010.png,otsu,11,36.61566601840693,0.0,0.9682014903759664,0.0,0.9995653594166244,0.0,0.9976969787168374,0.0,1.0210775763572504,30
LSHADE,IMG-0016-00010.png,otsu,12,37.356039112271866,0.004318296602064479,0.9724773638602868,6.0748062966502585e-05,0.9996333907034576,4.3387273759340967e-07,0.9980574547227387,2.298952714556113e-06,1.0761257541443532,30
LSHADE,IMG-0016-00010.png,tsallis,3,19.44037390286223,0.0,0.30046233462434,0.0,0.9772503235845188,0.0,0.8794567489233998,0.0,0.6675551680227121,30
LSHADE,IMG-0016-00010.png,tsallis,5,22.5992337490492,0.0,0.3861639100934106,0.0,0.9890126573457148,0.0,0.9417815893267444,0.0,0.7756610567991932,30
LSHADE,IMG-0016-00010.png,tsallis,7,24.37872891309121,0.29651456380644625,0.44527004868915276,0.0074328275540554555,0.9926911202726428,0.00047985050133586115,0.9612725865646188,0.002542574162610357,0.8784158097192024,30
LSHADE,IMG-0016-00010.png,tsallis,9,25.27841018535145,0.16429573664433944,0.49122348412878564,0.001011445237321608,0.9940703982008525,0.000203718991440054,0.9685809386733734,0.0010794417065871293,0.9856260652421043,30
LSHADE,IMG-0016-00010.png,tsallis,11,28.189880942248926,0.9328649294278124,0.6353684060665986,0.0469527340838581,0.9969198906567367,0.0004065857361884337,0.9836794868143396,0.002154367630837039,1.0849500082898884,30
LSHADE,IMG-0016-00010.png,tsallis,12,34.25074144975325,0.01879765963460487,0.8900758656871973,0.0004204076335356364,0.9992495761729449,3.121822561499248e-06,0.9960237444196343,1.6541538172381638e-05,1.1388038957491518,30
LSHADE,IMG-0017-00010.png,kapur,3,27.107718408368765,0.0,0.9066872903801994,0.0,0.9961080039546224,0.0,0.967847740451084,0.0,0.6608515527875473,30
LSHADE,IMG-0017-00010.png,kapur,5,30.546900642294727,0.0,0.9434583237320928,0.0,0.9982374894327,0.0,0.9854396827343024,0.0,0.7876246015075594,30
LSHADE,IMG-0017-00010.png,kapur,7,33.22689423912876,0.0,0.9628361130525196,0.0,0.9990493296779356,0.0,0.9921463951699608,0.0,0.9193513555607448,30
LSHADE,IMG-0017-00010.png,kapur,9,35.54882387051028,0.07425042385595441,0.9772128681280815,0.0003849283454949324,0.9994436096507464,9.606557759058184e-06,0.9954035906740032,7.936095896309415e-05,1.0697537778100619,30
LSHADE,IMG-0017-00010.png,kapur,11,37.07266329089683,0.024035367894381817,0.9838001565991276,4.61807710498027e-05,0.999608005392594,2.246234882081153e-06,0.9967616841815485,1.855642351514605e-05,1.253871190462572,30
LSHADE,IMG-0017-00010.png,kapur,12,37.93296080447228,0.0,0.9861421999713051,0.0,0.9996786291096084,0.0,0.9973451154217872,0.0,1.2402982277873282,30
LSHADE,IMG-0017-00010.png,otsu,3,28.49306420517327,0.0,0.9262033622342448,0.0,0.997174941265888,0.0,0.9766618412246376,0.0,0.6196407264486576,30
LSHADE,IMG-0017-00010.png,otsu,5,31.89813991484384,0.0,0.960257276498402,0.0,0.9987100540283756,0.0,0.9893435971670624,0.0,0.7220657805368925,30
LSHADE,IMG-0017-00010.png,otsu,7,34.44276552495531,0.0,0.9742205407714252,0.0,0.9992820382639503,0.0,0.9940688295120252,0.0,0.8251677236597365,30
LSHADE,IMG-0017-00010.png,otsu,9,36.4331217079216,0.0,0.9825575298492136,0.0,0.9995461022697086,0.0,0.9962502948454114,0.0,0.9198286972474307,30
LSHADE,IMG-0017-00010.png,otsu,11,37.9812098990089,0.0,0.9869467822993784,0.0,0.9996822961820796,0.0,0.9973754095599371,0.0,1.0218877138647562,30
LSHADE,IMG-0017-00010.png,otsu,12,38.712515928297826,0.0033785620473966915,0.9888140743600666,3.848664447105499e-05,0.99973202233531,7.727597498729045e-08,0.9977862034472879,6.383863645124601e-07,1.0676327653539677,30
LSHADE,IMG-0017-00010.png,tsallis,3,20.187371645084752,0.0,0.2287302288492926,0.0,0.9808453178157744,0.0,0.841760807055373,0.0,0.6674700305098668,30
LSHADE,IMG-0017-00010.png,tsallis,5,21.437025698662943,0.0,0.2694057774217919,0.0,0.9856348417525628,0.0,0.8813276552576642,0.0,0.7731472237113243,30
LSHADE,IMG-0017-00010.png,tsallis,7,22.448962131227287,0.0,0.2967582320572439,0.0,0.9886248249732428,0.0,0.9060282755659462,0.0,0.8778859472445523,30
LSHADE,IMG-0017-00010.png,tsallis,9,23.529947612414716,5.613610047843664e-05,0.3497712017506814,2.3389425405781398e-05,0.9911303850035975,2.0209403711537148e-07,0.9267270161278841,1.6695237761308985e-06,0.9818050403458377,30
LSHADE,IMG-0017-00010.png,tsallis,11,25.478366413724764,0.14527837855887182,0.4534857055306378,0.015056427179330317,0.9943357495197429,0.00020162105528944693,0.9532069278930544,0.0016656164149734035,1.0882458444529524,30
LSHADE,IMG-0017-00010.png,tsallis,12,26.95152774118534,0.2350767786049395,0.5403414894320182,0.0348795332863286,0.9959614182930989,0.0002293076162129761,0.9666367782146099,0.001894338510897893,1.1363789638892436,30
LSHADE,IMG-0020-00010.png,kapur,3,23.59700498534185,0.0,0.4189823799932403,0.0,0.9912653906321702,0.0,0.9470851143061328,0.0,0.6596928151402002,30
LSHADE,IMG-0020-00010.png,kapur,5,28.197122956343247,0.0,0.8748633289390544,0.0,0.9969722221977528,0.0,0.9816575064132336,0.0,0.791977448691614,30
LSHADE,IMG-0020-00010.png,kapur,7,31.413408028704144,0.0,0.9213158550512752,0.0,0.998556096537102,0.0,0.9912527299762682,0.0,0.9196919652400538,30
LSHADE,IMG-0020-00010.png,kapur,9,33.546715425775666,0.037543207425136414,0.9471122867798178,0.00015088988030982647,0.9991171968252747,7.618923326476563e-06,0.9946519154877353,4.615598018811931e-05,1.0476729375465463,30
LSHADE,IMG-0020-00010.png,kapur,11,35.35513079655431,0.08379289598746652,0.9616175102557739,0.0003867455830817618,0.999418209648918,1.1169490594450712e-05,0.9964754726137285,6.766556959528916e-05,1.1746077527912955,30
LSHADE,IMG-0020-00010.png,kapur,12,36.09670927307706,0.06449378659023905,0.966499821835091,0.0003858737838485475,0.9995096941289638,7.068934734643973e-06,0.9970296921100487,4.282411012429278e-05,1.2401896415666367,30
LSHADE,IMG-0020-00010.png,otsu,3,26.8976522268559,0.0,0.8024343309905827,0.0,0.9959152100124464,0.0,0.9752540513064116,0.0,0.6246996819507331,30
LSHADE,IMG-0020-00010.png,otsu,5,30.39682219556598,0.0,0.8545926727178036,0.0,0.998178653350726,0.0,0.9889661522689028,0.0,0.7238847680467492,30
LSHADE,IMG-0020-00010.png,otsu,7,32.84288692820143,0.0002083287417568842,0.9451383252304398,9.844992600505189e-05,0.9989640691215932,3.951787541827622e-08,0.993724256951945,2.394021041684053e-07,0.8212438734791552,30
LSHADE,IMG-0020-00010.png,otsu,9,34.77846035508944,0.0,0.96120598354047,0.0,0.9993363103446048,0.0,0.9959793207947233,0.0,0.9218849055236206,30
LSHADE,IMG-0020-00010.png,otsu,11,36.38444086176381,0.00024306940421587065,0.9704155871075506,0.00011382803865291059,0.9995415940162163,2.0146952419219813e-08,0.9972229438991698,1.220516730976316e-07,1.0212294889148326,30
LSHADE,IMG-0020-00010.png,otsu,12,37.08027419647194,0.0014200711967388697,0.9742965377832079,2.7763206153896334e-05,0.9996101963703198,2.112979172076546e-08,0.9976385418466969,1.2800578294684018e-07,1.0752808859804646,30
LSHADE,IMG-0020-00010.png,tsallis,3,16.733322506953215,0.0,0.2487842685528512,0.0,0.957569722562624,0.0,0.7429543570858457,0.0,0.6695144555143391,30
LSHADE,IMG-0020-00010.png,tsallis,5,22.520054131362645,0.0645605345002255,0.39935514812819584,0.0023573040634175327,0.9888058481966776,0.00017008938050701986,0.9321850310450948,0.0010304135821363907,0.7739661138427133,30
LSHADE,IMG-0020-00010.png,tsallis,7,25.026836710096312,0.0034143571292107673,0.48052835572720914,0.00030161206798309434,0.9937149496260691,5.206423465330733e-06,0.9619247171669018,3.15408841930702e-05,0.876828480581753,30
LSHADE,IMG-0020-00010.png,tsallis,9,27.244509008001423,0.0802558925258363,0.5729554547014631,0.0005131573434831216,0.9962284016728642,7.234438727179185e-05,0.9771513886930525,0.0004382674509955817,0.9829834014332542,30
LSHADE,IMG-0020-00010.png,tsallis,11,30.008885721052366,0.5024864759788574,0.6801394638264209,0.041954924541158116,0.997995317321963,0.00020548189995786906,0.9878554895481072,0.0012448239858875445,1.089863598641629,30
LSHADE,IMG-0020-00010.png,tsallis,12,33.73229268311504,0.28406110153325287,0.8960801755492613,0.0011747938057775575,0.9991524726505538,5.959420232963384e-05,0.9948656189498817,0.00036102592245331,1.142827016650699,30
LSHADE,IMG-0022-00010.png,kapur,3,25.27849639337541,0.0,0.8861963809247383,0.0,0.994069856442934,0.0,0.9693007740088794,0.0,0.6722679416959484,30
LSHADE,IMG-0022-00010.png,kapur,5,30.204592520323725,0.0,0.9348013204629292,0.0,0.9980926437391516,0.0,0.9901259791885492,0.0,0.7962795597501099,30
LSHADE,IMG-0022-00010.png,kapur,7,32.43196204413556,0.4949004313966264,0.9515669663152344,0.0028026804661842176,0.998851264843227,0.0001323131130275987,0.9940532164453764,0.0006849598360196831,0.9258011790535723,30
LSHADE,IMG-0022-00010.png,kapur,9,34.32210527505766,0.0,0.962099586203884,0.0,0.9992615874814024,0.0,0.9961773787489364,0.0,1.0529323430421451,30
LSHADE,IMG-0022-00010.png,kapur,11,36.37199001444068,0.0,0.9728033203890468,0.0,0.999539760473006,0.0,0.9976174274512456,0.0,1.1843619567962984,30
LSHADE,IMG-0022-00010.png,kapur,12,36.929410544307565,4.753526098329102e-05,0.9754162747251623,9.08991349030546e-06,0.9995959118554884,1.4655589545480992e-07,0.9979081124850833,7.586920135719622e-07,1.245249054247203,30
LSHADE,IMG-0022-00010.png,otsu,3,27.6470837557985,0.0,0.8320331430670007,0.0,0.996565960698968,0.0,0.9822226312819756,0.0,0.6254108597602074,30
LSHADE,IMG-0022-00010.png,otsu,5,31.365514063112983,0.0,0.9449825818562588,0.0,0.9985414628866484,0.0,0.9924494306034352,0.0,0.7252948666457086,30
LSHADE,IMG-0022-00010.png,otsu,7,33.9209824257416,0.0,0.962657025252914,0.0,0.999190593041305,0.0,0.9958098540272,0.0,0.8289656847016886,30
LSHADE,IMG-0022-00010.png,otsu,9,35.83342258760076,0.0,0.973300274275243,0.0,0.9994792752031996,0.0,0.9973043067065208,0.0,0.9381945348034303,30
LSHADE,IMG-0022-00010.png,otsu,11,37.363716069463194,0.00016513290028659188,0.9790871192537715,3.6042398265102205e-06,0.9996341145941289,2.272396112276071e-08,0.9981058808014344,1.1763762752325203e-07,1.0462469208985568,30
LSHADE,IMG-0022-00010.png,otsu,12,38.06084780435893,0.00022508746444246396,0.9815052542107472,8.086404890070136e-05,0.9996881614291891,5.2302655971776516e-08,0.9983856709933,2.7076090843863134e-07,1.0928176333506903,30
LSHADE,IMG-0022-00010.png,tsallis,3,19.093237153595624,0.0,0.2836672266203202,0.0,0.9753600744790208,0.0,0.8724437891437511,0.0,0.6725822917418555,30
LSHADE,IMG-0022-00010.png,tsallis,5,20.146123663644556,0.08681662411553506,0.3129723501536231,0.002292153308195106,0.9806616694729899,0.000372977098021007,0.8998891386984555,0.0019308315408346982,0.7769296110607684,30
LSHADE,IMG-0022-00010.png,tsallis,7,22.202659999720584,0.0,0.379507109448929,0.0,0.9879593562652508,0.0,0.9376678760750726,0.0,0.8823752459061022,30
LSHADE,IMG-0022-00010.png,tsallis,9,24.238336852251443,0.14229488062303533,0.45696351763735543,0.00980024282058555,0.992460473470787,0.00022795405646182704,0.9609693042741655,0.0011800748207138358,0.9863638180618485,30
LSHADE,IMG-0022-00010.png,tsallis,11,31.91878737665054,0.8585854690159691,0.8887473143701757,0.002199834329140224,0.9986920050016639,0.0002568362742977024,0.993228758517772,0.001329592572508154,1.0911675818807756,30
LSHADE,IMG-0022-00010.png,tsallis,12,35.32906007427229,0.000974342266856177,0.8971600911289035,1.0365036889682855e-05,0.9994195909747269,1.4935061252950448e-07,0.9969953328005163,7.731597324481606e-07,1.155981080660907,30
LSHADE,IMG-0028-00010.png,kapur,3,26.61277170129681,0.0,0.8798771510869353,0.0,0.9956387103652372,0.0,0.9732952363828858,0.0,0.6623696514715751,30
LSHADE,IMG-0028-00010.png,kapur,5,30.002884963324323,0.0,0.920360508177314,0.0,0.9980025046583236,0.0,0.9877690670895654,0.0,0.7943470125086606,30
LSHADE,IMG-0028-00010.png,kapur,7,32.76778710230794,0.0,0.9442051077529016,0.0,0.998943238543182,0.0,0.9935293073225258,0.0,0.9218731666604678,30
LSHADE,IMG-0028-00010.png,kapur,9,34.50644620975745,0.31181832403254495,0.9561260130937816,0.0022174986280566484,0.9992902421564942,5.427022993254743e-05,0.9956540571657667,0.00033230392456500864,1.0473409680727248,30
LSHADE,IMG-0028-00010.png,kapur,11,36.44906172221507,0.014879826648895545,0.9669246625612928,0.00012422692372348218,0.9995480770054421,1.7810913042488242e-06,0.997232814659542,1.090586185364977e-05,1.1745956597772116,30
LSHADE,IMG-0028-00010.png,kapur,12,36.943291950018285,0.07969115118782469,0.969171979510839,0.00038364378416903095,0.9995967351213635,7.596191823924324e-06,0.9975307548544274,4.651250525334723e-05,1.240241907063561,30
LSHADE,IMG-0028-00010.png,otsu,3,28.308973305981308,0.0,0.9112542844083461,0.0,0.9970541237632992,0.0,0.9819620031838022,0.0,0.6338482472191875,30
LSHADE,IMG-0028-00010.png,otsu,5,31.52079339727741,0.0,0.9397252799897938,0.0,0.9985929215508162,0.0,0.9913842692132436,0.0,0.7338258791016414,30
LSHADE,IMG-0028-00010.png,otsu,7,34.07144485586729,0.0,0.95550014755924,0.0,0.9992177679018236,0.0,0.9952102875468256,0.0,0.8382426457479596,30
LSHADE,IMG-0028-00010.png,otsu,9,36.030633041754776,0.0,0.9682221882005032,0.0,0.9995028835083684,0.0,0.9969560887923208,0.0,0.9421440944618856,30
LSHADE,IMG-0028-00010.png,otsu,11,37.591136808379794,0.0012076538145865002,0.976113785512298,6.48465819565311e-05,0.9996528031901287,9.372337290395377e-08,0.9978740671882173,5.738808308312069e-07,1.0430339541907112,30
LSHADE,IMG-0028-00010.png,otsu,12,38.32863132749715,0.0020049023425066205,0.9786035876131193,0.0001333084206714626,0.9997066852861957,5.1514258215676456e-08,0.9982039945168665,3.154287385768449e-07,1.0784144000227873,30
LSHADE,IMG-0028-00010.png,tsallis,3,18.92625952572576,0.0,0.2800420231167914,0.0,0.9743937770025782,0.0,0.84320964908572,0.0,0.6677529596646006,30
LSHADE,IMG-0028-00010.png,tsallis,5,20.35502568726612,0.0,0.3180368288196536,0.0,0.9815724588687956,0.0,0.8871656846564285,0.0,0.773331718123518,30
LSHADE,IMG-0028-00010.png,tsallis,7,22.03371299173903,0.001369338564174864,0.3703907271990771,0.00035218846022621144,0.9874824869033918,4.146593206354989e-06,0.9233535820105548,2.5390148480902045e-05,0.8791016500676051,30
LSHADE,IMG-0028-00010.png,tsallis,9,23.20473005974051,0.17142987574705412,0.3991670694801711,0.004856394311192858,0.9904324325093009,0.0003630882616582952,0.9414164961222974,0.002223238310624494,0.9830945222095276,30
LSHADE,IMG-0028-00010.png,tsallis,11,31.518960724601882,2.8319026258676394,0.8135589907859971,0.14682654968983164,0.998172058338316,0.0016342546009443472,0.9888072671000665,0.010006760949911974,1.0890939388812209,30
LSHADE,IMG-0028-00010.png,tsallis,12,35.1097157470584,0.5968581698916368,0.9002170398896779,0.02293095390772665,0.999381996804361,9.350471063403869e-05,0.9962158832280674,0.000572541932244981,1.1364991278309995,30
LSHADE,IMG-0040-00010.png,kapur,3,22.49914350654929,0.0,0.3136852367240642,0.0,0.9887525440315272,0.0,0.9091570172516206,0.0,0.6600481874387091,30
LSHADE,IMG-0040-00010.png,kapur,5,29.55904027012064,0.0,0.9197850381970905,0.0,0.9977872488589858,0.0,0.9821281439737964,0.0,0.7902184375096113,30
LSHADE,IMG-0040-00010.png,kapur,7,32.15732582059699,0.0,0.948004755357244,0.0,0.9987840265260864,0.0,0.9901788762167332,0.0,0.9178138500157123,30
LSHADE,IMG-0040-00010.png,kapur,9,34.57637497428616,0.0,0.9678959657527362,0.0,0.9993035024802523,0.0,0.9943745579135346,0.0,1.0497401166552056,30
LSHADE,IMG-0040-00010.png,kapur,11,36.291958877236276,0.042578979637577286,0.9773620716034401,0.0001590032984550488,0.9995312274706446,4.565842620576716e-06,0.9962138376076759,3.6877207038827874e-05,1.1765451514084513,30
LSHADE,IMG-0040-00010.png,kapur,12,37.193001400103576,0.026095384556309664,0.981061688546534,0.0001373218917364439,0.9996190245765728,2.2765466992496314e-06,0.9969229536070235,1.8387117327085356e-05,1.2432542444827657,30
LSHADE,IMG-0040-00010.png,otsu,3,27.058670778287365,0.0,0.8118650550029927,0.0,0.9960654602140392,0.0,0.9682216733365524,0.0,0.6213574904870863,30
LSHADE,IMG-0040-00010.png,otsu,5,30.93019804618676,0.0,0.940634127263,0.0,0.9983884133493586,0.0,0.9869836042290712,0.0,0.7233315235547101,30
LSHADE,IMG-0040-00010.png,otsu,7,33.45569564734214,0.0,0.96307132031114,0.0,0.9990993907031148,0.0,0.9927259964342784,0.0,0.8230044610720749,30
LSHADE,IMG-0040-00010.png,otsu,9,35.421451629188034,0.0,0.9749970252877086,0.0,0.9994269649734484,0.0,0.99537173462362,0.0,0.9225510179142778,30
LSHADE,IMG-0040-00010.png,otsu,11,37.00957030973409,0.002360601024419091,0.9813576015746741,3.24422901157271e-05,0.9996030456306286,2.9727111368862696e-07,0.996793895523593,2.4009869186034468e-06,1.0220216361417747,30
LSHADE,IMG-0040-00010.png,otsu,12,37.79057989785628,0.0008696616512471513,0.9838775386548294,2.2848643697877873e-05,0.9996687041404064,6.701545212631469e-10,0.9973242034339123,5.4126754592920095e-09,1.0701319540617988,30
LSHADE,IMG-0040-00010.png,tsallis,3,20.617708724579792,0.0,0.258170847977848,0.0,0.9826533267435248,0.0,0.8598951137219945,0.0,0.6734977223056678,30
LSHADE,IMG-0040-00010.png,tsallis,5,22.315724371411,0.0,0.3170325108745928,0.0,0.9882668771786448,0.0,0.9052344034924256,0.0,0.774192255626743,30
LSHADE,IMG-0040-00010.png,tsallis,7,23.85177114705334,0.15208302942357813,0.37119299202860895,0.005392552316353233,0.9917592209911267,0.00026413816823093875,0.9334412201803952,0.0021333801285419317,0.8779198638396337,30
LSHADE,IMG-0040-00010.png,tsallis,9,25.97233082178525,0.007098978476553095,0.4496817224276086,0.00046753834073794235,0.9949450328119072,8.435058681701067e-06,0.9591722520764928,6.812792976929432e-05,0.9822599152258287,30
LSHADE,IMG-0040-00010.png,tsallis,11,27.33300420285889,0.0012915973974288774,0.5131223215108344,2.177947941858383e-05,0.996304636705473,1.081510451777813e-06,0.9701534440361723,8.735098460143442e-06,1.0867128263615693,30
LSHADE,IMG-0040-00010.png,tsallis,12,29.010524715482042,0.3100876228443647,0.6007613073146616,0.016404092125143648,0.9974820887133258,0.00021656352447532146,0.9796634392507547,0.001749131232252465,1.138461212410281,30
LSHADE,IMG-0052-00010.png,kapur,3,15.79129737735202,0.0,0.2801629164577693,0.0,0.9472893629470068,0.0,0.6433509017497596,0.0,0.6655777833502119,30
LSHADE,IMG-0052-00010.png,kapur,5,26.99075893302512,0.0,0.8577795927435875,0.0,0.9960012996105984,0.0,0.9729441158789416,0.0,0.7917407681855063,30
LSHADE,IMG-0052-00010.png,kapur,7,31.221112683135992,0.04598427874008462,0.9157014600168386,4.377235839507335e-05,0.9984923328759493,1.5939600548274268e-05,0.9897988688751059,0.0001078500371054589,0.9193614000532155,30
LSHADE,IMG-0052-00010.png,kapur,9,32.80946468706993,0.0,0.931713768394798,0.0,0.998953827186169,0.0,0.9929214175444012,0.0,1.0513715527486056,30
LSHADE,IMG-0052-00010.png,kapur,11,34.93733641904802,0.0,0.9488953330467425,0.0,0.9993597491401984,0.0,0.9956679542390536,0.0,1.1764828514152517,30
LSHADE,IMG-0052-00010.png,kapur,12,35.473743520168206,0.06487500371989947,0.9528723498561816,0.001369831619417265,0.999434052050582,8.884193346255229e-06,0.996170700315886,6.011195695590944e-05,1.2428450624536103,30
LSHADE,IMG-0052-00010.png,otsu,3,26.405897525431428,0.0,0.8052586723415845,0.0,0.9954262543183462,0.0,0.9690532620323328,0.0,0.6212887583300472,30
LSHADE,IMG-0052-00010.png,otsu,5,29.88576774465537,0.0,0.8519430240690672,0.0,0.9979510673971167,0.0,0.9861365749676082,0.0,0.7219547944376246,30
LSHADE,IMG-0052-00010.png,otsu,7,32.34367440474513,0.0,0.9302972956748264,0.0,0.9988369683190336,0.0,0.9921307306562038,0.0,0.8233548597355063,30
LSHADE,IMG-0052-00010.png,otsu,9,34.306355566213824,0.0010038907785156989,0.9462546472331618,5.6220328497871915e-06,0.9992594812015168,1.5281573112026192e-08,0.9949895243828893,1.0339771202786345e-07,0.9219464333572736,30
LSHADE,IMG-0052-00010.png,otsu,11,35.93089150094984,0.00027559004820140314,0.9594765473733554,5.8057671557570224e-05,0.9994912356002256,1.8025417713559026e-08,0.9965576138983301,1.2196302943943828e-07,1.0226282806601374,30
LSHADE,IMG-0052-00010.png,otsu,12,36.596266566327444,8.89425600024246e-05,0.9630415669269896,0.0001169940016879448,0.9995634969976414,6.156928615422497e-11,0.9970465467526373,4.1658875406746314e-10,1.071453127816009,30
LSHADE,IMG-0052-00010.png,tsallis,3,15.792897761572393,0.0,0.2800429579914986,0.0,0.9473099325416576,0.0,0.6434900791111745,0.0,0.6718178111594171,30
LSHADE,IMG-0052-00010.png,tsallis,5,21.582317109831028,0.0,0.4326568029337644,0.0,0.9861082130548234,0.0,0.9060058165849784,0.0,0.7718546278697128,30
LSHADE,IMG-0052-00010.png,tsallis,7,22.779875581078464,0.1218386248962359,0.46895102879091455,0.0017795771971125173,0.9894523527630793,0.0002761414703462491,0.9286328322701279,0.0018684199602725124,0.8816968651798864,30
LSHADE,IMG-0052-00010.png,tsallis,9,23.966256149934036,0.05730848326431769,0.5015762979537182,0.0007065816898139108,0.9919758065935386,0.000104328773157137,0.9457069483011025,0.0007059061500362632,0.9834259084736308,30
LSHADE,IMG-0052-00010.png,tsallis,11,26.458621242439282,0.12488290348447743,0.5612895568795757,0.0014857328211843968,0.9954814070057937,0.00013396680430587224,0.9694264344571788,0.0009064420887784498,1.0879154499309758,30
LSHADE,IMG-0052-00010.png,tsallis,12,27.852177169151638,0.193926198961608,0.6297591187540467,0.006885451743105968,0.9967214333763207,0.00013361474873500574,0.977816662911644,0.0009040600211556861,1.140859497214357,30
LSHADE,IMG-0058-00010.png,kapur,3,27.408150664393915,0.0,0.9203239578660846,0.0,0.9963676891483328,0.0,0.9736239905090404,0.0,0.6628545903911193,30
LSHADE,IMG-0058-00010.png,kapur,5,30.68364781135252,0.0,0.9463402501142172,0.0,0.9982924043255788,0.0,0.9876003014184256,0.0,0.7959645653686797,30
LSHADE,IMG-0058-00010.png,kapur,7,34.03616576222384,0.0,0.963395637245989,0.0,0.9992108536632728,0.0,0.9942696172994896,0.0,0.9329733749075483,30
LSHADE,IMG-0058-00010.png,kapur,9,35.97480108625864,0.04468741250228858,0.9724187707584753,0.00025610455723340227,0.999495422305656,5.145319075777179e-06,0.9963360112615817,3.736271214636929e-05,1.0648638556323324,30
LSHADE,IMG-0058-00010.png,kapur,11,37.300621524674845,0.10952803984053468,0.9767629341404115,0.000548260161480096,0.9996280593217896,9.102374809707344e-06,0.9972991543788029,6.609685519092686e-05,1.184903281981436,30
LSHADE,IMG-0058-00010.png,kapur,12,38.02805966623071,0.11712858358556447,0.9788248716038572,0.0006081444435693744,0.9996854188244353,8.549553876341893e-06,0.9977156701584157,6.208254838199966e-05,1.2424386749742553,30
LSHADE,IMG-0058-00010.png,otsu,3,29.45506353617184,0.0,0.938661970559682,0.0,0.9977353627163588,0.0,0.9835553461897444,0.0,0.6211936512030661,30
LSHADE,IMG-0058-00010.png,otsu,5,32.71951096936051,0.0,0.9579677948126756,0.0,0.9989326780899168,0.0,0.9922496465804024,0.0,0.7220918930601329,30
LSHADE,IMG-0058-00010.png,otsu,7,35.14538223002352,0.0,0.9696263868249712,0.0,0.9993899096836076,0.0,0.9955698318143328,0.0,0.8227912054785217,30
LSHADE,IMG-0058-00010.png,otsu,9,37.082947915145496,0.0,0.9788357109122094,0.0,0.9996094676138652,0.0,0.997164150772368,0.0,0.923023730594044,30
LSHADE,IMG-0058-00010.png,otsu,11,38.6889660035217,0.0,0.9833297157463706,0.0,0.9997303712419792,0.0,0.99804209194339,0.0,1.0214574486327668,30
LSHADE,IMG-0058-00010.png,otsu,12,39.45171969836051,0.0010693251593474722,0.985654665470022,4.415120771699105e-05,0.9997738471294679,2.2737999142162216e-08,0.9983577919117733,1.6511188185039508e-07,1.0722819014530007,30
LSHADE,IMG-0058-00010.png,tsallis,3,21.27380981247737,0.0,0.2828336293761156,0.0,0.9850844430409044,0.0,0.8916907478511967,0.0,0.6692134456864248,30
LSHADE,IMG-0058-00010.png,tsallis,5,23.24937836649894,0.0,0.3507721874643498,0.0,0.990536929712438,0.0,0.9312839561614634,0.0,0.7733877833777417,30
LSHADE,IMG-0058-00010.png,tsallis,7,23.722265296207134,0.003282774288095285,0.39487538371464176,0.0004748875035122664,0.9915164239410665,6.425016933980063e-06,0.9383965492532107,4.6655232591567506e-05,0.877594433298024,30
LSHADE,IMG-0058-00010.png,tsallis,9,25.203779194632634,0.0,0.4647047684299563,0.0,0.9939670936113748,0.0,0.9561920764321674,0.0,0.983503487558725,30
LSHADE,IMG-0058-00010.png,tsallis,11,33.857504647416164,4.337951510227919,0.8598716951762356,0.1369107824781107,0.9987072445773798,0.0011025597536072449,0.9906126621071352,0.008006232867472563,1.0862419556205472,30
LSHADE,IMG-0058-00010.png,tsallis,12,38.304030739682275,0.05992123413289378,0.9803889577114592,9.291713290380708e-05,0.9997064018814398,4.084848983031982e-06,0.997868038535822,2.9662113168449697e-05,1.1373073304925734,30
LSHADE,IMG-0082-00010.png,kapur,3,25.97225808566026,0.0,0.8914634209842401,0.0,0.9949454339215824,0.0,0.972182256942526,0.0,0.6635216666075091,30
LSHADE,IMG-0082-00010.png,kapur,5,28.934179856293728,0.0,0.9256938183567596,0.0,0.9974441590658812,0.0,0.9859339604432764,0.0,0.7898402915724243,30
LSHADE,IMG-0082-00010.png,kapur,7,33.04198599224625,0.002900623045848562,0.9562253956612494,7.081434368860879e-05,0.9990087515101724,7.96068009541208e-07,0.9945446759685518,4.381150627095618e-06,0.9312009111357232,30
LSHADE,IMG-0082-00010.png,kapur,9,35.02420236761148,0.05294652400681487,0.9664311364415382,0.00016274167075292162,0.9993716604306653,7.756405032758633e-06,0.9965419408072967,4.268728094604084e-05,1.0486177638405934,30
LSHADE,IMG-0082-00010.png,kapur,11,36.54563272073226,0.11236837252122257,0.974691249544244,0.0006101576719529143,0.9995576426935516,1.1395711542604424e-05,0.9975654919335375,6.27161601475759e-05,1.1804216416785493,30
LSHADE,IMG-0082-00010.png,kapur,12,37.48617001674695,0.0,0.9779594228022996,0.0,0.9996445230010222,0.0,0.9980436366511004,0.0,1.2397993152340254,30
LSHADE,IMG-0082-00010.png,otsu,3,28.343801561344062,0.0,0.9189647089745157,0.0,0.9970748413292096,0.0,0.9839014247624858,0.0,0.6227327778236941,30
LSHADE,IMG-0082-00010.png,otsu,5,32.05210256114604,0.0,0.952056607851361,0.0,0.9987553630264496,0.0,0.9931501555241522,0.0,0.7217074484331534,30
LSHADE,IMG-0082-00010.png,otsu,7,34.39943385506421,0.0,0.9670109171566712,0.0,0.9992752006105732,0.0,0.9960110753583026,0.0,0.8232187027654921,30
LSHADE,IMG-0082-00010.png,otsu,9,36.26443899204659,0.00017561190481742202,0.9759557083687778,4.378446155468773e-05,0.9995287448739952,2.0326195473157748e-08,0.9974064531343854,1.1186496982145895e-07,0.920865623676218,30
LSHADE,IMG-0082-00010.png,otsu,11,37.76205931409914,0.014841939003147477,0.9810601555285522,4.805925975171839e-05,0.9996659207515287,1.123512434737245e-06,0.9981613989112756,6.183237046861081e-06,1.023563780565746,30
LSHADE,IMG-0082-00010.png,otsu,12,38.49020461608826,0.005852848663051676,0.9837427340548033,0.00016142515042131089,0.9997177448084396,4.6763793661845703e-07,0.9984466119794149,2.573639707648624e-06,1.0703269041609018,30
LSHADE,IMG-0082-00010.png,tsallis,3,19.15449754867,0.0,0.2647683730980214,0.0,0.975702680638886,0.0,0.8662799978303027,0.0,0.6696936973215392,30
LSHADE,IMG-0082-00010.png,tsallis,5,21.49871995959159,0.0,0.3368821346826204,0.0,0.9858395044742149,0.0,0.9220678847617056,0.0,0.7741577237689247,30
LSHADE,IMG-0082-00010.png,tsallis,7,23.214430365564876,0.0,0.3999821900454798,0.0,0.9904601439083355,0.0,0.9474975177995323,0.0,0.881330048572272,30
LSHADE,IMG-0082-00010.png,tsallis,9,25.30101402174751,0.1487719763113002,0.5022123032353751,0.0008716235278935265,0.9940972658171348,0.0002081010442283246,0.9675143740752272,0.001145281570865948,0.9830048125237226,30
LSHADE,IMG-0082-00010.png,tsallis,11,25.66274531120768,0.0,0.5073629911530326,0.0,0.9945720558855692,0.0,0.9701273754535934,0.0,1.0862214250257238,30
LSHADE,IMG-0082-00010.png,tsallis,12,32.556726597348025,5.295276015619598,0.7883313837781647,0.19429248271863672,0.9979912381297538,0.0017130311934658532,0.9889448034305539,0.009427646379526712,1.1388234751143804,30
SHADE,IMG-0003-00010.png,kapur,3,19.10757118073719,0.0,0.249705583183391,0.0,0.9754391481845052,0.0,0.7845137212565102,0.0,0.6674938779246683,30
SHADE,IMG-0003-00010.png,kapur,5,28.5647632374504,0.0,0.8911941288099337,0.0,0.9972169972869094,0.0,0.9755831392623523,0.0,0.8053608916777496,30
SHADE,IMG-0003-00010.png,kapur,7,32.010486912434466,0.043286387571248384,0.9358433093118547,0.0005340291989765863,0.9987421342842582,1.2428857719470925e-05,0.9889640308780645,0.00010904541581553275,0.9330015486571938,30
SHADE,IMG-0003-00010.png,kapur,9,33.85122831155573,0.03827029037820302,0.9539260429322776,0.0006489314492780768,0.9991775767500735,7.26897309451305e-06,0.9927844145223426,6.377482239580849e-05,1.064501704236803,30
SHADE,IMG-0003-00010.png,kapur,11,35.81658116395998,0.0,0.9694848886334542,0.0,0.9994768149060064,0.0,0.9954098005294898,0.0,1.4954639443817237,30
SHADE,IMG-0003-00010.png,kapur,12,36.704747004952466,0.029131204879952372,0.9751088935994818,0.0001996011011875259,0.9995739516157349,2.758467053715563e-06,0.9962620359595162,2.420159548612986e-05,1.7521074666796872,30
SHADE,IMG-0003-00010.png,otsu,3,27.26380124179377,0.0,0.8128651641409868,0.0,0.996247838381606,0.0,0.9670801586823714,0.0,0.6294369222673898,30
SHADE,IMG-0003-00010.png,otsu,5,30.849202208223364,0.0,0.9304061424792406,0.0,0.998359243726476,0.0,0.9856047149193873,0.0,0.7304464223251368,30
SHADE,IMG-0003-00010.png,otsu,7,33.332774805638905,0.0,0.9544768958414568,0.0,0.9990735311883646,0.0,0.99187156381664,0.0,0.8327352472348138,30
SHADE,IMG-0003-00010.png,otsu,9,35.416336405045655,0.0,0.9681558540085317,0.0,0.9994267269379268,0.0,0.994970350386134,0.0,0.9370128500120093,30
SHADE,IMG-0003-00010.png,otsu,11,37.074168088183406,0.0006568388416230413,0.9769534292225962,9.337180191867797e-05,0.999609025952824,1.962509783208768e-08,0.9965697630056101,1.7218211125595256e-07,1.0382168694554517,30
SHADE,IMG-0003-00010.png,otsu,12,37.78867732110488,0.0007766553941662187,0.9807216415043011,3.22550886496592e-05,0.9996684235555331,7.360104756769409e-08,0.9970908918520449,6.457437214633658e-07,1.0880629236189028,30
SHADE,IMG-0003-00010.png,tsallis,3,16.69619435726649,0.0,0.1944407790792168,0.0,0.957206016608228,0.0,0.6245441199280385,0.0,0.6907556693147247,30
SHADE,IMG-0003-00010.png,tsallis,5,21.501728496063343,0.0,0.3262149417406088,0.0,0.9858478443297494,0.0,0.875835114169087,0.0,0.8012612417417889,30
SHADE,IMG-0003-00010.png,tsallis,7,22.92180183301798,0.0016393015555203818,0.3682855503872838,5.40299571032941e-05,0.9897988011176518,3.805726089306507e-06,0.9104990982237564,3.3389792791911514e-05,0.9762388110859319,30
SHADE,IMG-0003-00010.png,tsallis,9,24.781382695813793,0.0009581560356536939,0.43938277556665767,7.053011438833847e-05,0.9933512989972914,1.4615978908396062e-06,0.9416671763538788,1.2823427008418942e-05,1.0465163401095197,30
SHADE,IMG-0003-00010.png,tsallis,11,27.439357440388214,0.0007273479216579355,0.5429182941951903,5.4959494164469185e-05,0.9963944266094472,6.864236198811848e-07,0.9683662603193339,6.0223836127476484e-06,1.186091245803982,30
SHADE,IMG-0003-00010.png,tsallis,12,28.623091849530446,0.0,0.6243404770189306,0.0,0.9972546638789328,0.0,0.975913609630768,0.0,1.226755055699808,30
SHADE,IMG-0004-00010.png,kapur,3,19.91988093885099,0.0,0.2821441111549853,0.0,0.9796315096962656,0.0,0.8474179504742365,0.0,0.7553753429713349,30
SHADE,IMG-0004-00010.png,kapur,5,29.523397224778964,0.0,0.9089205584096904,0.0,0.9977690870376392,0.0,0.9832880460439334,0.0,0.8479409111198037,30
SHADE,IMG-0004-00010.png,kapur,7,31.92062761999222,0.13302537901716435,0.9419046858728481,0.0008843505017856717,0.9987154113863806,3.955332727682057e-05,0.9903770401958774,0.000296297253819497,0.9896650028415024,30
SHADE,IMG-0004-00010.png,kapur,9,34.15958299217913,0.006586182960236584,0.9598417661515772,6.653362461776077e-06,0.9992334034362322,1.1661063147755848e-06,0.994257361585722,8.735399080220859e-06,1.100368259792837,30
SHADE,IMG-0004-00010.png,kapur,11,35.78006311063536,0.02833946132729822,0.971666329565162,0.00026840563927025776,0.9994724430411168,3.136087405721613e-06,0.9960480270836167,2.3492690755065822e-05,1.280506326428925,30
SHADE,IMG-0004-00010.png,kapur,12,36.6898134934107,0.02664852502441282,0.976848769305621,0.0001192046560025737,0.9995722870504402,2.727644327226504e-06,0.9967959668350772,2.0433009792170637e-05,1.3011279596326253,30
SHADE,IMG-0004-00010.png,otsu,3,26.913317112334166,0.0,0.8109151881986946,0.0,0.99592987093804,0.0,0.96951032576065,0.0,0.6915788124781101,30
SHADE,IMG-0004-00010.png,otsu,5,30.49411812259205,0.0,0.9328374990093312,0.0,0.9982208121315972,0.0,0.9866719561732816,0.0,0.7776510013422618,30
SHADE,IMG-0004-00010.png,otsu,7,33.11121287291417,0.0,0.955909059487566,0.0,0.9990250788234156,0.0,0.99269678463985,0.0,0.8860139499573658,30
SHADE,IMG-0004-00010.png,otsu,9,35.12438927882576,0.0017959676002927394,0.9692857680980637,0.0001111775543951685,0.9993867560167037,1.2445327238240114e-07,0.9954061384798103,9.322897816651555e-07,1.0044831014005466,30
SHADE,IMG-0004-00010.png,otsu,11,36.755407771266285,0.0,0.9778060901885846,0.0,0.9995787776330304,0.0,0.996844588327366,0.0,1.246977566725885,30
SHADE,IMG-0004-00010.png,otsu,12,37.430977681751656,0.0,0.9803376794035166,0.0,0.9996400370216404,0.0,0.9973034874861868,0.0,1.1524129180315261,30
SHADE,IMG-0004-00010.png,tsallis,3,19.02841100283329,0.0,0.2614932123937597,0.0,0.9749864365230214,0.0,0.81262132223121,0.0,0.7099010957637801,30
SHADE,IMG-0004-00010.png,tsallis,5,20.14416588430839,0.0,0.3013147643363906,0.0,0.9806573134022672,0.0,0.8551023310806952,0.0,1.1568913722022747,30
SHADE,IMG-0004-00010.png,tsallis,7,21.016348064424076,0.08816565386635006,0.325820020025259,0.0021649444046763716,0.9841733565223472,0.0003096807913908091,0.8814413015926331,0.0023198444825588017,0.9686354180642714,30
SHADE,IMG-0004-00010.png,tsallis,9,23.03574033279322,0.0013026299915642114,0.379922155464015,0.00011392227977117201,0.9900594913371441,3.0992665866540825e-06,0.9255348254834054,2.3216862946418722e-05,1.0848422431076565,30
SHADE,IMG-0004-00010.png,tsallis,11,25.451306030564048,2.425232580649484,0.4725502212030021,0.10989665596777269,0.99368710327517,0.0019588383241392385,0.9527095672602469,0.014673820284656925,1.2053609237074852,30
SHADE,IMG-0004-00010.png,tsallis,12,34.0920948497666,0.0,0.8964408597198243,0.0,0.9992211771657876,0.0,0.994165773580196,0.0,1.4994827735625829,30
SHADE,IMG-0006-00010.png,kapur,3,25.254283064452395,0.0,0.866400465583049,0.0,0.9940375454709705,0.0,0.9701956232531533,0.0,0.7402652305007602,30
SHADE,IMG-0006-00010.png,kapur,5,29.70003459570789,0.0,0.9069963772533148,0.0,0.997858126576195,0.0,0.9892934692992064,0.0,0.8497132750228047,30
SHADE,IMG-0006-00010.png,kapur,7,32.02099297935908,0.38129855587066014,0.9261008839996929,0.0028167080238873246,0.9987406509680165,0.00010995430974220963,0.9937049225579376,0.0005496259395420368,0.9995724000036716,30
SHADE,IMG-0006-00010.png,kapur,9,34.321714784605966,0.07803072166088024,0.943223256290741,0.0005977697222282389,0.9992612147694385,1.3085363224377443e-05,0.9963070521981419,6.5409487570957e-05,1.1551518444670363,30
SHADE,IMG-0006-00010.png,kapur,11,35.83310919343661,0.1896927651515547,0.9526462872579067,0.0015835692139632668,0.9994784732149006,2.3635584344306124e-05,0.9973930567166598,0.0001181466218314565,1.251807291681568,30
SHADE,IMG-0006-00010.png,kapur,12,36.38044302001209,0.15442254248627624,0.9559860407091503,0.0012078286812778984,0.9995408458306797,1.5704790608626442e-05,0.9977048371973856,7.850315566409344e-05,1.3277373707154765,30
SHADE,IMG-0006-00010.png,otsu,3,27.882416866908653,0.0,0.8202454609758667,0.0,0.9967478861755524,0.0,0.9837437375537955,0.0,0.7690414542254681,30
SHADE,IMG-0006-00010.png,otsu,5,31.481949255466056,0.0,0.9213428392265904,0.0,0.99858135529857,0.0,0.9929086551611448,0.0,1.142227226231868,30
SHADE,IMG-0006-00010.png,otsu,7,33.77729661607614,0.0,0.9437808783207158,0.0,0.99916441156643,0.0,0.9958231643766546,0.0,1.1557211083748067,30
SHADE,IMG-0006-00010.png,otsu,9,35.824420320552456,0.0,0.958017991805066,0.0,0.9994785246082916,0.0,0.997393313615556,0.0,1.0212430541248372,30
SHADE,IMG-0006-00010.png,otsu,11,37.31218970580036,0.037313406574665114,0.9681758295966503,0.0005182488191379933,0.9996302320333791,3.362538453617759e-06,0.9981516498394363,1.6808239360115535e-05,1.0691454916882017,30
SHADE,IMG-0006-00010.png,otsu,12,37.939558147811546,0.04279461382955281,0.9716786515191346,0.0014213520579160622,0.9996796747012091,3.2091803855757842e-06,0.9983987977031554,1.604165210718366e-05,1.1220738790696487,30
SHADE,IMG-0006-00010.png,tsallis,3,20.2143298630985,0.0,0.3351939103691839,0.0,0.9809636660857032,0.0,0.9048435396700945,0.0,0.7155146431255465,30
SHADE,IMG-0006-00010.png,tsallis,5,21.164207382236985,0.0,0.3644306058845636,0.0,0.9847057934822064,0.0,0.9235492210664152,0.0,0.85310341938554,30
SHADE,IMG-0006-00010.png,tsallis,7,25.02544305705742,0.0,0.4840297348065628,0.0,0.9937135170416644,0.0,0.9685759102076772,0.0,0.9753796013848235,30
SHADE,IMG-0006-00010.png,tsallis,9,28.265641708970186,3.04579908072883,0.6316053391199986,0.1580838258327611,0.9964866697101884,0.0014091667773374254,0.9824380011480449,0.007043967769720073,1.4994599263959876,30
SHADE,IMG-0006-00010.png,tsallis,11,35.648399350579126,0.15414858150307367,0.954472299624162,0.0006266293408607154,0.999459062929015,1.849515516468703e-05,0.9972960309916875,9.245128324858485e-05,1.1975075513667737,30
SHADE,IMG-0006-00010.png,tsallis,12,36.4018359234998,0.017824864591817417,0.9589937751795105,0.0002149518348122339,0.9995455170512885,1.9010439950589547e-06,0.997728187114473,9.502702479837993e-06,1.173145016694131,30
SHADE,IMG-0010-00010.png,kapur,3,26.44220101025764,0.0,0.8992000553654897,0.0,0.9954627814391611,0.0,0.97267493092016,0.0,0.6766654820026209,30
SHADE,IMG-0010-00010.png,kapur,5,29.79012272737505,0.0,0.932050669242259,0.0,0.9979021838688799,0.0,0.9873660547908332,0.0,0.8110716416655729,30
SHADE,IMG-0010-00010.png,kapur,7,32.945539708021435,0.0,0.9549981595047552,0.0,0.9989852970247164,0.0,0.993889025066048,0.0,0.9408172013393293,30
SHADE,IMG-0010-00010.png,kapur,9,34.33374707436612,0.0,0.963321000613093,0.0,0.9992634810233442,0.0,0.9955643679831876,0.0,1.1242596096281583,30
SHADE,IMG-0010-00010.png,kapur,11,36.18705174808874,0.025485732144153395,0.9717868597492825,0.00012916334802783437,0.9995190471129489,2.6927285668594968e-06,0.997103496186794,1.6216762123123984e-05,1.5600137305213138,30
SHADE,IMG-0010-00010.png,kapur,12,36.77647436509502,0.18618088288148457,0.9739098646475205,0.0004275253991390912,0.9995801085083984,1.8199929279192638e-05,0.997471234003784,0.00010960775156285485,1.3581033583342408,30
SHADE,IMG-0010-00010.png,otsu,3,28.358944875864964,0.0,0.8472318448034492,0.0,0.9970870860995646,0.0,0.9824571877052564,0.0,0.6369005221330251,30
SHADE,IMG-0010-00010.png,otsu,5,31.359542926055436,0.0010530048707549384,0.9470811730171961,0.0005942415178102922,0.9985405089206909,4.9904779852072265e-08,0.9912103210306552,3.005479102255966e-07,0.7369179569650441,30
SHADE,IMG-0010-00010.png,otsu,7,33.972728367428296,0.0,0.9622413319493026,0.0,0.9991996787631188,0.0,0.9951801235072527,0.0,0.8469888402692353,30
SHADE,IMG-0010-00010.png,otsu,9,36.013112193505144,0.0,0.9732191277077796,0.0,0.9995004973263872,0.0,0.99699178144517,0.0,0.9405877138565605,30
SHADE,IMG-0010-00010.png,otsu,11,37.5775392703288,0.0,0.9792243418774376,0.0,0.999651970809326,0.0,0.9979040194891547,0.0,1.0516836694131295,30
SHADE,IMG-0010-00010.png,otsu,12,38.280407894984045,0.0006321752727051831,0.9821696970866409,4.0822210055854956e-05,0.9997039962617177,1.8060550144135737e-09,0.9982173389956872,1.0876835236730436e-08,1.0976529305956015,30
SHADE,IMG-0010-00010.png,tsallis,3,18.82935907097575,0.0,0.2951401539376624,0.0,0.9738160247832528,0.0,0.8423089119493175,0.0,0.7043754471776386,30
SHADE,IMG-0010-00010.png,tsallis,5,19.77089084795761,0.0,0.3254791022807691,0.0,0.9789200152198034,0.0,0.8730473234654259,0.0,0.7925400735422348,30
SHADE,IMG-0010-00010.png,tsallis,7,21.54866144435766,0.0008898319244938628,0.37123090013633014,0.00017978921522309848,0.9859998700896339,2.8532033273752123e-06,0.9156852349522356,1.718320970738467e-05,0.8950778070449208,30
SHADE,IMG-0010-00010.png,tsallis,9,22.228651551840063,0.0,0.3919834231815489,0.0,0.9880291576402244,0.0,0.9279064717648808,0.0,1.005280645688375,30
SHADE,IMG-0010-00010.png,tsallis,11,33.66870366648131,3.4289078633076207,0.8496250374439847,0.1385713446797012,0.9986245260158693,0.0019519684510206203,0.9917163078811562,0.011755588153978012,1.1018404375373696,30
SHADE,IMG-0010-00010.png,tsallis,12,36.36121844008034,0.05344537141200982,0.9750510129629865,0.00046134223547315714,0.9995409205365099,5.781955364281305e-06,0.9972352272907296,3.482140602777461e-05,1.1613658055119838,30
SHADE,IMG-0011-00010.png,kapur,3,23.05085989771078,1.4654797545051348,0.31476912209617397,0.16136455370041633,0.989707675844514,0.00201999342519611,0.8081348242915323,0.037655867382356475,0.6728125361415247,30
SHADE,IMG-0011-00010.png,kapur,5,31.058937994403337,0.0,0.9333508746264776,0.0,0.9984329341484812,0.0,0.970787417845934,0.0,0.8076972999687617,30
SHADE,IMG-0011-00010.png,kapur,7,34.351741755978324,0.0,0.9585916250252432,0.0,0.9992665578462798,0.0,0.98632748001621,0.0,0.9351407485936458,30
SHADE,IMG-0011-00010.png,kapur,9,36.3856138197067,0.007587359556794955,0.9675721133667607,1.7582092696811668e-06,0.9995415004571387,7.949684346513154e-07,0.9914528444669641,1.4819467022451898e-05,1.0635603236810616,30
SHADE,IMG-0011-00010.png,kapur,11,37.86665302039403,0.10583924228982046,0.9745311047968261,0.0006377246071308543,0.999674116069191,8.314735620208274e-06,0.9939250088997739,0.0001549998024387655,1.1964461596372227,30
SHADE,IMG-0011-00010.png,kapur,12,38.3181392782585,0.2649908613141682,0.9765609806550438,0.0012114756945848582,0.9997063509753279,1.6897853187546682e-05,0.9945259184549384,0.00031500266819694796,1.2620546763762832,30
SHADE,IMG-0011-00010.png,otsu,3,29.508919838241216,0.0,0.9210940225260386,0.0,0.9977651277495252,0.0,0.9583384519817328,0.0,0.6390923305880278,30
SHADE,IMG-0011-00010.png,otsu,5,33.444890791810906,0.0,0.9539623155016131,0.0,0.9990968574919123,0.0,0.9831639974231022,0.0,0.744904791781058,30
SHADE,IMG-0011-00010.png,otsu,7,36.28364589124375,0.0,0.971401936168272,0.0,0.9995302749666852,0.0,0.991243583597825,0.0,0.8480226723011584,30
SHADE,IMG-0011-00010.png,otsu,9,38.27092184907443,0.00019420328751184427,0.9793991830766393,4.348047709100159e-05,0.999702900042623,2.2001405263339287e-08,0.9944615876196683,4.1014093719856353e-07,0.9500530528680732,30
SHADE,IMG-0011-00010.png,otsu,11,39.89005803967073,0.0013860311427022099,0.984229247774756,0.000146439803077591,0.9997961967182065,7.835376328568909e-08,0.996200784984953,1.4606378830276405e-06,1.0395523417275399,30
SHADE,IMG-0011-00010.png,otsu,12,40.625509367905906,0.0014629852763619379,0.9863677531539001,6.11749140818694e-05,0.9998277400985588,1.089182211754599e-08,0.9967888034074475,2.0304076434261688e-07,1.1014276833428691,30
SHADE,IMG-0011-00010.png,tsallis,3,20.547755687859794,0.0,0.2076787078719516,0.0,0.9823722334853,0.0,0.6713905947192665,0.0,0.6750830402597785,30
SHADE,IMG-0011-00010.png,tsallis,5,22.49007293707981,0.7838090350407586,0.26782854423373703,0.024508399306069018,0.9885403780087582,0.0022501457440045466,0.7863745492576316,0.041946270057281985,0.780346729257144,30
SHADE,IMG-0011-00010.png,tsallis,7,23.3718339530058,0.001154308550277459,0.2915044106413934,0.0001606213537879699,0.9908000303929899,2.363544834552886e-06,0.8284980381014597,4.406020818286864e-05,0.8931608889019117,30
SHADE,IMG-0011-00010.png,tsallis,9,26.407156420114013,0.040439775553639375,0.4081563235062877,0.0005833086391428935,0.9954290077894679,4.3937366173023296e-05,0.9147894867683176,0.0008190618905508449,0.9934196346361811,30
SHADE,IMG-0011-00010.png,tsallis,11,28.20886366187484,0.0044616586861431435,0.5637199147773957,0.0001806949509066773,0.9969835298066698,3.026500759802729e-06,0.9437682320417218,5.6418753557434796e-05,1.1845071834046395,30
SHADE,IMG-0011-00010.png,tsallis,12,28.75370244699899,0.6213945633547467,0.5693961601710577,0.0052814539987365615,0.9973133035315237,0.00036815820988121207,0.9499157350456378,0.006863050420903117,1.1633161014333988,30
SHADE,IMG-0012-00010.png,kapur,3,26.27840390399704,0.32423043106976224,0.9057520258294353,0.007602635493287318,0.9952769497508643,0.0003332388108980652,0.9633263118441029,0.002587543131592483,0.6703751472057775,30
SHADE,IMG-0012-00010.png,kapur,5,30.522148896519266,0.0,0.9489400495230148,0.0,0.9982268570327716,0.0,0.9862318440825693,0.0,0.802602088994657,30
SHADE,IMG-0012-00010.png,kapur,7,33.188722884041965,0.0,0.964479086071858,0.0,0.9990409848765528,0.0,0.9925534094030596,0.0,0.9292283208187049,30
SHADE,IMG-0012-00010.png,kapur,9,35.44631119263114,0.027802461103374084,0.9756931566258367,3.715691171744244e-05,0.9994299434587236,3.643091788234189e-06,0.9955736071557089,2.8287992953057358e-05,1.0598568707704543,30
SHADE,IMG-0012-00010.png,kapur,11,37.353356437131076,0.08750205359682883,0.9831278342419203,0.0004690998355493386,0.9996330949255079,7.795992973932472e-06,0.9971510440128803,6.053456984565499e-05,1.1956983598414808,30
SHADE,IMG-0012-00010.png,kapur,12,37.85055488042977,0.030167579660834082,0.9844464232619228,0.0001385822049991392,0.999672970672573,2.4219159098514626e-06,0.9974606724596912,1.8805768334461582e-05,1.2566394944752877,30
SHADE,IMG-0012-00010.png,otsu,3,28.33752546762572,0.0,0.9328582747904256,0.0,0.9970718199392736,0.0,0.9772631759674696,0.0,0.6294328429736197,30
SHADE,IMG-0012-00010.png,otsu,5,31.96598853245249,0.0,0.9603559331501904,0.0,0.998730561747298,0.0,0.9901430261892136,0.0,0.730917554278858,30
SHADE,IMG-0012-00010.png,otsu,7,34.39701250752917,0.0,0.9726400685872288,0.0,0.9992743795184666,0.0,0.9943656794114872,0.0,0.8408365291465695,30
SHADE,IMG-0012-00010.png,otsu,9,36.33623388986942,0.0,0.9800463536234312,0.0,0.9995358358701626,0.0,0.9963958438608772,0.0,0.9325850431341678,30
SHADE,IMG-0012-00010.png,otsu,11,38.0181827975277,0.0,0.9858597836972854,0.0,0.9996852605962029,0.0,0.9975561016427164,0.0,1.0350083999801427,30
SHADE,IMG-0012-00010.png,otsu,12,38.73325478486312,0.00045551741862833085,0.9875351294880822,2.2449635195572577e-05,0.9997332293124706,1.9482232289349188e-08,0.9979285706296739,1.5127624652358492e-07,1.0836979916862524,30
SHADE,IMG-0012-00010.png,tsallis,3,21.731539589192646,0.0,0.2911459957192091,0.0,0.9865768754192956,0.0,0.8957717028226414,0.0,0.6760638957532744,30
SHADE,IMG-0012-00010.png,tsallis,5,23.252529091793686,0.07317899299939189,0.3508569930569002,0.008496320437641237,0.9905455847390654,0.00016240330716039533,0.9265880609592663,0.0012610342740637917,0.7824293319834397,30
SHADE,IMG-0012-00010.png,tsallis,7,24.88394736870504,0.0,0.4105322609837457,0.0,0.9935050061128212,0.0,0.9495674685154066,0.0,0.8888147028783957,30
SHADE,IMG-0012-00010.png,tsallis,9,25.26698711279869,0.0,0.415877967685798,0.0,0.9940562085120664,0.0,0.9538474621285165,0.0,1.0014913972544794,30
SHADE,IMG-0012-00010.png,tsallis,11,26.42924383942932,0.202356877915741,0.4850655206977705,0.02285237335889346,0.9954458223042533,0.0001964348961449883,0.9646375787234281,0.0015252838195984428,1.1010378959743927,30
SHADE,IMG-0012-00010.png,tsallis,12,27.204094162616286,0.0019962492664943893,0.5704942861053002,0.00016876630943425742,0.9961953671730613,1.6004563076862135e-06,0.9704576681418171,1.2427273147481841e-05,1.1637418318695079,30
SHADE,IMG-0016-00010.png,kapur,3,24.808892077947448,0.0,0.8598605536144208,0.0,0.9933927844379116,0.0,0.9649904803095984,0.0,0.6709151679339508,30
SHADE,IMG-0016-00010.png,kapur,5,28.3418393419478,0.0,0.8991812665952967,0.0,0.997071607187662,0.0,0.9844833841333946,0.0,0.7994264361370976,30
SHADE,IMG-0016-00010.png,kapur,7,31.915853213652987,0.04574215577923924,0.9299218798227588,0.0002416796261025589,0.9987138362837418,1.3682895391485735e-05,0.9931850302860129,7.250128153489649e-05,0.9295369333509976,30
SHADE,IMG-0016-00010.png,kapur,9,34.08885459483051,0.006533437790237449,0.9485177203566055,0.0002005452504856535,0.9992209121203818,9.656514082777358e-07,0.9958718627830833,5.116677619196166e-06,1.060211708326824,30
SHADE,IMG-0016-00010.png,kapur,11,35.5730491134289,0.01047776259035319,0.958237872800465,5.371837448473713e-05,0.9994465955092019,1.3332669092895327e-06,0.9970676867985782,7.064554451519199e-06,1.1942254611756653,30
SHADE,IMG-0016-00010.png,kapur,12,36.154853997152,0.06753623221578418,0.9615825237279847,0.0006616815973657939,0.9995160941598509,7.712851487711843e-06,0.9974359378955018,4.086793044509506e-05,1.2673769485593462,30
SHADE,IMG-0016-00010.png,otsu,3,27.298550003587163,0.0,0.8180090143646701,0.0,0.9962757367048404,0.0,0.9802663212757474,0.0,0.6296405097081637,30
SHADE,IMG-0016-00010.png,otsu,5,30.709883848152188,0.0,0.9257536519390452,0.0,0.9983069030211824,0.0,0.9910288212242112,0.0,0.7308464403109004,30
SHADE,IMG-0016-00010.png,otsu,7,33.029875300360146,0.0,0.9455447815518436,0.0,0.9990063517985864,0.0,0.9947349763382436,0.0,0.8334527917051067,30
SHADE,IMG-0016-00010.png,otsu,9,35.02073722289769,0.0005672974325061651,0.9583088511722274,1.9621245144426928e-05,0.9993720817386694,5.289025782653988e-08,0.9966728621871894,2.802485411836648e-07,0.9371294333366678,30
SHADE,IMG-0016-00010.png,otsu,11,36.61566601840693,0.0,0.9682014903759664,0.0,0.9995653594166244,0.0,0.9976969787168374,0.0,1.0339677401740726,30
SHADE,IMG-0016-00010.png,otsu,12,37.356039112271866,0.00431829660206371,0.9724773638602868,6.074806296650723e-05,0.9996333907034576,4.3387273760211145e-07,0.9980574547227387,2.2989527145442497e-06,1.0897252555238084,30
SHADE,IMG-0016-00010.png,tsallis,3,19.44037390286223,0.0,0.30046233462434,0.0,0.9772503235845188,0.0,0.8794567489233998,0.0,0.7059983943511422,30
SHADE,IMG-0016-00010.png,tsallis,5,22.5992337490492,0.0,0.3861639100934106,0.0,0.9890126573457148,0.0,0.9417815893267444,0.0,0.8643184262715901,30
SHADE,IMG-0016-00010.png,tsallis,7,24.334701937875845,0.2951169663595537,0.4425270799942355,0.009493063242158154,0.9926166233100395,0.00048048883552829304,0.9608778510130647,0.002545956491106975,0.888667295849882,30
SHADE,IMG-0016-00010.png,tsallis,9,25.24841402499744,0.0,0.4910388203380649,0.0,0.9940332043718512,0.0,0.9683838604826368,0.0,0.9964932737483954,30
SHADE,IMG-0016-00010.png,tsallis,11,28.17452676936476,0.9730557330303905,0.6353761334155198,0.04727628002411679,0.9969056059866203,0.0004143227920322983,0.9836037969212197,0.0021953638124152224,1.0990481292285645,30
SHADE,IMG-0016-00010.png,tsallis,12,34.234715345036854,0.13319858498302142,0.8902106964645836,0.0004417728002333511,0.9992463887968488,2.503407095796668e-05,0.9960068555342708,0.0001326475263137085,1.2085906916841245,30
SHADE,IMG-0017-00010.png,kapur,3,27.107718408368765,0.0,0.9066872903801994,0.0,0.9961080039546224,0.0,0.967847740451084,0.0,0.6735085417050868,30
SHADE,IMG-0017-00010.png,kapur,5,30.556217979822232,0.035458264448173696,0.9435778070139555,0.00045470820316614695,0.9982412032884923,1.4133531217450533e-05,0.9854703633552412,0.00011675884526812407,0.7967826429987326,30
SHADE,IMG-0017-00010.png,kapur,7,33.22689423912876,0.0,0.9628361130525196,0.0,0.9990493296779356,0.0,0.9921463951699608,0.0,0.9293813414871692,30
SHADE,IMG-0017-00010.png,kapur,9,35.55252461404304,0.06948557540809121,0.9772343536529436,0.0003626643698257251,0.9994440986877104,9.00148382254823e-06,0.9954076306687039,7.436236851600455e-05,1.0943113804173967,30
SHADE,IMG-0017-00010.png,kapur,11,37.068275053172265,0.0,0.9837917251824518,0.0,0.9996075952880891,0.0,0.9967582962576332,0.0,1.2006612334322806,30
SHADE,IMG-0017-00010.png,kapur,12,37.93296080447228,0.0,0.9861421999713051,0.0,0.9996786291096084,0.0,0.9973451154217872,0.0,1.2612224110634997,30
SHADE,IMG-0017-00010.png,otsu,3,28.49306420517327,0.0,0.9262033622342448,0.0,0.997174941265888,0.0,0.9766618412246376,0.0,0.754393327756164,30
SHADE,IMG-0017-00010.png,otsu,5,31.89813991484384,0.0,0.960257276498402,0.0,0.9987100540283756,0.0,0.9893435971670624,0.0,0.7659203526796773,30
SHADE,IMG-0017-00010.png,otsu,7,34.44276552495531,0.0,0.9742205407714252,0.0,0.9992820382639503,0.0,0.9940688295120252,0.0,0.8951105680549517,30
SHADE,IMG-0017-00010.png,otsu,9,36.43307944791835,0.00023146757058633272,0.9825599354003799,1.3175746369824021e-05,0.9995461020116896,1.4132285281322958e-09,0.9962502927138842,1.1674855469280303e-08,1.0726472333151227,30
SHADE,IMG-0017-00010.png,otsu,11,37.98121225975084,8.984091418350116e-06,0.9869527858784719,2.284735253029347e-05,0.9996822938584671,8.842790706158086e-09,0.9973753903642877,7.305138485141896e-08,1.118959398707375,30
SHADE,IMG-0017-00010.png,otsu,12,38.71194802528644,0.0038448488489244794,0.9888069667943746,4.342004102099351e-05,0.9997320092562637,8.79171029530591e-08,0.9977860953996722,7.262940357538031e-07,1.0885324624134227,30
SHADE,IMG-0017-00010.png,tsallis,3,20.187371645084752,0.0,0.2287302288492926,0.0,0.9808453178157744,0.0,0.841760807055373,0.0,0.6761927569983527,30
SHADE,IMG-0017-00010.png,tsallis,5,21.437025698662943,0.0,0.2694057774217919,0.0,0.9856348417525628,0.0,0.8813276552576642,0.0,0.7873490707638363,30
SHADE,IMG-0017-00010.png,tsallis,7,22.448962131227287,0.0,0.2967582320572439,0.0,0.9886248249732428,0.0,0.9060282755659462,0.0,0.8860487291434159,30
SHADE,IMG-0017-00010.png,tsallis,9,23.52996236324936,0.0,0.3497773477697963,0.0,0.9911304381076732,0.0,0.926727454827205,0.0,0.9980856028463071,30
SHADE,IMG-0017-00010.png,tsallis,11,25.51652573063147,0.0001619312395477252,0.45744108532695094,3.350142058045701e-05,0.9943887099156851,2.0700097530187881e-07,0.9536444402585076,1.7100605981474737e-06,1.126189740258269,30
SHADE,IMG-0017-00010.png,tsallis,12,26.95152774118534,0.23507677860493828,0.5403414894320182,0.03487953328632858,0.9959614182930989,0.00022930761621298214,0.9666367782146099,0.0018943385108978986,1.1798653514590114,30
SHADE,IMG-0020-00010.png,kapur,3,23.59700498534185,0.0,0.4189823799932403,0.0,0.9912653906321702,0.0,0.9470851143061328,0.0,0.6676018124213442,30
SHADE,IMG-0020-00010.png,kapur,5,28.197122956343247,0.0,0.8748633289390544,0.0,0.9969722221977528,0.0,0.9816575064132336,0.0,0.7991454541139925,30
SHADE,IMG-0020-00010.png,kapur,7,31.413408028704144,0.0,0.9213158550512752,0.0,0.998556096537102,0.0,0.9912527299762682,0.0,0.9287233221111819,30
SHADE,IMG-0020-00010.png,kapur,9,33.5308789893436,0.0,0.94709623402384,0.0,0.9991139656800614,0.0,0.994632340979887,0.0,1.0577574903766314,30
SHADE,IMG-0020-00010.png,kapur,11,35.31897491900276,0.07529733836043424,0.9615133453629213,0.00038452902069888287,0.9994133280143475,9.959987309724423e-06,0.9964458993237938,6.033831254673717e-05,1.1896531984054795,30
SHADE,IMG-0020-00010.png,kapur,12,36.10933967365146,0.060084088099713495,0.966511760159017,0.00035397957939730274,0.9995110654730095,6.610730722196134e-06,0.997037999809954,4.004827758009775e-05,1.2534239861958971,30
SHADE,IMG-0020-00010.png,otsu,3,26.8976522268559,0.0,0.8024343309905827,0.0,0.9959152100124464,0.0,0.9752540513064116,0.0,0.6284367291877667,30
SHADE,IMG-0020-00010.png,otsu,5,30.39682219556598,0.0,0.8545926727178036,0.0,0.998178653350726,0.0,0.9889661522689028,0.0,0.7370455237726371,30
SHADE,IMG-0020-00010.png,otsu,7,32.84284889275102,0.0,0.945120350815354,0.0,0.9989640763365372,0.0,0.9937243006605893,0.0,0.8382239930331707,30
SHADE,IMG-0020-00010.png,otsu,9,34.77846035508944,0.0,0.96120598354047,0.0,0.9993363103446048,0.0,0.9959793207947233,0.0,0.9354046639675896,30
SHADE,IMG-0020-00010.png,otsu,11,36.38445693756147,0.00024030401952175882,0.9704096040706716,0.00011409062789820026,0.9995415934243697,2.0382022044810618e-08,0.9972229403137202,1.2347574164855407e-07,1.0357839764173453,30
SHADE,IMG-0020-00010.png,otsu,12,37.07987730912544,0.0010899784320821137,0.9743019656984148,7.628395333797128e-05,0.9996101994154565,2.308466447059868e-08,0.9976385602943514,1.3984854146188145e-07,1.0831243111286313,30
SHADE,IMG-0020-00010.png,tsallis,3,16.733322506953215,0.0,0.2487842685528512,0.0,0.957569722562624,0.0,0.7429543570858457,0.0,0.6776361208486681,30
SHADE,IMG-0020-00010.png,tsallis,5,22.52853638931091,0.04645924016845441,0.39966486150469127,0.0016963700266763922,0.9888281953164914,0.0001224002161731117,0.9323204114886543,0.0007415092278262543,0.7807341112522408,30
SHADE,IMG-0020-00010.png,tsallis,7,25.026836710096312,0.003414357129211366,0.48052835572720914,0.00030161206798309256,0.9937149496260691,5.206423465316751e-06,0.9619247171669018,3.154088419306962e-05,0.8904022401974847,30
SHADE,IMG-0020-00010.png,tsallis,9,27.26764999751622,0.15362430713291936,0.5731085895023535,0.0010358349713818582,0.9962469686273916,0.00012795179927669725,0.9772638686260559,0.000775141113692831,0.9986367542374258,30
SHADE,IMG-0020-00010.png,tsallis,11,29.940493514393665,0.44571473423982916,0.6700457636266405,0.03195491946169297,0.9979660681628277,0.00018207292587063269,0.9876782960587241,0.0011030107535065638,1.116301112396953,30
SHADE,IMG-0020-00010.png,tsallis,12,33.7757555151857,0.17273214936149603,0.8960487817866245,0.0007935706583425707,0.9991618771395744,3.6319370321818555e-05,0.9949225920142255,0.00022002533234404459,1.169487431831658,30
SHADE,IMG-0022-00010.png,kapur,3,25.27849639337541,0.0,0.8861963809247383,0.0,0.994069856442934,0.0,0.9693007740088794,0.0,0.6709575764757271,30
SHADE,IMG-0022-00010.png,kapur,5,30.204592520323725,0.0,0.9348013204629292,0.0,0.9980926437391516,0.0,0.9901259791885492,0.0,0.8153295083437115,30
SHADE,IMG-0022-00010.png,kapur,7,32.26828604223346,0.4892314111704825,0.950651761443953,0.002786065694591101,0.998807522186933,0.0001308197690077287,0.9938267690283619,0.0006772290778842031,0.9350775971310213,30
SHADE,IMG-0022-00010.png,kapur,9,34.32210527505766,0.0,0.962099586203884,0.0,0.9992615874814024,0.0,0.9961773787489364,0.0,1.0693428542542582,30
SHADE,IMG-0022-00010.png,kapur,11,36.37199001444068,0.0,0.9728033203890468,0.0,0.999539760473006,0.0,0.9976174274512456,0.0,1.1960581806798776,30
SHADE,IMG-0022-00010.png,kapur,12,36.929405351386215,3.952459119890045e-05,0.9754172677397127,7.5580759902041045e-06,0.9995959278657768,1.2185821081435804e-07,0.9979081953673032,6.308367948515898e-07,1.2573487484827637,30
SHADE,IMG-0022-00010.png,otsu,3,27.6470837557985,0.0,0.8320331430670007,0.0,0.996565960698968,0.0,0.9822226312819756,0.0,0.6391496805008501,30
SHADE,IMG-0022-00010.png,otsu,5,31.365514063112983,0.0,0.9449825818562588,0.0,0.9985414628866484,0.0,0.9924494306034352,0.0,0.7326404027019938,30
SHADE,IMG-0022-00010.png,otsu,7,33.9209824257416,0.0,0.962657025252914,0.0,0.999190593041305,0.0,0.9958098540272,0.0,0.8330762098388126,30
SHADE,IMG-0022-00010.png,otsu,9,35.83342258760076,0.0,0.973300274275243,0.0,0.9994792752031996,0.0,0.9973043067065208,0.0,0.9372132778245335,30
SHADE,IMG-0022-00010.png,otsu,11,37.363700149014235,0.00018103891805926954,0.9790874667382284,3.951409304159403e-06,0.9996341124033137,2.4912790435830555e-08,0.9981058694600006,1.289687807445494e-07,1.0380381776873644,30
SHADE,IMG-0022-00010.png,otsu,12,38.06082801864464,0.0,0.9815314484644452,0.0,0.9996881811555984,0.0,0.998385773113171,0.0,1.0891801569455615,30
SHADE,IMG-0022-00010.png,tsallis,3,19.093237153595624,0.0,0.2836672266203202,0.0,0.9753600744790208,0.0,0.8724437891437511,0.0,0.6784796126652509,30
SHADE,IMG-0022-00010.png,tsallis,5,20.123310934300022,0.0,0.3123700430083183,0.0,0.9805636626030437,0.0,0.8993817757619247,0.0,0.7883467138977721,30
SHADE,IMG-0022-00010.png,tsallis,7,22.202659999720584,0.0,0.379507109448929,0.0,0.9879593562652508,0.0,0.9376678760750726,0.0,0.8930861583833273,30
SHADE,IMG-0022-00010.png,tsallis,9,24.212357480273194,0.0,0.4551742462834012,0.0,0.9924188549445208,0.0,0.9607538530745491,0.0,1.0221548319483797,30
SHADE,IMG-0022-00010.png,tsallis,11,31.98172471027586,0.8826100484355459,0.8888906383037735,0.0022525086225180036,0.9987090902760191,0.00026456971956928836,0.9933172057355334,0.0013696271487032225,1.09558372500663,30
SHADE,IMG-0022-00010.png,tsallis,12,35.32906007427229,0.0009743422668560509,0.8971600911289035,1.036503688969134e-05,0.9994195909747269,1.4935061253260198e-07,0.9969953328005163,7.73159732457978e-07,1.153111408239541,30
SHADE,IMG-0028-00010.png,kapur,3,26.61277170129681,0.0,0.8798771510869353,0.0,0.9956387103652372,0.0,0.9732952363828858,0.0,0.6681939278496429,30
SHADE,IMG-0028-00010.png,kapur,5,30.002884963324323,0.0,0.920360508177314,0.0,0.9980025046583236,0.0,0.9877690670895654,0.0,0.7989366264392932,30
SHADE,IMG-0028-00010.png,kapur,7,32.77132249967836,0.019364168895253945,0.9442236868734007,0.00010176203396016475,0.9989441008129862,4.722846224149445e-06,0.9935345871166289,2.891862329236789e-05,0.9265668555861339,30
SHADE,IMG-0028-00010.png,kapur,9,34.55649100810277,0.2258593858627322,0.9563858005352243,0.0017813525755282294,0.9992992523902977,3.5897712103357806e-05,0.995709228040441,0.00021980652430746836,1.0554114417172968,30
SHADE,IMG-0028-00010.png,kapur,11,36.44377493070424,0.010900818483095228,0.96688739590294,9.799739998089833e-05,0.9995474540796774,1.3095866531929157e-06,0.9972290004012172,8.018775393964209e-06,1.1891537124523892,30
SHADE,IMG-0028-00010.png,kapur,12,36.96125436183626,0.05537347970390667,0.9692701442467625,0.00028621024144711465,0.9995984962427293,5.331445810059238e-06,0.9975415384376596,3.264516049580604e-05,1.2569648097269237,30
SHADE,IMG-0028-00010.png,otsu,3,28.308973305981308,0.0,0.9112542844083461,0.0,0.9970541237632992,0.0,0.9819620031838022,0.0,0.6257129359912749,30
SHADE,IMG-0028-00010.png,otsu,5,31.52079339727741,0.0,0.9397252799897938,0.0,0.9985929215508162,0.0,0.9913842692132436,0.0,0.7317286999663338,30
SHADE,IMG-0028-00010.png,otsu,7,34.07144485586729,0.0,0.95550014755924,0.0,0.9992177679018236,0.0,0.9952102875468256,0.0,0.8311075222833703,30
SHADE,IMG-0028-00010.png,otsu,9,36.030633041754776,0.0,0.9682221882005032,0.0,0.9995028835083684,0.0,0.9969560887923208,0.0,0.9344678818946704,30
SHADE,IMG-0028-00010.png,otsu,11,37.59117933868705,0.0011615583978546258,0.9761133504025266,6.324830266372492e-05,0.9996528130349944,9.022151959344702e-08,0.9978741274696553,5.524385115502332e-07,1.033144404211392,30
SHADE,IMG-0028-00010.png,otsu,12,38.32873393406569,0.0018808182191384169,0.9785639522046693,0.00010646798396551343,0.9997066847212233,4.386667017522784e-08,0.998203991057464,2.6860152741178744e-07,1.0820478319112832,30
SHADE,IMG-0028-00010.png,tsallis,3,18.92625952572576,0.0,0.2800420231167914,0.0,0.9743937770025782,0.0,0.84320964908572,0.0,0.6743726014547671,30
SHADE,IMG-0028-00010.png,tsallis,5,20.35502568726612,0.0,0.3180368288196536,0.0,0.9815724588687956,0.0,0.8871656846564285,0.0,0.7791862583408753,30
SHADE,IMG-0028-00010.png,tsallis,7,22.033206949092566,0.0008953847328349006,0.3702595955727363,0.0002345463507190553,0.9874809510328764,2.7202412350417824e-06,0.923344177668607,1.6656403323069266e-05,0.8866387722082436,30
SHADE,IMG-0028-00010.png,tsallis,9,23.204722720049098,0.17151793506691085,0.39917167546714477,0.004826086396568764,0.9904324086061161,0.0003632756354470698,0.9414163497598788,0.002224385625560235,0.9938713513547555,30
SHADE,IMG-0028-00010.png,tsallis,11,31.583344988906685,2.844170658409494,0.813733331854292,0.14690428699379618,0.9981904479969111,0.0016406318179731463,0.9889198694555416,0.01004580950837766,1.0982020095689222,30
SHADE,IMG-0028-00010.png,tsallis,12,34.829989712392475,0.7187231223805696,0.897821305538212,0.0192588411582781,0.9993375058031221,0.00011330381900543934,0.9959434588374229,0.0006937745384614594,1.1481373180247223,30
SHADE,IMG-0040-00010.png,kapur,3,22.49914350654929,0.0,0.3136852367240642,0.0,0.9887525440315272,0.0,0.9091570172516206,0.0,0.6661007943330333,30
SHADE,IMG-0040-00010.png,kapur,5,29.55904027012064,0.0,0.9197850381970905,0.0,0.9977872488589858,0.0,0.9821281439737964,0.0,0.7981186472112313,30
SHADE,IMG-0040-00010.png,kapur,7,32.15732582059699,0.0,0.948004755357244,0.0,0.9987840265260864,0.0,0.9901788762167332,0.0,0.9290215249173344,30
SHADE,IMG-0040-00010.png,kapur,9,34.57637497428616,0.0,0.9678959657527362,0.0,0.9993035024802523,0.0,0.9943745579135346,0.0,1.05922659446951,30
SHADE,IMG-0040-00010.png,kapur,11,36.30121284579353,0.02723439386579555,0.9774027525824569,5.1850429770386196e-05,0.9995322135058942,2.952289764479502e-06,0.9962218015760097,2.3844930702018008e-05,1.189227372314781,30
SHADE,IMG-0040-00010.png,kapur,12,37.179086705918614,0.06202857122941238,0.9810160741099413,0.00025501406206720855,0.9996177687793318,5.551048249616971e-06,0.9969128108363007,4.483447472819391e-05,1.2564034168065215,30
SHADE,IMG-0040-00010.png,otsu,3,27.058670778287365,0.0,0.8118650550029927,0.0,0.9960654602140392,0.0,0.9682216733365524,0.0,0.6267663694685325,30
SHADE,IMG-0040-00010.png,otsu,5,30.93019804618676,0.0,0.940634127263,0.0,0.9983884133493586,0.0,0.9869836042290712,0.0,0.7291653292408834,30
SHADE,IMG-0040-00010.png,otsu,7,33.45569564734214,0.0,0.96307132031114,0.0,0.9990993907031148,0.0,0.9927259964342784,0.0,0.8300336530044053,30
SHADE,IMG-0040-00010.png,otsu,9,35.421451629188034,0.0,0.9749970252877086,0.0,0.9994269649734484,0.0,0.99537173462362,0.0,0.9309606416538979,30
SHADE,IMG-0040-00010.png,otsu,11,37.01054877919828,0.001696223476527293,0.9813673449694347,1.9749631645489074e-05,0.9996031405625103,1.8482546868732334e-07,0.9967946622654519,1.4927906280444256e-06,1.033258958378186,30
SHADE,IMG-0040-00010.png,otsu,12,37.79017998743441,0.0007372915365521702,0.9838670317976775,1.93708801532175e-05,0.9996687044485743,5.681511440412857e-10,0.9973242059229093,4.588818875475834e-09,1.0821600750243912,30
SHADE,IMG-0040-00010.png,tsallis,3,20.617708724579792,0.0,0.258170847977848,0.0,0.9826533267435248,0.0,0.8598951137219945,0.0,0.6757010624743998,30
SHADE,IMG-0040-00010.png,tsallis,5,22.315724371411,0.0,0.3170325108745928,0.0,0.9882668771786448,0.0,0.9052344034924256,0.0,0.7839719735629236,30
SHADE,IMG-0040-00010.png,tsallis,7,23.824004711777004,0.0,0.37020845117987783,0.0,0.991710996180114,0.0,0.93305172004035,0.0,0.8881723667106901,30
SHADE,IMG-0040-00010.png,tsallis,9,25.942020674418547,0.19173460366201686,0.4485932463276453,0.007672372392659836,0.9949045600271967,0.00025223307930934634,0.9588453631788147,0.0020372256034164675,0.9930130277760327,30
SHADE,IMG-0040-00010.png,tsallis,11,27.33243218344896,0.00310274494201556,0.5130996548969825,0.00013591225716634317,0.9963041593918719,2.6168415929711336e-06,0.970149588889608,2.1135596916415832e-05,1.0991670152793327,30
SHADE,IMG-0040-00010.png,tsallis,12,29.01068483962296,0.3101699431430944,0.6007825812176565,0.01641085059501868,0.9974822059456351,0.00021664459708960158,0.9796643861077764,0.001749786036158598,1.149411026520344,30
SHADE,IMG-0052-00010.png,kapur,3,15.79129737735202,0.0,0.2801629164577693,0.0,0.9472893629470068,0.0,0.6433509017497596,0.0,0.6878847347494835,30
SHADE,IMG-0052-00010.png,kapur,5,26.99075893302512,0.0,0.8577795927435875,0.0,0.9960012996105984,0.0,0.9729441158789416,0.0,0.8040256860665977,30
SHADE,IMG-0052-00010.png,kapur,7,31.20466946368809,0.034111054600767306,0.9156858077436146,3.247025609898046e-05,0.9984866331377581,1.182396678850173e-05,0.9897603034811021,8.000296199470998e-05,0.9290863346696521,30
SHADE,IMG-0052-00010.png,kapur,9,32.80946468706993,0.0,0.931713768394798,0.0,0.998953827186169,0.0,0.9929214175444012,0.0,1.059779204141038,30
SHADE,IMG-0052-00010.png,kapur,11,34.93733641904802,0.0,0.9488953330467425,0.0,0.9993597491401984,0.0,0.9956679542390536,0.0,1.1900283749836187,30
SHADE,IMG-0052-00010.png,kapur,12,35.50021595419646,0.066711451417291,0.9534313136341477,0.001408608096936339,0.9994376772715264,9.135682448056618e-06,0.9961952291748236,6.181357481498253e-05,1.258748226473108,30
SHADE,IMG-0052-00010.png,otsu,3,26.405897525431428,0.0,0.8052586723415845,0.0,0.9954262543183462,0.0,0.9690532620323328,0.0,0.6286332597956061,30
SHADE,IMG-0052-00010.png,otsu,5,29.88576774465537,0.0,0.8519430240690672,0.0,0.9979510673971167,0.0,0.9861365749676082,0.0,0.730063950146238,30
SHADE,IMG-0052-00010.png,otsu,7,32.34367440474513,0.0,0.9302972956748264,0.0,0.9988369683190336,0.0,0.9921307306562038,0.0,0.8314441152848303,30
SHADE,IMG-0052-00010.png,otsu,9,34.30661935772674,0.0,0.946253169936445,0.0,0.9992594852170426,0.0,0.9949895515526168,0.0,0.9321876680323233,30
SHADE,IMG-0052-00010.png,otsu,11,35.93085529267035,0.00019832091441785492,0.9594689194912469,4.177963096797207e-05,0.9994912379684872,1.2971503686562717e-08,0.99655762992239,8.776739103824968e-08,1.0327670346169422,30
SHADE,IMG-0052-00010.png,otsu,12,36.596241122813744,7.233254232645969e-05,0.9630750350268976,9.5145378984859e-05,0.9995634970152543,5.0071257700795154e-11,0.9970465468718095,3.3879081867226315e-10,1.0941695167217405,30
SHADE,IMG-0052-00010.png,tsallis,3,15.792897761572393,0.0,0.2800429579914986,0.0,0.9473099325416576,0.0,0.6434900791111745,0.0,0.6772121235495433,30
SHADE,IMG-0052-00010.png,tsallis,5,21.58368901962644,0.005220970065882772,0.43283972456943415,0.0006961305965059496,0.9861125309934433,1.643244210101385e-05,0.9060350324890387,0.0001111846865273397,0.7797675334072361,30
SHADE,IMG-0052-00010.png,tsallis,7,22.75763099333477,0.0,0.4686261239330211,0.0,0.9894019364589556,0.0,0.9282917070170832,0.0,0.8876810846850276,30
SHADE,IMG-0052-00010.png,tsallis,9,23.951197249277925,0.0,0.5013906300932854,0.0,0.9919483922119138,0.0,0.9455214579516736,0.0,0.9931100013976296,30
SHADE,IMG-0052-00010.png,tsallis,11,26.508083724820267,0.08133439701743693,0.5621342845653038,0.0012387797377409217,0.9955340337907964,8.700972941789472e-05,0.9697825161982542,0.0005887225666554695,1.1023986124511187,30
SHADE,IMG-0052-00010.png,tsallis,12,27.982139505137514,0.5811374231339822,0.635294368899149,0.017413653074669404,0.996797223828233,0.00034225824439537873,0.9783294739464136,0.0023157772521244175,1.1508688001194969,30
SHADE,IMG-0058-00010.png,kapur,3,27.40758209910106,0.003114160363114995,0.92034264895741,0.000102375323433291,0.996367234929071,2.4878613578932062e-06,0.9736206921978408,1.8065594457020715e-05,0.6691412653230752,30
SHADE,IMG-0058-00010.png,kapur,5,30.68364781135252,0.0,0.9463402501142172,0.0,0.9982924043255788,0.0,0.9876003014184256,0.0,0.7977856053505092,30
SHADE,IMG-0058-00010.png,kapur,7,34.03616576222384,0.0,0.963395637245989,0.0,0.9992108536632728,0.0,0.9942696172994896,0.0,0.9302091541700065,30
SHADE,IMG-0058-00010.png,kapur,9,35.96688830450666,0.04684234299178015,0.972334756604379,0.0002846105911593478,0.9994945586468912,5.253225270679053e-06,0.996329739807208,3.814627251268536e-05,1.0568404748647784,30
SHADE,IMG-0058-00010.png,kapur,11,37.295326237046346,0.0879621087927302,0.9767579975382988,0.00042881886571391356,0.999627594170957,7.16505079836876e-06,0.9972957766880515,5.2028985287292046e-05,1.1915466444799676,30
SHADE,IMG-0058-00010.png,kapur,12,37.93680178909038,0.08879130009575692,0.9783456809870413,0.0004366435296305994,0.9996787417754264,6.540742450761107e-06,0.9976671847960054,4.749557293027786e-05,1.2552842290218298,30
SHADE,IMG-0058-00010.png,otsu,3,29.45506353617184,0.0,0.938661970559682,0.0,0.9977353627163588,0.0,0.9835553461897444,0.0,0.6268515097287793,30
SHADE,IMG-0058-00010.png,otsu,5,32.71951096936051,0.0,0.9579677948126756,0.0,0.9989326780899168,0.0,0.9922496465804024,0.0,0.7306983583218728,30
SHADE,IMG-0058-00010.png,otsu,7,35.14538223002352,0.0,0.9696263868249712,0.0,0.9993899096836076,0.0,0.9955698318143328,0.0,0.8306645820227762,30
SHADE,IMG-0058-00010.png,otsu,9,37.082947915145496,0.0,0.9788357109122094,0.0,0.9996094676138652,0.0,0.997164150772368,0.0,0.9350424903910607,30
SHADE,IMG-0058-00010.png,otsu,11,38.68895620751038,5.365496373999383e-05,0.9833392882357069,5.243068340964894e-05,0.9997303659737653,2.8855195437367258e-08,0.9980420536882783,2.0953187642323004e-07,1.034440373737986,30
SHADE,IMG-0058-00010.png,otsu,12,39.45183574594782,0.0,0.9856461584402824,0.0,0.9997738522997628,0.0,0.9983578294558466,0.0,1.084409822228675,30
SHADE,IMG-0058-00010.png,tsallis,3,21.27380981247737,0.0,0.2828336293761156,0.0,0.9850844430409044,0.0,0.8916907478511967,0.0,0.6723261360622321,30
SHADE,IMG-0058-00010.png,tsallis,5,23.24937836649894,0.0,0.3507721874643498,0.0,0.990536929712438,0.0,0.9312839561614634,0.0,0.7801219194817046,30
SHADE,IMG-0058-00010.png,tsallis,7,23.72203052302162,0.003376953798817378,0.39484142132728994,0.0004885115509805191,0.991515964445055,6.6093442431774924e-06,0.9383932126249154,4.799372454758967e-05,0.8866743166775753,30
SHADE,IMG-0058-00010.png,tsallis,9,25.203779194632634,0.0,0.4647047684299563,0.0,0.9939670936113748,0.0,0.9561920764321674,0.0,0.991094351443462,30
SHADE,IMG-0058-00010.png,tsallis,11,33.88018296928151,4.3098710208052795,0.8599878432281868,0.1367744753919569,0.9987213021887621,0.0010836340624854265,0.9907147413912006,0.00786880404349893,1.1021898625496154,30
SHADE,IMG-0058-00010.png,tsallis,12,38.30958464976898,0.062437163466814244,0.9803885722577221,9.801778095375883e-05,0.9997067957417164,4.26133778984958e-06,0.9978708985505127,3.09436858735279e-05,1.1493100318669651,30
SHADE,IMG-0082-00010.png,kapur,3,25.97225808566026,0.0,0.8914634209842401,0.0,0.9949454339215824,0.0,0.972182256942526,0.0,0.6685503847664223,30
SHADE,IMG-0082-00010.png,kapur,5,28.998614792434353,0.3529246801562487,0.9262159813437748,0.0028600044668251343,0.9974747811716876,0.00016772418108499269,0.9861024888308744,0.0009230679946732603,0.7980771041320016,30
SHADE,IMG-0082-00010.png,kapur,7,33.041035369044096,0.0,0.9562486036952104,0.0,0.9990084906142516,0.0,0.9945432401310188,0.0,0.926893588885044,30
SHADE,IMG-0082-00010.png,kapur,9,35.02159004917977,0.07067642059842379,0.9664302167227912,0.0002663815349362241,0.9993712933825093,1.0358946133208744e-05,0.9965399207622253,5.7010334301115095e-05,1.0604263389405484,30
SHADE,IMG-0082-00010.png,kapur,11,36.568337541205416,0.10318557577790195,0.9748349534044236,0.0005785039140377542,0.9995599751235967,1.0490378601325955e-05,0.997578328433978,5.773367129477593e-05,1.1880080375277127,30
SHADE,IMG-0082-00010.png,kapur,12,37.48626410107271,0.0003580493777207676,0.9779639061919511,1.706208618252191e-05,0.9996445221438844,3.2619422384841903e-09,0.9980436319338533,1.795205961261899e-08,1.2564841264703621,30
SHADE,IMG-0082-00010.png,otsu,3,28.343801561344062,0.0,0.9189647089745157,0.0,0.9970748413292096,0.0,0.9839014247624858,0.0,0.6283947930360834,30
SHADE,IMG-0082-00010.png,otsu,5,32.05210256114604,0.0,0.952056607851361,0.0,0.9987553630264496,0.0,0.9931501555241522,0.0,0.7296172499423846,30
SHADE,IMG-0082-00010.png,otsu,7,34.39943385506421,0.0,0.9670109171566712,0.0,0.9992752006105732,0.0,0.9960110753583026,0.0,0.8339972860490282,30
SHADE,IMG-0082-00010.png,otsu,9,36.26440722458449,3.391303168223938e-05,0.975960619138442,3.323953548612877e-05,0.9995287473631405,1.5767572803855594e-08,0.9974064668333663,8.677664540208436e-08,0.9327607138470436,30
SHADE,IMG-0082-00010.png,otsu,11,37.764802638587035,4.212808502326669e-05,0.9810599002829237,3.1910759203990315e-05,0.9996661328205594,1.460832609318463e-08,0.9981625660306118,8.039674492966976e-08,1.0316383360652253,30
SHADE,IMG-0082-00010.png,otsu,12,38.491161032157244,0.0008801504459670245,0.9837566580463972,4.7357772627145626e-05,0.9997178273971734,1.8458617153901036e-08,0.9984470665055086,1.015867753303948e-07,1.0804424318562573,30
SHADE,IMG-0082-00010.png,tsallis,3,19.15449754867,0.0,0.2647683730980214,0.0,0.975702680638886,0.0,0.8662799978303027,0.0,0.6756395097977171,30
SHADE,IMG-0082-00010.png,tsallis,5,21.49871995959159,0.0,0.3368821346826204,0.0,0.9858395044742149,0.0,0.9220678847617056,0.0,0.7827525721862912,30
SHADE,IMG-0082-00010.png,tsallis,7,23.214430365564876,0.0,0.3999821900454798,0.0,0.9904601439083355,0.0,0.9474975177995323,0.0,0.8869831056023637,30
SHADE,IMG-0082-00010.png,tsallis,9,25.32966712062669,0.10929420611407886,0.5023626899975978,0.0006884862936042695,0.9941373507066094,0.0001528603474578027,0.9677349807778782,0.0008412650667311694,0.9922995830886066,30
SHADE,IMG-0082-00010.png,tsallis,11,25.722184455746653,0.22496386454373207,0.5130582795722448,0.02159950486227956,0.9946393617139494,0.00025468336407693257,0.9704977922630891,0.0014016468027109412,1.098756904155016,30
SHADE,IMG-0082-00010.png,tsallis,12,32.12919918523498,5.327767874069971,0.7755316942014249,0.19402830318771852,0.9978237915588938,0.0017558575590203096,0.9880232632603846,0.009663340762505641,1.1530991277735059,30
StandardDE,IMG-0003-00010.png,kapur,3,19.12390893832988,0.08948558372567908,0.25005389924200505,0.001907805624442145,0.9755266552742906,0.00047929607017132067,0.7852814705708743,0.004205136179863206,0.5846766527819758,30
StandardDE,IMG-0003-00010.png,kapur,5,28.62847301443024,0.10047554073481015,0.8919109890907247,0.0014107534297109392,0.997257162511315,6.260058679338194e-05,0.9759355315493574,0.0005492304418676059,0.723167831877557,30
StandardDE,IMG-0003-00010.png,kapur,7,31.63750106277538,0.3529346358006409,0.9333728524035979,0.00409612906649101,0.9986249528047987,0.00011169054770708777,0.9879359313179986,0.0009799245024979869,1.0000350083302085,30
StandardDE,IMG-0003-00010.png,kapur,9,33.339779322502956,0.5321898628458912,0.9523089641724816,0.004701989708147206,0.9990672708347037,0.00011929477136151101,0.991816638184413,0.0010466406681396828,1.0276484304961437,30
StandardDE,IMG-0003-00010.png,kapur,11,34.66622095561062,0.7384289897930483,0.9630627023259277,0.005081041293343732,0.9993082057467705,0.00012310684158568555,0.9939304967757466,0.0010800861216233532,1.1096229082516704,30
StandardDE,IMG-0003-00010.png,kapur,12,35.430848666894335,0.5376272588468106,0.9682731551133984,0.0031851130692726473,0.9994240895943896,7.031283085821028e-05,0.9949472114759322,0.0006168943318162967,0.8315072513573493,30
StandardDE,IMG-0003-00010.png,otsu,3,27.26380124179377,0.0,0.8128651641409868,0.0,0.996247838381606,0.0,0.9670801586823714,0.0,0.5421343901815514,30
StandardDE,IMG-0003-00010.png,otsu,5,30.79428188645105,0.04932228320633169,0.9300377974664531,0.0010044879727152635,0.9983377614195234,1.909698441547837e-05,0.9854162384602311,0.00016754867208282467,0.642200795863755,30
StandardDE,IMG-0003-00010.png,otsu,7,32.93318466443194,0.11128802051136684,0.9495434238430033,0.013145277286707637,0.9989842481397877,2.5805391573531596e-05,0.9910882330088471,0.00022640533168294887,0.7491028264552976,30
StandardDE,IMG-0003-00010.png,otsu,9,34.659962306262045,0.23964675985383702,0.9641762879308066,0.00197021163747714,0.9993168363568355,3.719700021633011e-05,0.9940062180113204,0.0003263503732381989,0.9623989805579185,30
StandardDE,IMG-0003-00010.png,otsu,11,35.902324565076675,0.22258310333495188,0.9724172219335426,0.001548046197642903,0.9994869369255537,2.5676828343619045e-05,0.9954986067460667,0.00022527737357282777,0.9665357110245775,30
StandardDE,IMG-0003-00010.png,otsu,12,36.44722582340592,0.21448520765105153,0.9746288529429268,0.0015590510005919094,0.9995475885033005,2.2248115398206857e-05,0.9960324479751228,0.00019386827013762257,1.0118633846053853,30
StandardDE,IMG-0003-00010.png,tsallis,3,16.69619435726649,0.0,0.1944407790792168,0.0,0.957206016608228,0.0,0.6245441199280385,0.0,0.3421268706908449,30
StandardDE,IMG-0003-00010.png,tsallis,5,21.305344657827945,0.627048952501793,0.3211845283862225,0.015241162832560478,0.9850352466634459,0.0023793273271505073,0.8687057341075654,0.020875187696743545,0.40432530417262263,30
StandardDE,IMG-0003-00010.png,tsallis,7,23.244136117822652,1.0567510073977187,0.3816221740521939,0.03178980126523438,0.9902574417737607,0.002329425229108355,0.9145230127446304,0.02043736829661116,0.4737544027157128,30
StandardDE,IMG-0003-00010.png,tsallis,9,25.776249261911428,1.6434422793860592,0.4802678600432121,0.08337419157830421,0.9943674558550976,0.0019077042113279697,0.9505824966185514,0.016737370695873152,0.5356170819373801,30
StandardDE,IMG-0003-00010.png,tsallis,11,29.346764581668204,2.561313535936118,0.6651531898385684,0.13810425162296966,0.9972625307970755,0.0016461900152212607,0.9759826305641016,0.014442958377401524,0.6105408959401151,30
StandardDE,IMG-0003-00010.png,tsallis,12,31.793490025213348,3.0824576211026016,0.7768839896520696,0.15185432185975847,0.9983122078835014,0.001236180605879379,0.9851920428001024,0.01084571335786397,0.6334750028559938,30
StandardDE,IMG-0004-00010.png,kapur,3,19.91988093885099,0.0,0.2821441111549853,0.0,0.9796315096962656,0.0,0.8474179504742365,0.0,0.33495311946608125,30
StandardDE,IMG-0004-00010.png,kapur,5,29.4609957555762,0.09448901038185485,0.9069813857314255,0.0029896815241665497,0.9977360982545043,4.959858949241745e-05,0.9830409243345172,0.0003715471458850666,0.4163653625330577,30
StandardDE,IMG-0004-00010.png,kapur,7,31.766523122867696,0.2642269950786728,0.939515360980258,0.004338260749792701,0.9986670252458328,8.152109965639583e-05,0.9900145756055552,0.0006106813160760335,0.4915261706802994,30
StandardDE,IMG-0004-00010.png,kapur,9,33.59362559107049,0.408448715153505,0.9571706758165315,0.004633875345381448,0.9991228444723632,8.3745856801461e-05,0.9934291552214287,0.0006273471562943764,0.5660339611039187,30
StandardDE,IMG-0004-00010.png,kapur,11,34.93282139685748,0.4433224187148298,0.9675512075883203,0.004223955568290924,0.9993555355457412,6.692843534102676e-05,0.9951722633434806,0.0005013664578767573,0.6399309736598904,30
StandardDE,IMG-0004-00010.png,kapur,12,35.58334887297429,0.5647492684676145,0.9715606708993175,0.0039822554529281694,0.999443256044074,7.67523505636221e-05,0.9958293848690059,0.0005749582212661613,0.6759242611549173,30
StandardDE,IMG-0004-00010.png,otsu,3,26.913317112334166,0.0,0.8109151881986946,0.0,0.99592987093804,0.0,0.96951032576065,0.0,0.31703674028006695,30
StandardDE,IMG-0004-00010.png,otsu,5,30.432142888255846,0.0584437203123213,0.9063496835384676,0.03511307947193629,0.9981939321140857,2.499186527003542e-05,0.9864705957336,0.00018721613470199173,0.37467738889778646,30
StandardDE,IMG-0004-00010.png,otsu,7,32.66871754926071,0.15386711621494767,0.9504968233852262,0.013451987025388395,0.9989200635760405,3.834743363705245e-05,0.9919101067154172,0.00028726380458970644,0.43599484735168514,30
StandardDE,IMG-0004-00010.png,otsu,9,34.27694393508687,0.1686868422400098,0.9639998321037385,0.0028406873053045765,0.9992545412483318,2.8271406434326615e-05,0.9944157066886004,0.0002117834494555196,0.4896656096292038,30
StandardDE,IMG-0004-00010.png,otsu,11,35.542428121826774,0.21055023087085364,0.9722634201149756,0.002172452574048951,0.999442520244004,2.6971234530835314e-05,0.995823872929679,0.000202043753935056,0.5496446514114116,30
StandardDE,IMG-0004-00010.png,otsu,12,36.12739031583251,0.23842890349131737,0.9747305998806967,0.0021033295344323414,0.9995127192931329,2.662654050913304e-05,0.9963497398265931,0.0001994616224412838,0.5807683569689591,30
StandardDE,IMG-0004-00010.png,tsallis,3,19.02841100283329,0.0,0.2614932123937597,0.0,0.9749864365230214,0.0,0.81262132223121,0.0,0.3361675055852781,30
StandardDE,IMG-0004-00010.png,tsallis,5,20.111938315476912,0.21245731613009922,0.2999985169670643,0.004866575761145978,0.9804898594392966,0.0009512103982572455,0.8538479195612219,0.0071255959539475566,0.40004868199272703,30
StandardDE,IMG-0004-00010.png,tsallis,7,21.839215985021244,1.1671134141989554,0.3462543171372333,0.030336597629693898,0.9864718404180546,0.003341006152821562,0.8986594350124032,0.025027754078673064,0.46742312764593713,30
StandardDE,IMG-0004-00010.png,tsallis,9,24.391481522027615,2.908904789645572,0.45034862540964343,0.13496887357656914,0.9911974709535851,0.005078076154785408,0.9340595251349685,0.03804028947609383,0.5309202041632185,30
StandardDE,IMG-0004-00010.png,tsallis,11,31.628137098516945,3.1280314981359867,0.7999148152915571,0.16071245158885997,0.9980748466537708,0.0022791875324856326,0.9855785166775378,0.017073582763100625,0.6163410653204967,30
StandardDE,IMG-0004-00010.png,tsallis,12,33.44724286222512,2.0309559891060065,0.8746547705982278,0.09453196102955738,0.9989605318776787,0.0008260913256435357,0.9922132581180362,0.006188318607935129,0.6587780526994417,30
StandardDE,IMG-0006-00010.png,kapur,3,25.254283064452395,0.0,0.866400465583049,0.0,0.9940375454709705,0.0,0.9701956232531533,0.0,0.34388596933955945,30
StandardDE,IMG-0006-00010.png,kapur,5,29.778017663235097,0.10740440762976534,0.9072257626457401,0.0007578112255699057,0.9978954910618096,5.1456167528179754e-05,0.9894802422466209,0.00025721269579359444,0.4319423999482145,30
StandardDE,IMG-0006-00010.png,kapur,7,32.02269693422962,0.7173108381484107,0.926824458768016,0.004635432256237995,0.9987289793101048,0.000214218325660919,0.9936465797248037,0.001070807945451165,0.499797613817888,30
StandardDE,IMG-0006-00010.png,kapur,9,33.36219575769145,0.7476819341068389,0.9385285926090543,0.006011107737949605,0.9990652905429898,0.0001669781611624748,0.9953276905224282,0.000834669681680914,0.5724537041115885,30
StandardDE,IMG-0006-00010.png,kapur,11,34.705692350640966,0.7544764122920896,0.9484450864437138,0.006596684103708399,0.9993140312404195,0.00012570273249272917,0.9965710646097906,0.0006283471981346803,0.6494356694708888,30
StandardDE,IMG-0006-00010.png,kapur,12,35.21300614001612,0.9374527467278887,0.9514993854017355,0.007184163346770575,0.9993845746392189,0.00014106230708398648,0.9969236881852973,0.0007051247308706159,0.6899802833329887,30
StandardDE,IMG-0006-00010.png,otsu,3,27.882416866908653,0.0,0.8202454609758667,0.0,0.9967478861755524,0.0,0.9837437375537955,0.0,0.322279274991403,30
StandardDE,IMG-0006-00010.png,otsu,5,31.39584576938761,0.08278640022096163,0.9164764011399366,0.01740080368078943,0.9985535033316096,2.7736602947493603e-05,0.9927694322098617,0.0001386462839926658,0.3918727931023265,30
StandardDE,IMG-0006-00010.png,otsu,7,33.4034542879644,0.13590567378937568,0.9403717029333625,0.0030297475950421646,0.9990882195384058,2.844300242561287e-05,0.9954423051353332,0.00014217734591984995,0.45374776809476314,30
StandardDE,IMG-0006-00010.png,otsu,9,34.91680651713673,0.20289893916567328,0.9524599609114891,0.002851108339889068,0.9993561060920407,2.947582090722481e-05,0.9967813831494425,0.00014734007059762278,0.5180022999333839,30
StandardDE,IMG-0006-00010.png,otsu,11,36.190913245963685,0.21516738636761532,0.9617376049101503,0.0028304802790030796,0.9995199981562665,2.369847650740713e-05,0.9976006264332649,0.00011846099936098894,0.559611905622296,30
StandardDE,IMG-0006-00010.png,otsu,12,36.68644748614129,0.21233782448015392,0.9653213942864343,0.002426102644672743,0.9995716884692708,2.0622607296811648e-05,0.9978598710452143,0.0001018371886010219,0.6031331846257671,30
StandardDE,IMG-0006-00010.png,tsallis,3,20.2143298630985,0.0,0.3351939103691839,0.0,0.9809636660857032,0.0,0.9048435396700945,0.0,0.3408084763990094,30
StandardDE,IMG-0006-00010.png,tsallis,5,21.49254072143829,0.4388199859312691,0.37292383105294397,0.010047145250067295,0.9857485682473914,0.0014530335645921231,0.928761713977239,0.007263243614532852,0.40547543198335917,30
StandardDE,IMG-0006-00010.png,tsallis,7,24.530131412778793,1.5796141498768261,0.48477289010464836,0.06930734260508288,0.9924988367135072,0.0027103980133345263,0.9625041171313334,0.013548400768512815,0.46680036819695186,30
StandardDE,IMG-0006-00010.png,tsallis,9,29.136680967600196,3.0207618241525616,0.7053383284570679,0.14799798604221584,0.9969812768800357,0.0018624615755505637,0.9849103820039574,0.009309841476186288,0.5332767139111335,30
StandardDE,IMG-0006-00010.png,tsallis,11,34.39208633534037,1.8164574201120527,0.9227983823060718,0.07349715053047962,0.999184654454632,0.0005782300883301052,0.9959243520106197,0.0028903847090231416,0.5945698860179012,30
StandardDE,IMG-0006-00010.png,tsallis,12,35.10116178546189,1.0613724298636489,0.9353773718102364,0.03120319065894188,0.9993654867411468,0.00018156315510750774,0.9968282739724629,0.0009075753369394445,0.6258964833570644,30
StandardDE,IMG-0010-00010.png,kapur,3,26.44220101025764,0.0,0.8992000553654897,0.0,0.9954627814391611,0.0,0.97267493092016,0.0,0.33790092344085376,30
StandardDE,IMG-0010-00010.png,kapur,5,29.77509053615039,0.07006093424786468,0.9321793094495957,0.0008188918462077795,0.9978944508693534,3.378335455032223e-05,0.9873194833631118,0.00020345779786851717,0.4215354251054426,30
StandardDE,IMG-0010-00010.png,kapur,7,32.53945774041361,0.5059217367728255,0.9525332191382241,0.003595238962829715,0.9988787790861888,0.00014031185153512288,0.99324752852153,0.0008450179299294506,0.5036306361745422,30
StandardDE,IMG-0010-00010.png,kapur,9,34.007491746230635,0.6546431117654774,0.9618574966259964,0.003200283020579936,0.9991971624193412,0.00012441544645683104,0.995164969009707,0.0007492829854782797,0.6268338737310841,30
StandardDE,IMG-0010-00010.png,kapur,11,35.15358691475381,0.6620887131405506,0.9685675318297174,0.0028959614845953593,0.9993835039258854,9.614738773815187e-05,0.9962871971921232,0.000579040655979555,0.7651875401303793,30
StandardDE,IMG-0010-00010.png,kapur,12,35.838698120319044,0.6044679356085412,0.9717371272962919,0.0027921299888210216,0.9994747699703327,7.19525597741907e-05,0.9968368403128438,0.0004333290627150091,0.7087576097420727,30
StandardDE,IMG-0010-00010.png,otsu,3,28.358944875864964,0.0,0.8472318448034492,0.0,0.9970870860995646,0.0,0.9824571877052564,0.0,0.31963898330771673,30
StandardDE,IMG-0010-00010.png,otsu,5,31.313559023892044,0.03706601213518434,0.9470994277312436,0.0008645005500935286,0.9985247275023839,1.2282171303384977e-05,0.9911152785856778,7.396848417495038e-05,0.3795469721546397,30
StandardDE,IMG-0010-00010.png,otsu,7,33.56580697966667,0.1268613032471729,0.9601554599038489,0.001165094843316224,0.999121471429686,2.537081974133386e-05,0.9947091255246908,0.0001527939182888097,0.4364308096623669,30
StandardDE,IMG-0010-00010.png,otsu,9,35.1689563655678,0.20538813376225107,0.9697504848561951,0.0015354906908788307,0.9993924795239703,2.8162725986778193e-05,0.9963412520793662,0.0001696079707747613,0.496929159713909,30
StandardDE,IMG-0010-00010.png,otsu,11,36.36467479972633,0.22720701906382684,0.9749451978680825,0.0015374446175502531,0.9995386441159758,2.398504031791247e-05,0.9972220989724909,0.000143624457385748,0.5565869859497373,30
StandardDE,IMG-0010-00010.png,otsu,12,36.963339530071536,0.20505340076637105,0.9776315078193017,0.0013768229615194053,0.9995982307039485,1.8909647689401184e-05,0.9975803736096114,0.00011388197911561232,0.586737802810967,30
StandardDE,IMG-0010-00010.png,tsallis,3,18.82935907097575,0.0,0.2951401539376624,0.0,0.9738160247832528,0.0,0.8423089119493175,0.0,0.3626751166613152,30
StandardDE,IMG-0010-00010.png,tsallis,5,19.773460562444804,0.2617520684601083,0.32592775769304405,0.005316311488225858,0.9788945242213482,0.001276892792239929,0.8728938057795651,0.007689994054210742,0.4159346514381468,30
StandardDE,IMG-0010-00010.png,tsallis,7,21.304481545989756,0.8930418708134954,0.3653470811162368,0.020424920934475545,0.9848948901449366,0.002987886512101045,0.9090305735300823,0.01799432940051891,0.47582094577761985,30
StandardDE,IMG-0010-00010.png,tsallis,9,24.00770872189592,2.4910922635739303,0.46333164253414216,0.10579508879940779,0.9908824196867392,0.004423774386566752,0.9450900351040665,0.026641859783852768,0.5344236569944769,30
StandardDE,IMG-0010-00010.png,tsallis,11,32.57548578871117,3.9245922694250512,0.8521612945443842,0.1809558224310909,0.9981353169665556,0.002539142585008716,0.9887700819306674,0.01529180170815909,0.6002215249851967,30
StandardDE,IMG-0010-00010.png,tsallis,12,35.24052849939695,1.6251497582559458,0.9520049017873888,0.04940886142078226,0.9993542945359978,0.000317418109718979,0.9961112857640633,0.0019116275001880918,0.6634809111865858,30
StandardDE,IMG-0011-00010.png,kapur,3,22.66577704819881,0.0,0.2723674976737563,0.0,0.9891768839166292,0.0,0.798240024538847,0.0,0.3411056860272462,30
StandardDE,IMG-0011-00010.png,kapur,5,31.002362606542796,0.13928188471378422,0.9329609846495587,0.001513864768062415,0.998411975781263,5.1299992622098284e-05,0.9703967207839165,0.0009563128744868156,0.4176071319418649,30
StandardDE,IMG-0011-00010.png,kapur,7,34.022477070084925,0.4531942339787739,0.9562139580940124,0.003703007150266007,0.9992043604115394,8.665916535739451e-05,0.9851680216115954,0.00161546369283167,0.4948599374620244,30
StandardDE,IMG-0011-00010.png,kapur,9,35.73520662286791,0.6944716586801911,0.9658363380838051,0.003400831491277289,0.9994602499051445,8.585700217148568e-05,0.9899382058684064,0.0016005101042855963,0.573393418166476,30
StandardDE,IMG-0011-00010.png,kapur,11,36.816749035179136,1.0828285711853527,0.9710244626029678,0.005179494371484156,0.9995706931562914,0.00012368974727373542,0.9919970424797491,0.002305772217770886,0.6515881181151296,30
StandardDE,IMG-0011-00010.png,kapur,12,36.9414495412775,1.0048405924450752,0.9713130288396931,0.004435490331242486,0.9995854654190602,0.0001009643305151733,0.9922724207858499,0.001882134561828632,0.687176984664984,30
StandardDE,IMG-0011-00010.png,otsu,3,29.508919838241216,0.0,0.9210940225260386,0.0,0.9977651277495252,0.0,0.9583384519817328,0.0,0.3596607404372965,30
StandardDE,IMG-0011-00010.png,otsu,5,33.36832604949477,0.06969133158123562,0.9537500959357459,0.0007349501118316907,0.999080712770919,1.4673737925335744e-05,0.9828630343283385,0.0002735416474267718,0.3835814986766006,30
StandardDE,IMG-0011-00010.png,otsu,7,35.795807625581574,0.1401289909954514,0.9691854605448985,0.0013806679212874807,0.9994744061561304,1.6659097390496056e-05,0.9902021007420782,0.00031055188310183537,0.4442163639546682,30
StandardDE,IMG-0011-00010.png,otsu,9,37.40195025396338,0.1738297629397549,0.9762669628839952,0.0012488411845592113,0.9996368620511674,1.4429268533545305e-05,0.9932305351729486,0.0002689843519025062,0.5017732915856565,30
StandardDE,IMG-0011-00010.png,otsu,11,38.71276375806365,0.23909624486245112,0.9809061369377333,0.00139942963635215,0.9997314827146384,1.4684290661639441e-05,0.9949944137632708,0.0002737383670963715,0.5591840638003002,30
StandardDE,IMG-0011-00010.png,otsu,12,39.29869808466398,0.24353247606706402,0.9831247047890007,0.0012981128396828434,0.9997654389271372,1.3033047009552997e-05,0.9956321805700188,0.0002352635241930333,0.5914661167189479,30
StandardDE,IMG-0011-00010.png,tsallis,3,20.547755687859794,0.0,0.2076787078719516,0.0,0.9823722334853,0.0,0.6713905947192665,0.0,0.339042840184023,30
StandardDE,IMG-0011-00010.png,tsallis,5,21.99990831102391,0.9709218434674958,0.2511934460260973,0.02974879078130064,0.987082496295595,0.002785259313054654,0.759197331864111,0.05192163202594392,0.4017649083087841,30
StandardDE,IMG-0011-00010.png,tsallis,7,24.704164324971085,1.4484851814521142,0.35132774135038264,0.06124893074150572,0.9928511489200316,0.0024719796311119782,0.8667341265344102,0.04608160402898477,0.4660350611122946,30
StandardDE,IMG-0011-00010.png,tsallis,9,26.902485920438167,1.557124167620452,0.4666754277609482,0.08889719494245459,0.9956381081378495,0.00184422062784949,0.9186874474695998,0.03437918486262637,0.5279052096496647,30
StandardDE,IMG-0011-00010.png,tsallis,11,28.65441939199494,1.875606334474467,0.5693524097032638,0.12001278818139112,0.9970356663473506,0.0011859785506818654,0.9447401394930852,0.022108513060363176,0.5913146042342609,30
StandardDE,IMG-0011-00010.png,tsallis,12,29.923929008042105,2.8928122029407555,0.6407077855525846,0.16590410031655375,0.9974938587146156,0.00173028134865399,0.9532815687879164,0.032255176767594436,0.6231459999767442,30
StandardDE,IMG-0012-00010.png,kapur,3,26.14557857399542,0.14550285889991094,0.9026375045769232,0.003411787091660215,0.9951404340176531,0.00014954549306830375,0.9622662902131498,0.0011611955174328798,0.33956817498741043,30
StandardDE,IMG-0012-00010.png,kapur,5,30.51705714557779,0.02867813432004969,0.9487893369293449,0.0002953895476733536,0.9982250080883216,1.1798311012540979e-05,0.9862174873409305,9.161189401253088e-05,0.41828724020160735,30
StandardDE,IMG-0012-00010.png,kapur,7,32.9639881421734,0.42387798519031855,0.9642157320460915,0.002294433893803427,0.9989853223058028,0.0001026407143519217,0.992121198934409,0.0007969878260199839,0.4926196596585214,30
StandardDE,IMG-0012-00010.png,kapur,9,34.86434729412584,0.3566933285802857,0.9742008927335155,0.0013955160583715926,0.999346047735887,5.538859428984104e-05,0.9949221710255327,0.00043008308767217626,0.571567541679057,30
StandardDE,IMG-0012-00010.png,kapur,11,36.161259634185726,0.5210715219859133,0.9797018676913158,0.0018792744639066939,0.9995132062026139,6.081421801678105e-05,0.9962201283111835,0.0004722121403219355,0.6486761319606255,30
StandardDE,IMG-0012-00010.png,kapur,12,36.92972298655864,0.5069266219303956,0.9823483134729527,0.0018909972030639517,0.9995924299865477,4.910223865352917e-05,0.996835287624184,0.00038127059699714764,0.6850905319753413,30
StandardDE,IMG-0012-00010.png,otsu,3,28.33752546762572,0.0,0.9328582747904256,0.0,0.9970718199392736,0.0,0.9772631759674696,0.0,0.32047181538461395,30
StandardDE,IMG-0012-00010.png,otsu,5,31.911816062613827,0.04725444938115749,0.9600198883382488,0.0005137774669494019,0.9987146181649307,1.399642232107139e-05,0.9900192269626579,0.00010867985738588872,0.37438822784461073,30
StandardDE,IMG-0012-00010.png,otsu,7,33.93289550413083,0.13205854222853605,0.9708225370240294,0.0011586472854888793,0.9991925284432537,2.470214856743261e-05,0.993730119625068,0.00019180801506595748,0.4353109305646891,30
StandardDE,IMG-0012-00010.png,otsu,9,35.467317240126945,0.13355829524445084,0.9776837344139496,0.0008972139413744096,0.9994328840950819,1.7352684127427213e-05,0.9955964407007902,0.0001347406639329165,0.4951733180476973,30
StandardDE,IMG-0012-00010.png,otsu,11,36.76581891842415,0.2209657445687394,0.9821923213283762,0.0009234301984448758,0.9995793550012255,2.1167174167724773e-05,0.9967337625695987,0.0001643595353889797,0.5617613430911054,30
StandardDE,IMG-0012-00010.png,otsu,12,37.366630202212164,0.1748967153398541,0.9838170829476538,0.0009016736311103491,0.9996338051004593,1.510357790442232e-05,0.9971587063545535,0.00011352069265658709,0.5912106166050459,30
StandardDE,IMG-0012-00010.png,tsallis,3,21.731539589192646,0.0,0.2911459957192091,0.0,0.9865768754192956,0.0,0.8957717028226414,0.0,0.3415127805589388,30
StandardDE,IMG-0012-00010.png,tsallis,5,23.368759646787364,0.3648293602648463,0.3490729260910829,0.012880360148954509,0.990763279285384,0.0007795135588780621,0.928278422374834,0.006052791239479046,0.40265262774191796,30
StandardDE,IMG-0012-00010.png,tsallis,7,24.734001164490486,0.7593065129806882,0.4134027944052304,0.04320068118042672,0.9931819813372204,0.0011391125942504883,0.9470592356442471,0.008845017065749416,0.46571619440801443,30
StandardDE,IMG-0012-00010.png,tsallis,9,26.332367118743615,1.5756564167412013,0.5105172403063921,0.0952427717559002,0.9950528302382062,0.0017539001303608919,0.9615860616491408,0.013618738536439252,0.5287513638691356,30
StandardDE,IMG-0012-00010.png,tsallis,11,28.76856202709263,3.1236733165576376,0.6455563579615529,0.17631759264972444,0.9967123789253655,0.00197567204628343,0.9744721771512027,0.015340760038913662,0.5970204013710221,30
StandardDE,IMG-0012-00010.png,tsallis,12,30.59934000083778,3.741793866741214,0.7184189158757238,0.18488507335175275,0.9976435557894375,0.0016351012258230275,0.9817026083618836,0.012696285090367673,0.6234961681145553,30
StandardDE,IMG-0016-00010.png,kapur,3,24.808892077947448,0.0,0.8598605536144208,0.0,0.9933927844379116,0.0,0.9649904803095984,0.0,0.3378464318579063,30
StandardDE,IMG-0016-00010.png,kapur,5,28.24947472945306,0.16955269524559477,0.8987713448676261,0.0007536906709875061,0.9970061791550309,0.00011958729852282205,0.9841367019379715,0.0006336548040566569,0.4174346514977515,30
StandardDE,IMG-0016-00010.png,kapur,7,31.446821951196423,0.4413966076221276,0.9278111542310642,0.002648314015715862,0.9985603486426273,0.0001491155170022638,0.9923717484211582,0.0007901153791001961,0.49216084309543173,30
StandardDE,IMG-0016-00010.png,kapur,9,33.26579283671442,0.5358419092770537,0.9438321174687173,0.003959531479494607,0.9990510708978985,0.00012144181821212077,0.9949719285268301,0.000643481310089186,0.573208751451845,30
StandardDE,IMG-0016-00010.png,kapur,11,34.57365590473002,0.7244609380923853,0.9545135940695421,0.004877907147736057,0.9992932399115297,0.00012948763993229573,0.9962551045896451,0.0006861135431823626,0.6501921305743357,30
StandardDE,IMG-0016-00010.png,kapur,12,35.196942798254994,0.5146314688259942,0.9579244435024513,0.004462204503474996,0.9993924999454545,7.25936399068709e-05,0.996781051727211,0.0003846504540127396,0.6868742472880209,30
StandardDE,IMG-0016-00010.png,otsu,3,27.298550003587163,0.0,0.8180090143646701,0.0,0.9962757367048404,0.0,0.9802663212757474,0.0,0.3152306471640865,30
StandardDE,IMG-0016-00010.png,otsu,5,30.624280185380357,0.05023592215458673,0.8996586208512366,0.03418008915471592,0.9982718919110604,2.0395432931848046e-05,0.9908433085619279,0.00010806886866510199,0.37450437215156845,30
StandardDE,IMG-0016-00010.png,otsu,7,32.652378777386254,0.1221753332591192,0.9381863003994307,0.017840286372447375,0.9989157352521852,3.014064771986187e-05,0.9942548282734959,0.00015970564149366939,0.4349288180237636,30
StandardDE,IMG-0016-00010.png,otsu,9,34.18571216878897,0.16407233891056316,0.9539130911107077,0.002745189053780144,0.9992383596216967,2.9023741906621373e-05,0.9959643115060131,0.00015378751521311028,0.497341431879128,30
StandardDE,IMG-0016-00010.png,otsu,11,35.42256316293853,0.18632385470603482,0.9621155449173019,0.0030678336720902618,0.9994269501052346,2.468648724330109e-05,0.996963592093243,0.00013080579150337636,0.557140723693495,30
StandardDE,IMG-0016-00010.png,otsu,12,36.05675441442381,0.2100301663272663,0.9648671629397597,0.0022767856162255132,0.9995048879691952,2.3718871863339095e-05,0.9973777517069706,0.00012460086701151317,0.5859453805411855,30
StandardDE,IMG-0016-00010.png,tsallis,3,19.44037390286223,0.0,0.30046233462434,0.0,0.9772503235845188,0.0,0.8794567489233998,0.0,0.34021647078140327,30
StandardDE,IMG-0016-00010.png,tsallis,5,22.62578219378199,0.364377727933132,0.3844243006997976,0.0074767769170001105,0.9890396073631393,0.0009404191734969138,0.9419243888399159,0.004982980086299318,0.4028481056448072,30
StandardDE,IMG-0016-00010.png,tsallis,7,24.398392487307127,0.6527268787849366,0.441752990742607,0.022089056678169388,0.992655840204661,0.0011612325736751056,0.9610856487807548,0.0061529995913078995,0.4667729347633819,30
StandardDE,IMG-0016-00010.png,tsallis,9,27.136962828961423,2.4227131404484474,0.5721184272433456,0.1232247226384936,0.9955689782962798,0.0021520346143704713,0.9765214347666965,0.011402942358734396,0.528118229075335,30
StandardDE,IMG-0016-00010.png,tsallis,11,30.452027653933175,2.286534834989502,0.7455759604695464,0.12939254019156055,0.9979302484486181,0.0011987810738480883,0.9890330492457189,0.006351957071020821,0.5924813459239279,30
StandardDE,IMG-0016-00010.png,tsallis,12,32.39485986487265,2.6469937314838123,0.8313116856876138,0.12392366760266393,0.9985828500984467,0.0011285171469212097,0.9924909764307733,0.005979651020134899,0.6227614056163778,30
StandardDE,IMG-0017-00010.png,kapur,3,27.107718408368765,0.0,0.9066872903801994,0.0,0.9961080039546224,0.0,0.967847740451084,0.0,0.34160892219903566,30
StandardDE,IMG-0017-00010.png,kapur,5,30.60280354694371,0.1666643434018701,0.943865042959535,0.0011906707224617248,0.9982586831265615,6.686719864712639e-05,0.9856147664542992,0.0005523981785041015,0.4154071626874308,30
StandardDE,IMG-0017-00010.png,kapur,7,32.96202107110394,0.26028591315040045,0.9636860497884031,0.0025895270008281447,0.9989877406569471,6.0207260375841894e-05,0.9916376006683495,0.0004973796067014015,0.4922577012951175,30
StandardDE,IMG-0017-00010.png,kapur,9,34.84798795838023,0.40221131979534297,0.9744325140650592,0.0024616238782659955,0.999342931146316,6.160363625016764e-05,0.9945718731265806,0.0005089152400924571,0.5734045403000588,30
StandardDE,IMG-0017-00010.png,kapur,11,36.21531149280986,0.4377151528175945,0.9810345163221227,0.001835749226516699,0.9995203001083497,4.924194253888447e-05,0.9960371400067978,0.00040679376308307673,0.646801866707392,30
StandardDE,IMG-0017-00010.png,kapur,12,36.753983072695505,0.4177790958916064,0.9827827518526527,0.0015739274004410845,0.9995765375002534,4.125810828901191e-05,0.9965017240402252,0.0003408383232509323,0.6851258970874672,30
StandardDE,IMG-0017-00010.png,otsu,3,28.49306420517327,0.0,0.9262033622342448,0.0,0.997174941265888,0.0,0.9766618412246376,0.0,0.3157332653257375,30
StandardDE,IMG-0017-00010.png,otsu,5,31.834439580435852,0.05759313188918576,0.9599091684517151,0.0004110667729171449,0.9986905575791566,1.737017593480866e-05,0.9891825345944736,0.00014349716663522008,0.3761732985343163,30
StandardDE,IMG-0017-00010.png,otsu,7,33.98841794243706,0.14425134953770155,0.9723991949817782,0.0008735924829796079,0.9992023885018031,2.6308338586887717e-05,0.9934108329992561,0.00021733643114870202,0.4364108207946022,30
StandardDE,IMG-0017-00010.png,otsu,9,35.52359650586893,0.20019012096839697,0.9791588686861551,0.0010382900818939002,0.9994397857829399,2.55985285544196e-05,0.9953720012302418,0.00021147260288965192,0.4960938486037776,30
StandardDE,IMG-0017-00010.png,otsu,11,36.79566909292899,0.186990147607516,0.9837384078103791,0.0007191583181588044,0.9995821649819905,1.7833538351437716e-05,0.9965482133612072,0.00014732506073123305,0.5605920319600651,30
StandardDE,IMG-0017-00010.png,otsu,12,37.40899593274117,0.284101371468478,0.9853330773248278,0.0011669689901601115,0.9996369365932679,2.34088419880149e-05,0.9970006884000239,0.00019338333198785262,0.5865491068999593,30
StandardDE,IMG-0017-00010.png,tsallis,3,20.187371645084752,0.0,0.2287302288492926,0.0,0.9808453178157744,0.0,0.841760807055373,0.0,0.34106939585569,30
StandardDE,IMG-0017-00010.png,tsallis,5,21.495885502703292,0.22627525842445095,0.27139858710084114,0.0063158494580143375,0.9858109369562146,0.00072217346266488,0.8827823994627246,0.005965964081211836,0.4032904651714489,30
StandardDE,IMG-0017-00010.png,tsallis,7,22.621141112742073,0.7009090676999097,0.30953564733055355,0.023849994719117175,0.9889297111657667,0.0017429324457318882,0.9085469780210912,0.014398579987756063,0.4653627306843797,30
StandardDE,IMG-0017-00010.png,tsallis,9,24.391166246281262,1.6489230308739464,0.39103501580838135,0.08516384003131128,0.9922207392580168,0.002828003997068182,0.9357345671581552,0.023362489956047193,0.5299630722729489,30
StandardDE,IMG-0017-00010.png,tsallis,11,28.409253064749013,3.192711512939187,0.631978624198927,0.20415207565998914,0.9963014403779665,0.0026463206592000125,0.9694457426116867,0.021861581484727523,0.5962777889566496,30
StandardDE,IMG-0017-00010.png,tsallis,12,30.43421887710387,3.9709411336317544,0.7386252066358594,0.218783930160774,0.9972524771045014,0.0027753546645030856,0.9773023743542655,0.022927547323533314,0.6262780736743783,30
StandardDE,IMG-0020-00010.png,kapur,3,23.59700498534185,0.0,0.4189823799932403,0.0,0.9912653906321702,0.0,0.9470851143061328,0.0,0.33786604733516773,30
StandardDE,IMG-0020-00010.png,kapur,5,28.307247706713675,0.17767235509218335,0.8763204653496934,0.0029736716111058085,0.9970454086010846,0.00011932789952827815,0.9821008748574935,0.000722896914758867,0.41894965135337164,30
StandardDE,IMG-0020-00010.png,kapur,7,31.033204865445434,0.33498393391788833,0.9187465051726552,0.005224552323225544,0.9984199099753307,0.0001250474460808851,0.9904277020848421,0.0007575463351629286,0.4930353153652201,30
StandardDE,IMG-0020-00010.png,kapur,9,33.083014394634375,0.4191968530018084,0.9432105730933655,0.004149781057509058,0.9990130769339446,9.877175446201877e-05,0.994021149769868,0.0005983663237863243,0.5728550666632751,30
StandardDE,IMG-0020-00010.png,kapur,11,34.31881070394818,0.5345114102635666,0.9556982877364487,0.0056572935512797734,0.9992558743080217,9.364574417067661e-05,0.9954920335558538,0.00056731258832891,0.6478774139968058,30
StandardDE,IMG-0020-00010.png,kapur,12,34.99752504898241,0.5582680317323623,0.9606072924656123,0.00531805391377264,0.9993632263758113,8.288736094168336e-05,0.9961423800289327,0.0005021375364362237,0.6860883331857621,30
StandardDE,IMG-0020-00010.png,otsu,3,26.8976522268559,0.0,0.8024343309905827,0.0,0.9959152100124464,0.0,0.9752540513064116,0.0,0.3162447013581792,30
StandardDE,IMG-0020-00010.png,otsu,5,30.351491377347642,0.047631673772334064,0.8772315716393259,0.030327892862446325,0.9981598208316034,2.0418572449677044e-05,0.9888520635266672,0.00012369716626194803,0.3768420722956458,30
StandardDE,IMG-0020-00010.png,otsu,7,32.442019029533085,0.1316404443344993,0.9277770534436273,0.027110069986239,0.9988628875220287,3.4623956721415514e-05,0.9931112916148795,0.00020975439599281003,0.43630065407293533,30
StandardDE,IMG-0020-00010.png,otsu,9,33.996548481738635,0.1724796107739789,0.9527137830828262,0.011716817030833127,0.9992047628069362,3.147440999789424e-05,0.9951823964417379,0.00019067421760780252,0.49499968470384675,30
StandardDE,IMG-0020-00010.png,otsu,11,35.23147895951853,0.24313386645368398,0.9637144944404398,0.0029853784375617216,0.9994010918990518,3.288886549105738e-05,0.9963717720657861,0.00019924308973336545,0.5566907291300595,30
StandardDE,IMG-0020-00010.png,otsu,12,35.792308402975166,0.24132113777657047,0.9671928060832967,0.0027338245338811252,0.9994738811923395,2.8672263697773377e-05,0.9968161609627335,0.00016982701222398324,0.5874279527459294,30
StandardDE,IMG-0020-00010.png,tsallis,3,16.79072767587811,0.17896615138666616,0.25039781971612585,0.005061226248534094,0.9580936961202092,0.001629894539795443,0.7461286262189738,0.009874017215238203,0.34208053047768766,30
StandardDE,IMG-0020-00010.png,tsallis,5,22.611364176246788,0.40945445833286603,0.40205725910161555,0.009973071440237465,0.9889939971208624,0.0010302459487990766,0.9333248506291666,0.006241303339569616,0.4032364472281188,30
StandardDE,IMG-0020-00010.png,tsallis,7,25.020326086552267,1.1684993086816422,0.48023234447484964,0.04003616383914052,0.9934870107355152,0.0017229534444186045,0.9605438471324307,0.010437774687789655,0.4671200818226983,30
StandardDE,IMG-0020-00010.png,tsallis,9,28.709601159779364,2.189258610915701,0.6584627724221221,0.1318766545670876,0.9969577761826599,0.0015755446646033373,0.9815699914248479,0.009544761800123867,0.5298265790877242,30
StandardDE,IMG-0020-00010.png,tsallis,11,31.412741028767982,2.3871252153065723,0.7953843596603651,0.12168641796940165,0.9983034702619816,0.0011158777240946741,0.9897223020076749,0.006760066733639186,0.5916986417025327,30
StandardDE,IMG-0020-00010.png,tsallis,12,32.77930713980524,2.248476193248568,0.849410614792422,0.10937663877588846,0.9987783081765643,0.0007997888894875461,0.9925989039156887,0.004845178059402189,0.6238696514007945,30
StandardDE,IMG-0022-00010.png,kapur,3,25.27849639337541,0.0,0.8861963809247383,0.0,0.994069856442934,0.0,0.9693007740088794,0.0,0.34069202217894295,30
StandardDE,IMG-0022-00010.png,kapur,5,30.19998903180593,0.06410023081524859,0.934702567815208,0.0003938338984706783,0.9980907240273937,2.8019799503017285e-05,0.9901160412056778,0.0001450531760134293,0.418006126419641,30
StandardDE,IMG-0022-00010.png,kapur,7,32.116432441164974,0.5589346873066331,0.9500492289973408,0.003417217979541299,0.9987619911853675,0.0001680332313644695,0.9935910636878063,0.0008698760989571078,0.4944172834279016,30
StandardDE,IMG-0022-00010.png,kapur,9,33.60480175131996,0.6834481285525332,0.9600631781323753,0.0034212348673303286,0.999118057981878,0.00014761594482425958,0.9954343538120373,0.0007641796874636688,0.5710971388888235,30
StandardDE,IMG-0022-00010.png,kapur,11,35.304866490688106,0.47717994128749475,0.9690563911416198,0.002403009702535616,0.999407936191774,6.333255850292157e-05,0.9969349982045144,0.0003278606170942792,0.6473171166920414,30
StandardDE,IMG-0022-00010.png,kapur,12,35.63240272416012,0.5540219301914616,0.9714453218503581,0.002995869598490286,0.9994497563584525,7.493219610656926e-05,0.9971514932582166,0.00038790973610517695,0.6877027735346928,30
StandardDE,IMG-0022-00010.png,otsu,3,27.6470837557985,0.0,0.8320331430670007,0.0,0.996565960698968,0.0,0.9822226312819756,0.0,0.315549745837537,30
StandardDE,IMG-0022-00010.png,otsu,5,31.30960192733628,0.050418830202319694,0.9447256803378112,0.0004815245006068073,0.9985226746190378,1.7293495184903812e-05,0.9923521673132958,8.95251374186154e-05,0.3740725500198702,30
StandardDE,IMG-0022-00010.png,otsu,7,33.494704881507566,0.12751698755146187,0.9606294299869093,0.0011379728736188232,0.9991065758185608,2.6179859227075335e-05,0.9953749128350776,0.00013552815494155136,0.4349464778089896,30
StandardDE,IMG-0022-00010.png,otsu,9,35.01234204608451,0.22878421851046823,0.9690611910247054,0.0016322098456516187,0.9993696581507062,3.292358386083107e-05,0.9967368400618104,0.00017043913552091105,0.49593079172385235,30
StandardDE,IMG-0022-00010.png,otsu,11,36.180522959448304,0.21920441844519115,0.9746459508216446,0.0016191254027523052,0.9995185118746501,2.404311881927626e-05,0.9975074274964992,0.00012446665600263332,0.5628501862132301,30
StandardDE,IMG-0022-00010.png,otsu,12,36.71381108695662,0.2106344343839413,0.977397394854973,0.0016233950470277187,0.999574345970546,2.0540595540198516e-05,0.9977964699979868,0.00010633475874782443,0.591423995862715,30
StandardDE,IMG-0022-00010.png,tsallis,3,19.093237153595624,0.0,0.2836672266203202,0.0,0.9753600744790208,0.0,0.8724437891437511,0.0,0.341012591503871,30
StandardDE,IMG-0022-00010.png,tsallis,5,20.264378632342034,0.27529918568784867,0.3166187611984607,0.005685606118632059,0.9811471014746864,0.0011928450683152297,0.9024021279001502,0.006175132182250569,0.40340304861310866,30
StandardDE,IMG-0022-00010.png,tsallis,7,22.16326753087339,1.137934080198755,0.37511683201850826,0.033622447489842555,0.9874497918691193,0.003187812134324048,0.9350299580544837,0.016502697478924185,0.4653127596170331,30
StandardDE,IMG-0022-00010.png,tsallis,9,27.152581968525286,2.73523994273007,0.6184309985473537,0.15210265498227982,0.9954011823679889,0.00279250489724154,0.9761927952639801,0.014456267052689271,0.5342830346974855,30
StandardDE,IMG-0022-00010.png,tsallis,11,33.44545844291957,2.8271864129746906,0.8876534450392556,0.11819541018382296,0.9987955281555791,0.0014003918047916367,0.9937646782078722,0.007249562186430695,0.5927743861917406,30
StandardDE,IMG-0022-00010.png,tsallis,12,35.040772527298024,1.9136766891845163,0.9468518013179573,0.07222575445870608,0.9992681615203849,0.000746417901421479,0.9962114112991526,0.0038640635962772472,0.6245555846796681,30
StandardDE,IMG-0028-00010.png,kapur,3,26.61169993058884,0.005870329932271548,0.8798672537237973,5.421009050531536e-05,0.9956376622987938,5.740496327988995e-06,0.9732888189309463,3.5149831889624066e-05,0.338342916724893,30
StandardDE,IMG-0028-00010.png,kapur,5,29.95622280685181,0.06607868707322699,0.9204960436279445,0.0006633739482943153,0.99798046591228,3.113925831745716e-05,0.9876341208803477,0.0001906698711206025,0.41618068475897113,30
StandardDE,IMG-0028-00010.png,kapur,7,32.37454075158943,0.4129264582194533,0.9422396497769597,0.0030117852904055307,0.9988382004353665,0.00011329712861834176,0.9928861448465365,0.0006937335723209966,0.49296750271071993,30
StandardDE,IMG-0028-00010.png,kapur,9,34.109911228563966,0.47251212805886483,0.9544057736890719,0.003920808203479294,0.9992201756902617,8.642983093068303e-05,0.995225030759606,0.0005292214912933009,0.5735661570603648,30
StandardDE,IMG-0028-00010.png,kapur,11,35.203977942763736,0.6720088328518123,0.9616206360892073,0.004079092440266989,0.9993904473138983,9.501371614794506e-05,0.9962676268357009,0.0005817817761724704,0.6548550846986473,30
StandardDE,IMG-0028-00010.png,kapur,12,35.9582255475539,0.8086911174468022,0.9658547780570772,0.005097308938341772,0.9994848196810605,0.00010255953000041947,0.996845481545686,0.0006279858103239015,0.7384397652698681,30
StandardDE,IMG-0028-00010.png,otsu,3,28.308973305981308,0.0,0.9112542844083461,0.0,0.9970541237632992,0.0,0.9819620031838022,0.0,0.315075838783135,30
StandardDE,IMG-0028-00010.png,otsu,5,31.46966013105126,0.03943882440706124,0.9392057831215157,0.0009220658949429819,0.9985761942495671,1.297602667803163e-05,0.9912818456956098,7.945395838056942e-05,0.37481614296945426,30
StandardDE,IMG-0028-00010.png,otsu,7,33.5976680882775,0.13752467444909686,0.9530977391374854,0.001683999844234216,0.999127750347703,2.7630249153823744e-05,0.9946590979434065,0.00016918373557517322,0.4377591472584754,30
StandardDE,IMG-0028-00010.png,otsu,9,35.16847062925678,0.22758432303701986,0.9635856045401001,0.0025570470602969022,0.9993921740453707,3.1186740656172674e-05,0.996278199844986,0.00019096061187348683,0.49756010706381254,30
StandardDE,IMG-0028-00010.png,otsu,11,36.446401064573834,0.2006710695250148,0.9704525218732294,0.002139433607195148,0.9995474072838827,2.094880866576423e-05,0.9972287138642655,0.0001282723759093053,0.5560078915596629,30
StandardDE,IMG-0028-00010.png,otsu,12,37.00590173052024,0.17988325370533512,0.9733157918677546,0.001990827793029478,0.9996021965888833,1.640822875123466e-05,0.9975641961553575,0.00010046979377042801,0.5908080819916601,30
StandardDE,IMG-0028-00010.png,tsallis,3,18.92625952572576,0.0,0.2800420231167914,0.0,0.9743937770025782,0.0,0.84320964908572,0.0,0.37443774171794453,30
StandardDE,IMG-0028-00010.png,tsallis,5,20.2873786598339,0.3257102439448821,0.3159625436044092,0.006073207228029695,0.9812318342082664,0.0014316185830659065,0.885079993999912,0.00876599333048497,0.4107978944433853,30
StandardDE,IMG-0028-00010.png,tsallis,7,22.000308080088,0.7751528802142744,0.3679014598384647,0.020600181047785722,0.9871919656201714,0.002248830369716022,0.9215746810789823,0.013769891125683198,0.4695374332445984,30
StandardDE,IMG-0028-00010.png,tsallis,9,25.376634645435267,2.8915521059598337,0.5161665112537166,0.14791478827603544,0.9930292693140633,0.003880689913665285,0.957317277503715,0.023761986819155544,0.5317989639006555,30
StandardDE,IMG-0028-00010.png,tsallis,11,32.81316573299635,3.1092470393824407,0.8634406228840814,0.13794717973762788,0.9985183088235925,0.0019089361319542628,0.9909274054389468,0.011688672946111096,0.5939764277466263,30
StandardDE,IMG-0028-00010.png,tsallis,12,34.82205382168207,1.828161157534002,0.9330352799886475,0.0627633243199587,0.9992692744888606,0.00044031436244921905,0.995525669313858,0.0026961041231253527,0.6255060430072868,30
StandardDE,IMG-0040-00010.png,kapur,3,22.49914350654929,0.0,0.3136852367240642,0.0,0.9887525440315272,0.0,0.9091570172516206,0.0,0.33843391394863526,30
StandardDE,IMG-0040-00010.png,kapur,5,29.582617674321032,0.15139226363608588,0.9199715642770432,0.0017255186525599352,0.9977978090309344,7.686078906746445e-05,0.9822134359296694,0.0006207860119525748,0.41562831530657907,30
StandardDE,IMG-0040-00010.png,kapur,7,31.886938086633908,0.3375730160530231,0.9464993753775897,0.003793124485907355,0.9987018681258371,0.0001039549710888117,0.989515302679979,0.0008396191700325854,0.4940881500331064,30
StandardDE,IMG-0040-00010.png,kapur,9,33.85450449289962,0.41463114404142903,0.9638240100938584,0.0031113354258663277,0.9991738846238972,7.984788169920408e-05,0.9933276658232908,0.0006449120370000443,0.5698693570603306,30
StandardDE,IMG-0040-00010.png,kapur,11,35.13332046151591,0.5848394584767107,0.9721247170876801,0.003578235117654729,0.9993820669148542,8.613659723222185e-05,0.9950091038586053,0.0006957044720427931,0.6481172986639042,30
StandardDE,IMG-0040-00010.png,kapur,12,35.79814255499295,0.5337266963985325,0.9753647103007465,0.00284470159449014,0.999470731766065,6.784657307858794e-05,0.9957252284268202,0.0005479803686266893,0.6859382930677385,30
StandardDE,IMG-0040-00010.png,otsu,3,27.058670778287365,0.0,0.8118650550029927,0.0,0.9960654602140392,0.0,0.9682216733365524,0.0,0.31562962495566654,30
StandardDE,IMG-0040-00010.png,otsu,5,30.888416174052697,0.05051113179046644,0.9400311771773503,0.0008699712761642601,0.9983728878914789,1.8677711882690465e-05,0.9868582088591071,0.00015085536347896698,0.3746253403524557,30
StandardDE,IMG-0040-00010.png,otsu,7,33.01877174440582,0.15132326719939898,0.959945065348528,0.0012974144934551888,0.9990031487581171,3.429686975464272e-05,0.9919486735113345,0.00027700752562855583,0.4389645625061045,30
StandardDE,IMG-0040-00010.png,otsu,9,34.59807606056104,0.196857546964231,0.970571776759485,0.0012245054675760945,0.9993068027797806,3.0818881287476564e-05,0.994401213634965,0.00024891665359420015,0.5028890236358469,30
StandardDE,IMG-0040-00010.png,otsu,11,35.826355249793366,0.2207875442543401,0.9764266350878305,0.001465918473945923,0.9994775605622999,2.6373777303368064e-05,0.9957803829631253,0.0002130146233330125,0.559032542972515,30
StandardDE,IMG-0040-00010.png,otsu,12,36.358834634682026,0.1886299491896352,0.9787636789624241,0.0011914443110308884,0.9995381864462546,2.000996140712964e-05,0.9962713163567806,0.00016273550854499608,0.5869454042209933,30
StandardDE,IMG-0040-00010.png,tsallis,3,20.617708724579792,0.0,0.258170847977848,0.0,0.9826533267435248,0.0,0.8598951137219945,0.0,0.3401390236880009,30
StandardDE,IMG-0040-00010.png,tsallis,5,22.296562828181177,0.21582670796044318,0.31620090885260965,0.006009126744758876,0.9882023002523612,0.0005858129902459085,0.9047128312705154,0.00473146990002524,0.40746801934049776,30
StandardDE,IMG-0040-00010.png,tsallis,7,23.825253955687984,1.173588671305318,0.3690385541192155,0.04157739577378669,0.9914319450201233,0.0021665319189674522,0.9307978912826282,0.017498554543379,0.4689919762934247,30
StandardDE,IMG-0040-00010.png,tsallis,9,25.49028104730323,1.6184426594609826,0.43940382444062936,0.08271553730957583,0.9940069063698191,0.0019118055943157654,0.9515952315988605,0.01544119160008249,0.5327831681972991,30
StandardDE,IMG-0040-00010.png,tsallis,11,28.5155607905311,3.058884355431228,0.5995431015479138,0.1624732141799015,0.9964676345000943,0.0024060556059518775,0.9714699378180833,0.019433129457523683,0.5953887569097182,30
StandardDE,IMG-0040-00010.png,tsallis,12,30.443204484911025,2.958814695956566,0.7064538307308665,0.17174466296907354,0.9977266103873458,0.0016887268848271846,0.9816383816979066,0.013639438793545877,0.6284144598835458,30
StandardDE,IMG-0052-00010.png,kapur,3,15.79129737735202,0.0,0.2801629164577693,0.0,0.9472893629470068,0.0,0.6433509017497596,0.0,0.340197476457494,30
StandardDE,IMG-0052-00010.png,kapur,5,27.072394095153456,0.24711140253499794,0.8600633498133432,0.0035404400003613574,0.9960706830074914,0.0002079817273440021,0.9734135756942448,0.001407239594452347,0.41562845956068484,30
StandardDE,IMG-0052-00010.png,kapur,7,30.91221518221496,0.3727507350384047,0.912441493929558,0.0038846760125456604,0.9983743073991054,0.0001444487768894799,0.9890002885080248,0.0009773648906800964,0.4926533347538983,30
StandardDE,IMG-0052-00010.png,kapur,9,32.43677804281974,0.6540659294658485,0.9291335225842803,0.0059895993254828585,0.9988473378485675,0.00018206885257534286,0.9922008926493847,0.0012319086947320554,0.5734617278290292,30
StandardDE,IMG-0052-00010.png,kapur,11,33.82614406560993,0.5355720284971373,0.9426845893686494,0.00488744672966907,0.9991665252818113,0.00010409944987631458,0.9943605688856022,0.0007043545098765687,0.6464848333581661,30
StandardDE,IMG-0052-00010.png,kapur,12,34.11595697719232,0.792801527180376,0.9451711707510374,0.006505855668137834,0.9992125838112623,0.0001592918658060463,0.9946722086971059,0.0010777957443622317,0.6851221014202262,30
StandardDE,IMG-0052-00010.png,otsu,3,26.405897525431428,0.0,0.8052586723415845,0.0,0.9954262543183462,0.0,0.9690532620323328,0.0,0.31803465565511335,30
StandardDE,IMG-0052-00010.png,otsu,5,29.82894324095635,0.051619215090469336,0.8710327693355302,0.026413255948363766,0.9979237833769488,2.493664992020322e-05,0.9859519666658756,0.00016872559704564285,0.3768094027104477,30
StandardDE,IMG-0052-00010.png,otsu,7,31.90911485117744,0.1294971295871807,0.9206437523744418,0.016501541018603787,0.9987134948128954,3.830979588932258e-05,0.9912952880001469,0.0002592105677709694,0.4381308485288173,30
StandardDE,IMG-0052-00010.png,otsu,9,33.532077309289654,0.21531281083111062,0.9390655888453113,0.009940179191275468,0.9991144413764883,4.4039073210491336e-05,0.9940081603603907,0.0002979758285315856,0.4977550152456388,30
StandardDE,IMG-0052-00010.png,otsu,11,34.811365449419924,0.17821514451307668,0.9526148308199281,0.002523219318781343,0.9993405787633276,2.6897127416502154e-05,0.9955382442221328,0.00018199051984477984,0.5574484180426225,30
StandardDE,IMG-0052-00010.png,otsu,12,35.35003767745748,0.2237546923068594,0.9565023712391992,0.002476530115796329,0.9994174465744156,2.988456253538622e-05,0.9960583448515642,0.00020220401186082316,0.5896203626102458,30
StandardDE,IMG-0052-00010.png,tsallis,3,15.792897761572393,0.0,0.2800429579914986,0.0,0.9473099325416576,0.0,0.6434900791111745,0.0,0.3435907653455312,30
StandardDE,IMG-0052-00010.png,tsallis,5,21.711181156001267,0.29832385413115253,0.43582856496348726,0.00667084818504053,0.9864850226747142,0.0009427930616680906,0.9085553742958996,0.006379097542350977,0.40434539309547596,30
StandardDE,IMG-0052-00010.png,tsallis,7,23.32619399477592,0.9190042529433641,0.47838607865402694,0.01746097621015952,0.9905054476607845,0.0019529739958089722,0.9357582507176584,0.01321415284378344,0.46881964165562146,30
StandardDE,IMG-0052-00010.png,tsallis,9,25.589460212189618,1.9392977375561786,0.547738049179097,0.06836926690367641,0.993993453404488,0.002258407109202611,0.9593586883661885,0.015280765022233637,0.5300091110790769,30
StandardDE,IMG-0052-00010.png,tsallis,11,30.03640096096442,3.1539262783192967,0.7325405021681938,0.14119011124953404,0.9974383493994881,0.0019474298737348031,0.9826674381532089,0.013176640374784655,0.5920669791211064,30
StandardDE,IMG-0052-00010.png,tsallis,12,31.20217760466869,2.8069491704434855,0.784112510259753,0.12507252926561177,0.9980750581906129,0.001680256969364482,0.986975517677544,0.011368903250971235,0.6776824735725919,30
StandardDE,IMG-0058-00010.png,kapur,3,27.40758209910106,0.0031141603631150926,0.92034264895741,0.0001023753234332835,0.996367234929071,2.4878613578958316e-06,0.9736206921978408,1.8065594457026187e-05,0.3388972235455488,30
StandardDE,IMG-0058-00010.png,kapur,5,30.657819687105167,0.07575183670929438,0.9462458725830446,0.00037730391284439377,0.9982816798162062,3.0274197533530367e-05,0.9875224254401437,0.00021983595404820343,0.41773181944154203,30
StandardDE,IMG-0058-00010.png,kapur,7,33.605571445344665,0.3889272518116466,0.9620765341155832,0.0021905773613321387,0.9991253673467033,8.15581314311849e-05,0.9936488587825933,0.0005922340175558364,0.4942163291697701,30
StandardDE,IMG-0058-00010.png,kapur,9,35.36503465844167,0.5154662240607798,0.9706587967119756,0.0021919514166822795,0.9994152248833821,7.134105038713254e-05,0.9957536580276682,0.0005180427278801664,0.5722200513041268,30
StandardDE,IMG-0058-00010.png,kapur,11,36.531851100950156,0.8182793186870051,0.975553229613165,0.003206967093525011,0.999548129638447,9.300473461759701e-05,0.9967187453299774,0.0006753534769337216,0.6483448749951397,30
StandardDE,IMG-0058-00010.png,kapur,12,37.25205774182343,0.7306112018392937,0.9782089918791504,0.003068913548923712,0.9996188263741057,6.773762442904564e-05,0.9972321093692528,0.0004918764659182286,0.691106348663258,30
StandardDE,IMG-0058-00010.png,otsu,3,29.45506353617184,0.0,0.938661970559682,0.0,0.9977353627163588,0.0,0.9835553461897444,0.0,0.3196883750225728,30
StandardDE,IMG-0058-00010.png,otsu,5,32.673503482520466,0.0428057897639371,0.9578623412879282,0.0006650351914338145,0.9989212305278611,1.0592003863029947e-05,0.9921665201581983,7.69137900990792e-05,0.37682700261939317,30
StandardDE,IMG-0058-00010.png,otsu,7,34.71481079481099,0.14203514803416295,0.9687306864150181,0.0012201284671356615,0.9993256111464548,2.2108918952854945e-05,0.9951029282657509,0.0001605438190587913,0.43779731950877854,30
StandardDE,IMG-0058-00010.png,otsu,9,36.29048500951834,0.16938326610037258,0.975559783022062,0.0012946037341648154,0.9995308483368145,1.8537008724559814e-05,0.996593257233147,0.0001346064084325757,0.5044020500499755,30
StandardDE,IMG-0058-00010.png,otsu,11,37.56596707508954,0.1904681259215928,0.9801807234406558,0.001593311621675705,0.9996502115255617,1.528194961384851e-05,0.9974600125103888,0.0001109698108219389,0.5624084999319166,30
StandardDE,IMG-0058-00010.png,otsu,12,38.128829157670665,0.27220332741468617,0.9822280135964007,0.0016124706419399924,0.9996925828124381,1.8920543683282004e-05,0.9977676914262186,0.0001373914458712155,0.5915206901496276,30
StandardDE,IMG-0058-00010.png,tsallis,3,21.27380981247737,0.0,0.2828336293761156,0.0,0.9850844430409044,0.0,0.8916907478511967,0.0,0.3415892917662859,30
StandardDE,IMG-0058-00010.png,tsallis,5,23.17400947837525,0.2825022863295992,0.3532455793330261,0.013330292386642498,0.9903523796609172,0.0006311130273631688,0.9299438467629976,0.004582824510176168,0.40328080134931954,30
StandardDE,IMG-0058-00010.png,tsallis,7,24.332501113404795,0.8144822619494304,0.4100520400510475,0.04623882111221654,0.9925032274418437,0.0013753873726572762,0.9455622185929546,0.009987369439568499,0.46991062217081586,30
StandardDE,IMG-0058-00010.png,tsallis,9,26.92415723674396,2.1785046150102305,0.5674695939074355,0.144687079712361,0.9954856603531467,0.0019150476723714398,0.9672191422393913,0.013906110364680025,0.530860068098021,30
StandardDE,IMG-0058-00010.png,tsallis,11,32.331618057987754,4.227534258470351,0.8188817601624819,0.17654372546525127,0.9981869958835364,0.00170909087843148,0.9868348784738397,0.012410555999008348,0.5937878388989096,30
StandardDE,IMG-0058-00010.png,tsallis,12,36.4711326829877,2.2669461630939494,0.9550323710295235,0.08839604315847441,0.9994395205060045,0.0006443120048973476,0.9959300805859362,0.004678668828278059,0.6242588944422702,30
StandardDE,IMG-0082-00010.png,kapur,3,25.97225808566026,0.0,0.8914634209842401,0.0,0.9949454339215824,0.0,0.972182256942526,0.0,0.33815501528636865,30
StandardDE,IMG-0082-00010.png,kapur,5,28.901306432767548,0.14824627407831287,0.925618516370651,0.00043934884303291165,0.997423614015278,8.76585981063183e-05,0.9858208910066696,0.0004824280306298189,0.41554932912501197,30
StandardDE,IMG-0082-00010.png,kapur,7,32.40191298297696,0.4006227007481372,0.9526146220578791,0.002604009831589376,0.9988456356968527,0.00011062182685903453,0.9936469700699359,0.000608805881330092,0.49292880001788336,30
StandardDE,IMG-0082-00010.png,kapur,9,34.00988760589669,0.7217546942294382,0.9629060437399531,0.004148979393764105,0.9991954090866535,0.00014087549705951033,0.9955719436749636,0.0007753065880429743,0.5755765847551326,30
StandardDE,IMG-0082-00010.png,kapur,11,35.434935846154715,0.6891041728613189,0.9703711994389824,0.0033551568250302817,0.9994214900854004,9.339941674582695e-05,0.9968161777072722,0.0005140225563271622,0.6520935861316199,30
StandardDE,IMG-0082-00010.png,kapur,12,36.09799098808498,0.694156933143238,0.9732463933657673,0.003175051988618746,0.9995035167038026,8.184941811375877e-05,0.9972676102059642,0.00045045727905584145,0.6932995638344437,30
StandardDE,IMG-0082-00010.png,otsu,3,28.343801561344062,0.0,0.9189647089745157,0.0,0.9970748413292096,0.0,0.9839014247624858,0.0,0.31554342365513244,30
StandardDE,IMG-0082-00010.png,otsu,5,32.00375105273665,0.047514114060733796,0.9517869127625801,0.0004892668181051609,0.9987409073238221,1.4066833737868092e-05,0.9930705987402125,7.741664872524585e-05,0.37588626532039293,30
StandardDE,IMG-0082-00010.png,otsu,7,34.01362914740617,0.1313811878107062,0.9647494471472434,0.0013575282616255233,0.999207424914072,2.3964536445641153e-05,0.9956380726353066,0.0001318885354338259,0.4368088791302095,30
StandardDE,IMG-0082-00010.png,otsu,9,35.46981147675191,0.16351609361840866,0.9723455269662014,0.0017113277209960464,0.9994330880396494,2.1388519451879164e-05,0.9968800069076984,0.00011771145717778064,0.4994096527264143,30
StandardDE,IMG-0082-00010.png,otsu,11,36.651902690916636,0.20425594437122943,0.9776658056531798,0.0018038855590373178,0.9995682929354253,2.0106630424807288e-05,0.9976241054104099,0.00011065659647765486,0.557327640382573,30
StandardDE,IMG-0082-00010.png,otsu,12,37.354584613347505,0.2509401354381455,0.9800512482602705,0.0015124935228861237,0.9996326257432689,2.101400276800786e-05,0.997978160237471,0.00011565030915420852,0.5911383223331844,30
StandardDE,IMG-0082-00010.png,tsallis,3,19.15449754867,0.0,0.2647683730980214,0.0,0.975702680638886,0.0,0.8662799978303027,0.0,0.34173319023878623,30
StandardDE,IMG-0082-00010.png,tsallis,5,21.264454015435728,0.41165850142107413,0.3287700256389578,0.011964830665825517,0.9849889334940983,0.0014585465198383978,0.9173867776973326,0.008027093067292653,0.4058468750445172,30
StandardDE,IMG-0082-00010.png,tsallis,7,23.285325230227627,0.830719022570197,0.4017727300282083,0.034752585326084905,0.9904463823119205,0.0018688103547548226,0.9474217810207082,0.010284975102747744,0.46522720967574666,30
StandardDE,IMG-0082-00010.png,tsallis,9,25.472488927162466,1.5558234137972282,0.5178985886145591,0.10478366746267807,0.9940073023433074,0.0018722331137042835,0.9670192611890445,0.010303812215078737,0.52845657505095,30
StandardDE,IMG-0082-00010.png,tsallis,11,29.9930238169795,4.34462230538053,0.7411486609014931,0.21460029088611085,0.9968115121543392,0.003091239022925222,0.9824521958450203,0.01701259643951361,0.5909743611235172,30
StandardDE,IMG-0082-00010.png,tsallis,12,33.96214064992729,3.010915315711337,0.9137368339159688,0.11124275472348727,0.9989070545534792,0.001278163060926808,0.993984988001844,0.00703435489076637,0.6274411819254359,30
