algorithm,image,objective,K,psnr_mean,psnr_std,ssim_mean,ssim_std,uniformity_mean,uniformity_std,time_mean,n_runs
JADE,img1.png,kapur,3,21.746255059726636,0.0,0.7769570066794231,0.0,0.9866244512887766,0.0,0.4177119943546131,30
JADE,img1.png,kapur,5,23.451756211211706,0.13644533433069256,0.8528304774964909,0.0011683383883957232,0.9909648234505639,0.0002800454489891517,0.49355259311851113,30
JADE,img1.png,kapur,7,24.98410658235609,0.30012916685484975,0.8694481026644266,0.00469766767278,0.9936400958710446,0.0004338249470529086,0.5741702681019282,30
JADE,img1.png,kapur,9,25.904886564969328,0.6826284179741884,0.8911341287251816,0.006212343866017474,0.9948073210738394,0.0007878088879845437,0.6513919237457837,30
JADE,img1.png,kapur,11,32.39427789418525,0.3672007573548338,0.9042160462844915,0.006133765959688689,0.9988461749289126,0.00010004611045892357,0.725981134789375,30
JADE,img1.png,kapur,12,32.92599277224086,0.41683914757476803,0.9114292459360052,0.00732429092028576,0.9989782348034433,9.931319201789684e-05,0.7625651292968542,30
JADE,img1.png,otsu,3,23.74932004875676,0.0,0.7603033372778,0.0,0.9915666954161227,0.0,0.39482824997976423,30
JADE,img1.png,otsu,5,27.767370907437176,0.011090886011186577,0.8517044541207213,0.002192024656307115,0.9966581642860634,8.487205202575496e-06,0.45344822915115707,30
JADE,img1.png,otsu,7,30.266126542232726,0.04392730656415393,0.8807701219667734,0.0021608194673091207,0.9981215944732752,1.8861683584637264e-05,0.5154074027358244,30
JADE,img1.png,otsu,9,32.1384782991862,0.07544577402798322,0.9098149972039951,0.002537108333318888,0.9987801115772618,2.1318374137744994e-05,0.5774792277098943,30
JADE,img1.png,otsu,11,33.60207264197507,0.10460102607748126,0.9265956770828068,0.0033581329754533073,0.9991296939422505,2.1010922553125914e-05,0.6362704806805899,30
JADE,img1.png,otsu,12,34.25515864889618,0.10325504661799093,0.9327020920744498,0.00290691653910569,0.9992516203379652,1.7843343529940004e-05,0.6640755166144421,30
JADE,img1.png,tsallis,3,21.834066551190368,0.0,0.7763928770500927,0.0,0.9868906513799277,0.0,0.4207666056153054,30
JADE,img1.png,tsallis,5,23.71214972140667,0.06143370287115108,0.8523527648836987,0.0013251316268096237,0.9914939395401136,0.0001204040441166881,0.4828489790903404,30
JADE,img1.png,tsallis,7,25.30696154363544,0.24383598362686515,0.8716967564576988,0.004271537657947322,0.9941002702768348,0.0003317729733841052,0.5478928276337683,30
JADE,img1.png,tsallis,9,26.22881817971947,0.4542845787772827,0.8933339879188452,0.004835539428838968,0.9952112536977012,0.0005008282882291685,0.6071417556299518,30
JADE,img1.png,tsallis,11,27.283687366519384,0.7527973340643003,0.9114171762750338,0.004564621691515499,0.9962105781208631,0.0006483268742894891,0.6713356890249997,30
JADE,img1.png,tsallis,12,27.984944860135432,1.0553408129606936,0.9181422555188476,0.00571758949128117,0.9967293834822719,0.0008034340815298266,0.7080728556107109,30
JADE,img10.png,kapur,3,19.692869835371383,0.0,0.75756742555797,0.0,0.9785371355465478,0.0,0.41473724857593575,30
JADE,img10.png,kapur,5,20.5487869791614,0.08932880279398567,0.8207979659786461,0.0020762198377906756,0.9823724136980336,0.0003610338151654256,0.4912907902772228,30
JADE,img10.png,kapur,7,29.671798860532174,0.09828097997181669,0.8754011337281973,0.002757989717859933,0.9978447659361436,4.872677696740229e-05,0.5695897846172253,30
JADE,img10.png,kapur,9,31.22303724323615,0.32634399477160153,0.9032774282440611,0.0061944617824640025,0.998488849600437,0.00011314437978995167,0.6466383362266546,30
JADE,img10.png,kapur,11,32.84145324461658,0.2733915859707618,0.9264692437297433,0.0042390789358502405,0.998960591985234,6.617785540242297e-05,0.7271402235763769,30
JADE,img10.png,kapur,12,33.41680009249596,0.2696588354310563,0.9344959914460436,0.004358239232819626,0.9990900900951682,5.681679136618313e-05,0.7609036069518577,30
JADE,img10.png,otsu,3,24.58976862495424,0.0,0.738343798176767,0.0,0.9930533484440256,0.0,0.39421042511239646,30
JADE,img10.png,otsu,5,28.02610391456038,0.008320723304007733,0.840163285877092,0.0004091377777846709,0.9968515363233159,6.002221066506029e-06,0.45307925418019296,30
JADE,img10.png,otsu,7,30.66372925108238,0.034600803451830295,0.8996023855980894,0.0016789854793657912,0.9982864194439055,1.3921610990005442e-05,0.5242463154330229,30
JADE,img10.png,otsu,9,32.2889049413171,0.05687070682053485,0.9216213578385168,0.0031169552362704015,0.9988214012957656,1.5681883498627378e-05,0.575732680503279,30
JADE,img10.png,otsu,11,33.6588608739215,0.07133752002850352,0.9389840680275946,0.00206776766437811,0.9991408972042585,1.4109067377641291e-05,0.6326141486254832,30
JADE,img10.png,otsu,12,34.24545910012103,0.11490437582259269,0.9446376947868128,0.0027837264065657956,0.9992494325028026,1.9872319216855374e-05,0.6611527985349919,30
JADE,img10.png,tsallis,3,19.763495726903297,0.0,0.756180594900711,0.0,0.9788848817242656,0.0,0.41878254163699846,30
JADE,img10.png,tsallis,5,21.506479308786503,0.34693784875021205,0.8193157381852625,0.0009564389098582616,0.9858213521258904,0.001131266389501258,0.48134412917618946,30
JADE,img10.png,tsallis,7,27.95808610485751,0.8234263083585664,0.8875664009205991,0.0045715410149319334,0.9967376816086246,0.0007694298892642093,0.5455919610724475,30
JADE,img10.png,tsallis,9,31.483844661571528,0.40612912227772235,0.9072906104976569,0.007790718344397393,0.9985753183048925,0.00013076384096967193,0.6065710666511829,30
JADE,img10.png,tsallis,11,32.94973177202189,0.29965962698512527,0.929399270498963,0.005306756678124273,0.998985746519034,7.043554272543381e-05,0.6690738222018505,30
JADE,img10.png,tsallis,12,33.52905150426524,0.24687353397509162,0.9363644654786083,0.003913467580241043,0.9991135261067721,5.0501194405384826e-05,0.7030883973697201,30
JADE,img2.png,kapur,3,20.156639190672298,0.0,0.7170726444186467,0.0,0.9807095871633198,0.0,0.41444104596351583,30
JADE,img2.png,kapur,5,24.21039830747056,0.28312251548456546,0.8187749155357966,0.01604727184381688,0.9924017271897168,0.0004864140960322282,0.49065035552096864,30
JADE,img2.png,kapur,7,25.534249504001913,0.5197647857454775,0.8678212015134702,0.011165999134233266,0.9943711273455408,0.0006737200356666207,0.5673085055702055,30
JADE,img2.png,kapur,9,31.335172174779114,0.6630725632211052,0.873892756725118,0.014417480968898328,0.9985156176615988,0.00021333555140162796,0.6458150928995262,30
JADE,img2.png,kapur,11,33.2589005698551,0.6131669442216675,0.9110734767879466,0.013737823793733114,0.9990479376847018,0.0001516869945438007,0.7194994848531981,30
JADE,img2.png,kapur,12,34.05648342198933,0.6624935683276711,0.9217732489229536,0.011977636657555463,0.9992068268016099,0.00013110122993406265,0.7566928415869673,30
JADE,img2.png,otsu,3,26.146038230308083,0.0,0.7455043048539822,0.0,0.9951465482414008,0.0,0.39335796390660105,30
JADE,img2.png,otsu,5,30.113035392442043,0.005834725541395754,0.8710700123265503,0.0013999257324678706,0.9980545014789166,2.6717911121022444e-06,0.4522626445706313,30
JADE,img2.png,otsu,7,32.6369333345189,0.029600788270990053,0.9131480413583514,0.002300651365145269,0.9989131332261698,7.452339296867686e-06,0.5160824055783451,30
JADE,img2.png,otsu,9,34.537067551208224,0.08984109486741591,0.938333905637534,0.001924128519412844,0.9992987406071514,1.480650268506039e-05,0.5769419415465866,30
JADE,img2.png,otsu,11,35.94270697373351,0.09742064528580983,0.9525377867508816,0.002294244949506755,0.9994932499841321,1.1440566100516323e-05,0.6347393307602033,30
JADE,img2.png,otsu,12,36.62222929352349,0.11047727920597043,0.956928217990954,0.0018858591788510756,0.9995671365463312,1.0790141078082818e-05,0.6613638764092078,30
JADE,img2.png,tsallis,3,21.008476395761747,0.0,0.7269071120605378,0.0,0.9841474181646366,0.0,0.4170035556346799,30
JADE,img2.png,tsallis,5,24.495789647458558,0.10511700838630482,0.8391086381074319,0.003740881549691616,0.9928971395938292,0.00017143349326902824,0.4797825209563598,30
JADE,img2.png,tsallis,7,25.299151924541604,0.3043471616967533,0.8712664890638806,0.005491798582368733,0.9940850640353631,0.00041476653308886174,0.5495345569758986,30
JADE,img2.png,tsallis,9,26.38852748152154,0.36220771191908263,0.9050591114730854,0.007303230573264328,0.9953930864392585,0.00039503870554438724,0.605736704193987,30
JADE,img2.png,tsallis,11,27.105659574136745,0.5946153320173805,0.9216109113330275,0.006851833733456543,0.9960745254538083,0.0004904159916346299,0.6706414929047848,30
JADE,img2.png,tsallis,12,27.40325968095242,0.6974374502285323,0.9296246196304635,0.00578164157406667,0.9963219056218419,0.0005693349139010424,0.6986178999456266,30
JADE,img3.png,kapur,3,21.45681287156193,0.0,0.7358662441844828,0.0,0.9857028900043616,0.0,0.41911343615502117,30
JADE,img3.png,kapur,5,22.996653951295762,0.10395813777277954,0.8280121542064616,0.0029366892154457595,0.989967497956632,0.00023962718471488826,0.4990044972393662,30
JADE,img3.png,kapur,7,24.176502398169376,0.18006145382125213,0.8718045054904663,0.003646223342227394,0.9923506807800434,0.0003186656921690725,0.5761428598702575,30
JADE,img3.png,kapur,9,25.178883257985532,0.509109063926195,0.8936353077291829,0.0054313934595976434,0.9938932809041401,0.0006994372958082904,0.6505290403884525,30
JADE,img3.png,kapur,11,26.73856763475238,1.6458641369892233,0.908996751589741,0.006786331376575957,0.9955371378658929,0.0011498418920304941,0.7276911402819678,30
JADE,img3.png,kapur,12,31.022206775751663,2.8638541160630213,0.928987454747492,0.012598762849157953,0.9979977410090463,0.0015534676969724088,0.7671452986697356,30
JADE,img3.png,otsu,3,23.50230946381145,0.0,0.6830653842740324,0.0,0.9910761564657592,0.0,0.39411276124883443,30
JADE,img3.png,otsu,5,27.472061912350643,0.006802344977336544,0.8337073375397341,0.0009115686359600104,0.9964230472592377,5.3511263457487505e-06,0.4526745109586045,30
JADE,img3.png,otsu,7,29.931862995866506,0.039537462698538986,0.8958339569710729,0.0020256706164072957,0.9979709847739939,1.844944492852082e-05,0.5147099750116467,30
JADE,img3.png,otsu,9,31.740637111257094,0.08789118251877719,0.92689482122815,0.003309987809838161,0.9986625128356905,2.7138071421535712e-05,0.5751968138463174,30
JADE,img3.png,otsu,11,33.26689389432871,0.12014288246688283,0.9431351030515832,0.002189887587959877,0.9990594517142195,2.6054186043325285e-05,0.63515276107161,30
JADE,img3.png,otsu,12,33.94093841493149,0.11334022381337452,0.9511634647967713,0.0022752032663598903,0.9991950766620897,2.1018203217454736e-05,0.6678013902079935,30
JADE,img3.png,tsallis,3,21.45681287156193,0.0,0.7358662441844828,0.0,0.9857028900043616,0.0,0.41982793890250225,30
JADE,img3.png,tsallis,5,23.217181212186347,0.07137049993214907,0.8316248928363649,0.004000717114409512,0.9904665507329609,0.00015719610761998672,0.48136200979351995,30
JADE,img3.png,tsallis,7,24.575934259337615,0.2827077829933202,0.8710308552261807,0.002616517440372908,0.9930147598749187,0.00046017381660968474,0.5453901194191227,30
JADE,img3.png,tsallis,9,25.85282328190697,0.5150287970133373,0.8936732360347666,0.004016490553307134,0.9947705901831179,0.0006135963100604425,0.6089280431081231,30
JADE,img3.png,tsallis,11,27.128732573781566,0.6998706861816508,0.9101636330609952,0.004608539235871741,0.9960808324001204,0.0006119280688772858,0.6709772723959759,30
JADE,img3.png,tsallis,12,27.883556104296037,1.087938394013199,0.9182451887988469,0.007296676588471282,0.9966506219757463,0.0007904257057665861,0.7090260902574906,30
JADE,img4.png,kapur,3,19.26939476454664,0.0,0.8086581840117979,0.0,0.9763385243052295,0.0,0.41601481387236466,30
JADE,img4.png,kapur,5,20.956958770838604,0.17100149449572513,0.8443858994744965,0.0016292753706743587,0.9839452966269653,0.0006332865240920048,0.49386373482023677,30
JADE,img4.png,kapur,7,28.717591401241457,1.1556831422215683,0.900163062041114,0.005679397773556963,0.9971689696871254,0.0014570563260662408,0.5737845514590542,30
JADE,img4.png,kapur,9,31.05621806251453,0.30880204098407904,0.9195497580539749,0.0036674746630582606,0.9984303915139223,0.00011270340218890322,0.6538534694273646,30
JADE,img4.png,kapur,11,32.569686508775284,0.324326754209504,0.9341259015607684,0.0035789982465918783,0.9988924535154489,8.378827191001296e-05,0.7290800679630289,30
JADE,img4.png,kapur,12,33.083107334832874,0.3776904904526996,0.9386996520224499,0.003510807264798634,0.9990154699184534,8.706420591702161e-05,0.7673332945754131,30
JADE,img4.png,otsu,3,24.475529598868032,0.0,0.8085634343921541,0.0,0.9928678769311158,0.0,0.39687293192837386,30
JADE,img4.png,otsu,5,27.874046377178193,0.007372557805313212,0.8834658407558277,0.0010349591799194032,0.9967395687745069,5.879122339362848e-06,0.45400536799958596,30
JADE,img4.png,otsu,7,30.337274848906805,0.02945232255205239,0.914270030733735,0.001333769254907925,0.998151570162327,1.2468947460149475e-05,0.5139853915665299,30
JADE,img4.png,otsu,9,32.2337524450695,0.07855120939535201,0.930132989049533,0.0014438504231496974,0.9988067605804197,2.1838980682145774e-05,0.5750053290898601,30
JADE,img4.png,otsu,11,33.841608231140775,0.09363230505484224,0.9438840227348891,0.0018034076860554092,0.9991770779900383,1.7611865955401022e-05,0.6357347208463277,30
JADE,img4.png,otsu,12,34.48591238703918,0.08403840086772398,0.9485858983318839,0.002331808039120789,0.9992908215703461,1.3770385960451504e-05,0.6648674930057799,30
JADE,img4.png,tsallis,3,19.559626200773913,0.0,0.8107628826067151,0.0,0.9778683028529644,0.0,0.4210190764783571,30
JADE,img4.png,tsallis,5,21.544416677633592,0.21291476067459147,0.8503761037270319,0.0049225136060677644,0.9859714150813225,0.0006817899067232603,0.48124473611048113,30
JADE,img4.png,tsallis,7,23.80203252131614,0.5584752000013924,0.8793494737742482,0.003504930958468182,0.9916026842904809,0.0010722757741164263,0.5449324333419402,30
JADE,img4.png,tsallis,9,27.293973644755464,1.3624756433201741,0.9128647634472018,0.00789083177583884,0.9960990037811802,0.0011604629944279923,0.6076489861123264,30
JADE,img4.png,tsallis,11,30.1994898477418,0.2774715482814884,0.9357056503640445,0.0029108781879772596,0.9980886048301837,0.00012597156801444844,0.6707777028049653,30
JADE,img4.png,tsallis,12,30.56228928242944,0.23762460606540817,0.9403690412895095,0.003075277443449192,0.9982431454233587,0.00010146178035615695,0.7026585750281811,30
JADE,img5.png,kapur,3,16.560206441453342,0.0,0.7285933377501038,0.0,0.9558457225522148,0.0,0.41116767493852724,30
JADE,img5.png,kapur,5,17.841428336388915,0.08707292519366425,0.7781583801703016,0.002920839887896229,0.9671197563431245,0.0006633204272041686,0.4896324778363729,30
JADE,img5.png,kapur,7,18.439132242226044,0.17329877793672968,0.8048175211298021,0.002604988022829526,0.9713310040995077,0.0011436867750889278,0.5670676693242664,30
JADE,img5.png,kapur,9,19.180741707113548,0.3833555926069862,0.8195290676627849,0.004520825043855826,0.9757601427393827,0.0021199540075511948,0.6418753207894042,30
JADE,img5.png,kapur,11,19.462791845771687,0.5662535285774869,0.8289578798929021,0.0065791538911395804,0.977191961549874,0.0027763951253693573,0.720162476420713,30
JADE,img5.png,kapur,12,19.74747720076304,0.5290181308510048,0.8345901674086055,0.006466144672570405,0.9786523467269993,0.0026255024991622116,0.7571113918054228,30
JADE,img5.png,otsu,3,26.69087177366537,0.0,0.798074375438723,0.0,0.9957193829172358,0.0,0.3949548764387146,30
JADE,img5.png,otsu,5,30.29209069160463,0.009067467111093916,0.891533077883275,0.0008676364080297781,0.9981327563718607,3.6001030625031163e-06,0.45240271798490234,30
JADE,img5.png,otsu,7,32.6721699443065,0.022614136727710028,0.912707125282696,0.0018201191390703978,0.9989216328389443,5.440668451952896e-06,0.5115383945560704,30
JADE,img5.png,otsu,9,35.01780591761494,0.050935167257782306,0.9400687704138264,0.0023571799951672364,0.9993723876047108,7.378396052300141e-06,0.5694007084627325,30
JADE,img5.png,otsu,11,36.79184530366494,0.10896870895414852,0.9553603184087837,0.0026443378432336084,0.9995835040236515,1.0220149152323586e-05,0.6314644514505441,30
JADE,img5.png,otsu,12,37.58576665218306,0.11112116119522335,0.9614395987271883,0.002186807765679599,0.9996533907431936,8.74067876988542e-06,0.6598384930441777,30
JADE,img5.png,tsallis,3,16.71261257113669,0.03372362188671067,0.7269920869983705,0.00025372861739578494,0.9573661392687054,0.000335068226832574,0.4190530971468736,30
JADE,img5.png,tsallis,5,17.93116716908288,0.11630120990258727,0.7792792892808076,0.002468366868518161,0.9677872315736743,0.0008698567571053102,0.48188131940551104,30
JADE,img5.png,tsallis,7,18.559022839541782,0.18228861792579448,0.8032804912436661,0.002846591572115274,0.9721098754036089,0.0011566432579088208,0.5419020345900207,30
JADE,img5.png,tsallis,9,19.29141992115926,0.3573786076612379,0.8193331912050315,0.0045573700070290594,0.9763809587973704,0.0019397552690699142,0.6039697249652818,30
JADE,img5.png,tsallis,11,19.612554599514905,0.5273290187687456,0.8301051051069348,0.005254474581092284,0.9779806395606611,0.0026717292030222447,0.7126300444127992,30
JADE,img5.png,tsallis,12,19.96918667121575,0.49274805238601815,0.8365768340537194,0.0051065233754410124,0.9797318803343368,0.00239227108428765,0.7194974389082441,30
JADE,img6.png,kapur,3,19.072153830608308,0.0,0.7179796831836049,0.0,0.9752404613245708,0.0,0.4163139638801415,30
JADE,img6.png,kapur,5,21.177748882722632,0.1355207272725753,0.7546175425562434,0.001234276976944084,0.9847467207888883,0.00047665838814415714,0.4933798791840672,30
JADE,img6.png,kapur,7,22.642493018259533,0.5060576143328238,0.8022972729951169,0.012897498454465951,0.9890480876596895,0.001257877164085169,0.5723643235008543,30
JADE,img6.png,kapur,9,31.04327504315984,0.2426756052311177,0.8696442250446957,0.007633212523595191,0.9984269704889713,8.923945489703186e-05,0.6492394055239856,30
JADE,img6.png,kapur,11,32.68856110315466,0.3458830648625376,0.900938045187239,0.007396898778934518,0.9989217932012339,8.826856463308762e-05,0.7255909695134809,30
JADE,img6.png,kapur,12,33.34808585222663,0.3874830096647703,0.9101781387752915,0.007983105496544756,0.999073490645189,8.582616060603044e-05,0.7639155458736544,30
JADE,img6.png,otsu,3,23.93014727716701,0.0,0.7174729107490687,0.0,0.9919116419931854,0.0,0.3949798443044225,30
JADE,img6.png,otsu,5,27.728565540555355,0.008012689200406759,0.7987372087678621,0.0010045561209279452,0.996627981873708,6.331631549383297e-06,0.45382756523322315,30
JADE,img6.png,otsu,7,30.527671515813616,0.037961888353831644,0.8666393278519828,0.0019171027504990786,0.9982312034176943,1.530769341127511e-05,0.5165298847093557,30
JADE,img6.png,otsu,9,32.42469486497496,0.06953266398057875,0.8978916439833189,0.0037599028547627435,0.9988581389700019,1.8403076622436775e-05,0.5758013556168105,30
JADE,img6.png,otsu,11,33.869635174987515,0.08118157903545895,0.9218113465828811,0.004836143696994148,0.9991818046405467,1.534969637142491e-05,0.6350463152242204,30
JADE,img6.png,otsu,12,34.551366083192576,0.09585072917472852,0.9298690607341228,0.0032659982458634355,0.9993010989997086,1.5582637984636845e-05,0.6655521471286192,30
JADE,img6.png,tsallis,3,19.23793984533887,0.0,0.7126526246149901,0.0,0.97616860781219,0.0,0.4204252707539126,30
JADE,img6.png,tsallis,5,22.195286053031207,0.12471076687533499,0.7624568589671986,0.0029497657160539293,0.9879346789164124,0.0003495603253469614,0.48510101953676593,30
JADE,img6.png,tsallis,7,23.47173393486955,0.39777088859411636,0.8260433300249825,0.013820703942769293,0.9909742134412041,0.0008268935916160286,0.54717330976855,30
JADE,img6.png,tsallis,9,26.525556170587212,0.6043322681361342,0.879569185097644,0.004515669282592861,0.9955095500526542,0.0006271758883786238,0.6132233224265898,30
JADE,img6.png,tsallis,11,27.838316335653026,0.7358324425203925,0.9044454675374552,0.0067780621107181565,0.9966637270479893,0.0006217195952325479,0.6751337263655538,30
JADE,img6.png,tsallis,12,28.116687440948,0.7144597853470017,0.909379997475764,0.006475388397679417,0.9968736334161226,0.0005656367169937602,0.7031754054594785,30
JADE,img7.png,kapur,3,16.928947213540223,0.0,0.6256525007752582,0.0,0.9594404522667116,0.0,0.41916387356662493,30
JADE,img7.png,kapur,5,27.476604600021084,0.04686075184657641,0.7552337891333718,0.0025197798300676064,0.9964260708183346,3.857533558919714e-05,0.4920958819333464,30
JADE,img7.png,kapur,7,28.965393590088752,0.44384147846387184,0.8039740068233386,0.014589006337715437,0.9974511646346933,0.0002632664682737386,0.5691099166714897,30
JADE,img7.png,kapur,9,31.402826208337295,0.4519658820496197,0.8584948089557825,0.013465170729188649,0.9985469705434545,0.0001501221442820714,0.6496682833414524,30
JADE,img7.png,kapur,11,32.92098937094049,0.763527962258402,0.8869633256322716,0.01651354919536285,0.9989651865037844,0.00019643802941855804,0.7214105568670978,30
JADE,img7.png,kapur,12,33.369181099314126,0.5917380191862396,0.8946273838177663,0.01195905962536384,0.9990730179810082,0.00013084544158348387,0.7591546236149346,30
JADE,img7.png,otsu,3,25.619970700375298,0.0,0.7427688718938265,0.0,0.9945180218066532,0.0,0.39407532637317977,30
JADE,img7.png,otsu,5,29.445092281245447,0.005727241997661612,0.8258997790138433,0.002148625266674482,0.9977298523819667,3.026276269992781e-06,0.4547182417086636,30
JADE,img7.png,otsu,7,32.230615056196555,0.0461201164300853,0.8900060429545852,0.0030009507044874467,0.9988056815039499,1.2911478232659496e-05,0.5169739569537342,30
JADE,img7.png,otsu,9,34.15495795347486,0.07228392924058365,0.9268702669974889,0.0033144640903091703,0.9992341560971272,1.3215247171951436e-05,0.575753634609282,30
JADE,img7.png,otsu,11,35.49825333827171,0.09369317718936164,0.9450575967041047,0.0035837530068062737,0.9994385643649786,1.2252466609394336e-05,0.6336799140321091,30
JADE,img7.png,otsu,12,36.09896162008332,0.07622188996118422,0.9519181483455994,0.004290884310515643,0.9995113196266137,8.843735601124575e-06,0.6644347958732396,30
JADE,img7.png,tsallis,3,18.36632005607423,0.0,0.6611157014521052,0.0,0.970868976900198,0.0,0.4216940250402937,30
JADE,img7.png,tsallis,5,20.636361346800392,0.3539652724145662,0.7677924746991367,0.006773548864350548,0.9826728381304863,0.001427949805003915,0.48193821650929747,30
JADE,img7.png,tsallis,7,28.977565870673693,0.3361161789679507,0.854778360700065,0.008647976421011005,0.997463980736434,0.00019720516949051087,0.5434681473377471,30
JADE,img7.png,tsallis,9,30.215992063533715,0.27143132364362554,0.8893257561461756,0.011704546462807518,0.998096609205373,0.0001221204733128153,0.6065295082672189,30
JADE,img7.png,tsallis,11,30.93231389023459,0.2333636276279259,0.91408060864036,0.009887634716069502,0.9983867768313105,8.896315244956764e-05,0.6707637541694567,30
JADE,img7.png,tsallis,12,31.13828789156604,0.21784225715459915,0.922180751307407,0.009488647153998562,0.9984618315109893,7.797341562531618e-05,0.7005205639017125,30
JADE,img8.png,kapur,3,20.799989859308855,0.0,0.7242266915094465,0.0,0.983367364733286,0.0,0.41574378760221103,30
JADE,img8.png,kapur,5,23.71184516842008,0.1915185139627653,0.8171020897952386,0.0035202963798940798,0.9914865214498907,0.0003751142168123189,0.4938056583981961,30
JADE,img8.png,kapur,7,27.063590513443696,0.5008742732179562,0.8616358832333056,0.004798180692281109,0.996044523715743,0.000461479562550506,0.5710462665340553,30
JADE,img8.png,kapur,9,30.662375188762653,0.4291741756388003,0.8826158138198629,0.006143424605681418,0.9982767779714755,0.00018904179586867162,0.6479541208439817,30
JADE,img8.png,kapur,11,31.993995355237594,0.396837522246093,0.9034470661627719,0.007976852351524349,0.9987335495464719,0.00011392672664260571,0.7235850734713798,30
JADE,img8.png,kapur,12,32.54637457247587,0.3206469130161855,0.9119412136977016,0.007676229836461655,0.9988868560692329,8.071178619594777e-05,0.7625701639025162,30
JADE,img8.png,otsu,3,23.79986691681777,0.0,0.7325041645119129,0.0,0.9916635596230846,0.0,0.3933491417051603,30
JADE,img8.png,otsu,5,27.44395985648499,0.009101425497598603,0.8210452960130694,0.001355172989482505,0.9963995141719388,7.370265069526217e-06,0.4558215444441885,30
JADE,img8.png,otsu,7,29.75327772402237,0.037264028209258934,0.8714547313708316,0.004173659506962097,0.9978855061658061,1.7867632427503297e-05,0.5156719805750375,30
JADE,img8.png,otsu,9,31.769086760583527,0.08157879331071267,0.9007981947183076,0.004467883074689015,0.9986716189668698,2.5265058925869998e-05,0.5757991583785043,30
JADE,img8.png,otsu,11,33.3372448491222,0.10537499892968066,0.9239343341132616,0.003921931132479636,0.9990745724122052,2.249197755976711e-05,0.6358631903305649,30
JADE,img8.png,otsu,12,34.033896999164426,0.09801696480044068,0.9325558732630846,0.0035275460946808243,0.9992122393590465,1.7730347185538895e-05,0.6638142611132934,30
JADE,img8.png,tsallis,3,21.37253534723705,0.0,0.7162295251962133,0.0,0.9854229653035907,0.0,0.41857884582908206,30
JADE,img8.png,tsallis,5,24.55526627056776,0.1476256443156585,0.8221575116629027,0.001601359837860485,0.9929925712304823,0.00023780179954499837,0.48046741522848607,30
JADE,img8.png,tsallis,7,26.937373790527083,0.3370104686812932,0.8631440913483317,0.0034498687693215557,0.9959421882076237,0.00031322915980002634,0.5452593403480326,30
JADE,img8.png,tsallis,9,28.965839891781958,0.4428116172952296,0.8931939404305874,0.00389176829468515,0.9974521007926487,0.00026419800301902784,0.6080630236382907,30
JADE,img8.png,tsallis,11,30.075166058810193,0.23071369453018256,0.9157990308233575,0.006615436589632155,0.9980340992032126,0.00010704903421987534,0.6705924457327153,30
JADE,img8.png,tsallis,12,30.443906395383856,0.20667048751653572,0.9242586333129614,0.0047585390727910865,0.9981949760190697,8.634210631086886e-05,0.7013256430936357,30
JADE,img9.png,kapur,3,19.146701555215298,0.05186082821060408,0.7405610327846143,0.0012851130298189139,0.9756596150221097,0.00028156745641594625,0.41936221668341506,30
JADE,img9.png,kapur,5,21.861281233612537,0.07433516907540155,0.8168269928839743,0.0012488924785462488,0.986971532126859,0.00022433960430769657,0.49464275829183557,30
JADE,img9.png,kapur,7,23.88770137661753,0.3482116996547158,0.8592277703643102,0.0020533840641357927,0.9918063934400864,0.0006660593795024882,0.5722695471563687,30
JADE,img9.png,kapur,9,29.638688663907896,1.6036509238559693,0.8770304466426951,0.008500879310755051,0.9976315721616158,0.0013299511546355424,0.6497910152887926,30
JADE,img9.png,kapur,11,31.694896727350883,0.26755573086088763,0.899641104992122,0.005564864384508271,0.9986458220908653,8.666132639741406e-05,0.7268929930559049,30
JADE,img9.png,kapur,12,32.52537464283183,0.29219936099839044,0.9094605850920665,0.0038655348935739144,0.9988818951791317,7.649350260610096e-05,0.7639081179940452,30
JADE,img9.png,otsu,3,22.84470562358019,0.0,0.7401225695681358,0.0,0.9896151998640692,0.0,0.3975084332594027,30
JADE,img9.png,otsu,5,26.974316519362212,0.00721682974351803,0.8303027943042941,0.0012450274920289333,0.9959882560919957,6.685773247466246e-06,0.45450115560088306,30
JADE,img9.png,otsu,7,29.52720662365026,0.032647989487423486,0.8708286150194304,0.0015544734676365417,0.9977720913003975,1.6715505136632845e-05,0.5154540166646863,30
JADE,img9.png,otsu,9,31.616466095939163,0.06830133955146392,0.8995616719572925,0.0016816933029110102,0.9986240673099473,2.1668852344602768e-05,0.5764857986165831,30
JADE,img9.png,otsu,11,33.12623505141127,0.11720501029869781,0.9188489431794188,0.001696362407216253,0.9990287422763788,2.6456636767703733e-05,0.6409441388367365,30
JADE,img9.png,otsu,12,33.74825835708715,0.0985199293128483,0.9256445625862904,0.0014050111841684616,0.9991587315766886,1.9247848232765142e-05,0.6687481944759687,30
JADE,img9.png,tsallis,3,20.35665690786026,0.0,0.7553158493841818,0.0,0.9815774967916604,0.0,0.42038348205387593,30
JADE,img9.png,tsallis,5,22.58995525739274,0.17951425783538685,0.8136970237473639,0.0011853426544351463,0.988977784382934,0.0004572485949311382,0.4833389554638415,30
JADE,img9.png,tsallis,7,24.42044787568353,0.3412916540617436,0.8599602428897654,0.002799950008515055,0.99275390321821,0.0005658246334014908,0.5462066638671482,30
JADE,img9.png,tsallis,9,26.179662382630127,0.7521275453188343,0.883087747118697,0.003431010876288493,0.9951116258824337,0.000852393024974407,0.6086578401659305,30
JADE,img9.png,tsallis,11,27.790274921883945,0.9057173793870619,0.9007922594980868,0.0038641565826927275,0.9966056756361392,0.000705665322193925,0.6723029221408069,30
JADE,img9.png,tsallis,12,28.396748520485126,1.2217608065957672,0.9091639541300757,0.004638674227545995,0.9969986637274724,0.0008295992200444179,0.7055494444134335,30
LADE,img1.png,kapur,3,21.748152775697232,0.007984938924225315,0.7768176563999858,0.0003223934584794694,0.9866302277564872,2.4277350478315076e-05,0.3382333263832455,30
LADE,img1.png,kapur,5,23.515878011982068,0.3014320647602366,0.8500595659745741,0.003240087201745271,0.9910804305136983,0.0006288165757847887,0.41651761659110587,30
LADE,img1.png,kapur,7,24.783664640600897,0.7004598419604882,0.8682589348205914,0.009594069021844844,0.9932698907273434,0.0011015519808451775,0.4897430722989763,30
LADE,img1.png,kapur,9,30.01141921982661,1.2577936512511827,0.8803905552316508,0.010784190534412088,0.9979032109827687,0.0008666219623189521,0.5603922985804578,30
LADE,img1.png,kapur,11,31.49056413758059,0.7683001239247117,0.8980519660451134,0.012536385389852111,0.9985607117170695,0.0002720201797531756,0.6327824819056939,30
LADE,img1.png,kapur,12,32.17952206917002,0.7672107801058914,0.9030157334078857,0.013838224604349044,0.9987722495602772,0.0002330014811754386,0.6684922541026026,30
LADE,img1.png,otsu,3,23.749291767605996,0.0001549022422727665,0.7603173360070652,7.667419795023015e-05,0.9915666641164667,1.714352770445832e-07,0.3170421222380052,30
LADE,img1.png,otsu,5,27.638533709963358,0.06486323381588877,0.8492075556625738,0.005876654198952036,0.996557476251316,5.1990657519065686e-05,0.37527573198700936,30
LADE,img1.png,otsu,7,29.884513947234964,0.1188326523292031,0.878686567820504,0.006721241534031551,0.9979477349045084,5.609364922415171e-05,0.43464370137856645,30
LADE,img1.png,otsu,9,31.508814375525535,0.21193272949659664,0.9032323542265749,0.004241551741741136,0.9985881316078508,6.823434907959788e-05,0.48976550553925335,30
LADE,img1.png,otsu,11,32.62110083388201,0.16608087504347005,0.9171784907625194,0.0049669766080657285,0.9989078316376183,4.161846927937176e-05,0.5490060987416655,30
LADE,img1.png,otsu,12,33.21746626226189,0.19325647590731002,0.9247518234586085,0.003663933416444165,0.9990481893798006,4.1920036761533716e-05,0.5761069916188717,30
LADE,img1.png,tsallis,3,21.834444015265866,0.01086139729888421,0.7763973397078353,4.7338242943041674e-05,0.9868918838485077,3.283378584680188e-05,0.34155061113803337,30
LADE,img1.png,tsallis,5,23.745217592573713,0.2510956169620888,0.8493424825931277,0.0036127976925459213,0.9915456584953234,0.0004861643476520682,0.4027429138853525,30
LADE,img1.png,tsallis,7,25.284277675403764,0.5825330821929712,0.8695359241527304,0.00787672856905597,0.9940283141918458,0.0007762655219957658,0.46335410414418826,30
LADE,img1.png,tsallis,9,26.31330170877087,1.1216118270703286,0.8881242741294868,0.009892336922416312,0.995177992441175,0.001220040417905696,0.5261951888212935,30
LADE,img1.png,tsallis,11,27.72313491203351,1.788912381132891,0.9031522347524404,0.012120304889368884,0.9963482438554039,0.0014249750007318408,0.5866606554559742,30
LADE,img1.png,tsallis,12,28.43587654928429,2.0637172936736286,0.9064211281268194,0.009878338201687188,0.9967986962269708,0.0016073107054456537,0.6168018598264704,30
LADE,img10.png,kapur,3,19.679531493277235,0.027182552200733172,0.7576379445500016,0.00023392734303892985,0.9784703396529243,0.00013611178435966255,0.34035096668327847,30
LADE,img10.png,kapur,5,20.637987478592912,0.7183346729909513,0.817769920648883,0.004797415661454721,0.982537785076985,0.0023241994152389573,0.41312112086452546,30
LADE,img10.png,kapur,7,29.205645211527376,0.2555393207770251,0.8671766293511726,0.00803434131787459,0.9975966999166963,0.0001418664509869498,0.48813896397283923,30
LADE,img10.png,kapur,9,30.603914721961665,0.6908313384566196,0.8913766973844301,0.0126929361805098,0.9982391729029115,0.0003090837710521465,0.564153716674385,30
LADE,img10.png,kapur,11,31.954371675246154,0.5469892840190821,0.9165417488367303,0.009609395697116139,0.9987171051229365,0.00016137269639372457,0.6360739971743896,30
LADE,img10.png,kapur,12,32.427617654626104,0.6689939401312945,0.92379183495668,0.009628926117829681,0.9988451321883038,0.0001854365315408835,0.671217841678299,30
LADE,img10.png,otsu,3,24.589604360021056,0.0008632323657888184,0.738298477980909,0.00020720615738632764,0.9930530787975883,1.4383993972638246e-06,0.31585775973120084,30
LADE,img10.png,otsu,5,27.896588131607675,0.06695661977708134,0.8374632218041034,0.0024388179140778085,0.9967557391907309,4.995932325228124e-05,0.37401178202126173,30
LADE,img10.png,otsu,7,30.224244865880078,0.15255241176256437,0.8928573569259955,0.0039794251714492,0.9981021778556968,6.613999942187008e-05,0.433571980567649,30
LADE,img10.png,otsu,9,31.651904566764802,0.18642696361474276,0.9148919779694619,0.005147763717306266,0.9986343613386472,5.793788508502411e-05,0.4918852776909868,30
LADE,img10.png,otsu,11,32.77655885631929,0.16558033959629434,0.9296502474311866,0.005550797041160617,0.9989464831613127,4.0186522196320844e-05,0.5541549416802203,30
LADE,img10.png,otsu,12,33.3137944873244,0.1822361225730745,0.9330037904426763,0.004215992185773619,0.9990690541958809,3.859291780197807e-05,0.5789283028027664,30
LADE,img10.png,tsallis,3,19.763112151833433,0.001472945971374236,0.7562003414831847,0.00018409982878813712,0.97888275852937,7.541548237238033e-06,0.34006191388083,30
LADE,img10.png,tsallis,5,22.374972191692017,1.1169156303150187,0.8223861187956483,0.007208635821837616,0.9880638595288441,0.0029494854555426595,0.4031333485695844,30
LADE,img10.png,tsallis,7,27.359242484140573,1.587876083753048,0.8807216350782465,0.008101808486300233,0.9960553945709982,0.001715067388187648,0.46440002919795614,30
LADE,img10.png,tsallis,9,31.085191760564495,0.7217384664338611,0.9056121829724506,0.00939211992142987,0.998421700496704,0.0002993456258573749,0.5249142152955756,30
LADE,img10.png,tsallis,11,32.19066112622692,0.5350838209443806,0.920286073090386,0.010029487056100439,0.9987858989313985,0.00014790170033599436,0.5852492152713239,30
LADE,img10.png,tsallis,12,32.763359105974466,0.6031237503637463,0.9274603478697468,0.009062727387694187,0.9989339569683627,0.00015194317233928806,0.6149037388851866,30
LADE,img2.png,kapur,3,20.161292458909163,0.028453228353900725,0.7170877082114733,0.0011859179226626747,0.980729867463072,0.00012414006543441674,0.33618695823630934,30
LADE,img2.png,kapur,5,24.49142426461112,0.31552699276447377,0.8326265264610638,0.015569209188965899,0.9928741622520098,0.000518932017635572,0.41166958757676186,30
LADE,img2.png,kapur,7,28.9566964481328,2.455213867835349,0.8522789435973783,0.027119154887819796,0.9969847273918125,0.0019689148062840547,0.4853953041679536,30
LADE,img2.png,kapur,9,31.48912532800239,1.1148903506356997,0.8773190544161985,0.025206176708726487,0.9985335738669426,0.0004221120271147658,0.5603016805602238,30
LADE,img2.png,kapur,11,32.73130899565707,0.9847689219089643,0.90186712338149,0.01866206607152971,0.9989076534649105,0.00027747672091405455,0.6318155570033317,30
LADE,img2.png,kapur,12,33.133825915732,1.003863061822873,0.9075326364802795,0.018541602613959672,0.9990050167197104,0.00023433798461587775,0.6648551833738262,30
LADE,img2.png,otsu,3,26.146038230308083,0.0,0.7455061642415255,1.0184285005477166e-05,0.9951465400142276,4.5062083022813363e-08,0.31654850971729803,30
LADE,img2.png,otsu,5,30.00786293044445,0.06304032792912154,0.8693816130683621,0.003363029724359211,0.9980056240621018,2.903404036686967e-05,0.37579355290314803,30
LADE,img2.png,otsu,7,32.22591100356824,0.13762025856192717,0.9077417248446783,0.004965745762505907,0.998804157954366,3.808556426522874e-05,0.4323376722401008,30
LADE,img2.png,otsu,9,33.791528871738706,0.1827037009333781,0.9296223464859891,0.005707074340098047,0.9991664508919107,3.43849434885229e-05,0.4884504971870532,30
LADE,img2.png,otsu,11,35.03956154552727,0.22537183337610125,0.9443595947399194,0.005660758530085951,0.9993748121021031,3.2886833253888526e-05,0.5463895973982289,30
LADE,img2.png,otsu,12,35.631132712568906,0.22028975880595061,0.9485211502689112,0.004581958540195447,0.9994547675169397,2.7554118556299663e-05,0.574371691676788,30
LADE,img2.png,tsallis,3,20.977860075769048,0.07104946569593444,0.7274582113573435,0.0020152081146087987,0.9840329220759217,0.0002622346073665047,0.3432444804580882,30
LADE,img2.png,tsallis,5,24.566367151631443,0.20589355713094767,0.8356731127038671,0.00840737803566286,0.9930064292005926,0.00033189595597212754,0.39965694583952427,30
LADE,img2.png,tsallis,7,25.488194631095606,0.578112905135433,0.870143901369723,0.014001760719524331,0.9942995078448086,0.0008073211518613221,0.4610609069932252,30
LADE,img2.png,tsallis,9,26.12322008094676,0.8996123234244658,0.8920691781889524,0.01800783918204488,0.995018810654376,0.0010127594337347508,0.5224655459324519,30
LADE,img2.png,tsallis,11,27.552526691043987,1.603934435717843,0.914016936177711,0.013742281549858902,0.9962736800112373,0.0011902648596314117,0.5828400916807974,30
LADE,img2.png,tsallis,12,28.40061185813379,1.7643048588462726,0.9149068899620313,0.019160007396769582,0.9968966723004066,0.0010972528509054487,0.6133998153886447,30
LADE,img3.png,kapur,3,21.455635563026604,0.0062291248299104224,0.7358690026827214,0.00017987024089324822,0.9856990556787527,2.0459433271148534e-05,0.3394435263782119,30
LADE,img3.png,kapur,5,23.020315824854,0.19942291426434836,0.8309203053211672,0.005721723884947231,0.9900152049149707,0.0004535517468480108,0.4166017111002777,30
LADE,img3.png,kapur,7,24.216206514562995,0.4989824144633179,0.8675142964215571,0.007439140732238952,0.9923796246092306,0.0008429666117060888,0.49277213901902234,30
LADE,img3.png,kapur,9,25.416015789832922,1.2988716520207102,0.8881920473408434,0.01049868466930135,0.9940172670569629,0.00165350155115566,0.5700782666448504,30
LADE,img3.png,kapur,11,28.277385679041977,2.6442748564359135,0.9064825894246255,0.017585906129821215,0.99651510436676,0.0017968703092012756,0.6460156067584951,30
LADE,img3.png,kapur,12,30.520396362717964,2.5447527583970295,0.917922296921417,0.017662388910950507,0.9978741536726432,0.0014366766572854383,0.6822827375105892,30
LADE,img3.png,otsu,3,23.502317257469976,0.0003395066413517599,0.6829895784194148,0.0004326699446964808,0.9910758737663372,7.301458402122904e-07,0.31614766659525534,30
LADE,img3.png,otsu,5,27.357177258354714,0.06583348810786768,0.8316711178451212,0.002392183445168084,0.9963268362675668,5.5989421920204566e-05,0.375103662465699,30
LADE,img3.png,otsu,7,29.584870744152713,0.18880872514646094,0.8900275756991355,0.005431082611009009,0.9977999403456329,9.622065134715607e-05,0.43697255155226833,30
LADE,img3.png,otsu,9,31.101304731491336,0.18087046367626164,0.9170081928981776,0.0047984046180029535,0.9984491522230904,6.425224086148983e-05,0.4972673165767143,30
LADE,img3.png,otsu,11,32.335752746436,0.20417448863135268,0.932380177200029,0.0046422692793392575,0.9988332113502452,5.4184153610183264e-05,0.5529133903017889,30
LADE,img3.png,otsu,12,32.93560018162044,0.2863958313862325,0.9403683254788902,0.005443852786847211,0.9989830363247213,6.610593314417734e-05,0.581362190330401,30
LADE,img3.png,tsallis,3,21.46266285796656,0.013383328755833672,0.7358848796765208,4.463669798023153e-05,0.9857221141632144,4.399163540555222e-05,0.34250500553753227,30
LADE,img3.png,tsallis,5,23.156510181315575,0.21010788870016542,0.8306722057492532,0.005466660382659532,0.9903223461733462,0.0004667102345780393,0.40985676792915904,30
LADE,img3.png,tsallis,7,24.527095637875494,0.6103522556154121,0.8657995649252452,0.00889498960591388,0.9928828519780669,0.0009977316117001712,0.46939356544365485,30
LADE,img3.png,tsallis,9,25.85116771224069,1.0796287097898787,0.8867280290610753,0.008464691398125073,0.9946518871592881,0.0012732849170995818,0.530498759712403,30
LADE,img3.png,tsallis,11,27.25209640786396,1.921013983041002,0.9050706442948939,0.013319492344837472,0.9958728701764067,0.0017927730086892539,0.5924007597224166,30
LADE,img3.png,tsallis,12,28.688927313268817,1.9880894535620899,0.9160927689377297,0.014042789425572999,0.997010391224872,0.0013942245719109853,0.6230410626235728,30
LADE,img4.png,kapur,3,19.27419177618466,0.019187596608439505,0.8087005669991465,0.00019065530395500211,0.9763643930052088,0.00010337936500119976,0.3386041222528244,30
LADE,img4.png,kapur,5,21.073942543927476,0.4443110166370074,0.8482895289630272,0.006341678893385095,0.9843052553953746,0.0015990681807037626,0.41575645558380825,30
LADE,img4.png,kapur,7,26.968856172745184,2.728784112232203,0.8932413530869634,0.014836570770326995,0.9949473187215269,0.00409540031904597,0.4962460208994647,30
LADE,img4.png,kapur,9,30.279637235484625,0.8428901823006298,0.9166052702606281,0.005816072649620199,0.9980902530529447,0.0004156579159669193,0.5722382390328372,30
LADE,img4.png,kapur,11,31.927068009061127,0.7545344221637424,0.9300755058300992,0.007206018723827141,0.9986996558533863,0.00024206073279995382,0.6484766180627048,30
LADE,img4.png,kapur,12,32.10436030585979,1.0782417872335504,0.9330323263484585,0.008291421714039182,0.9987332474902996,0.0003179635885734347,0.6890354821070408,30
LADE,img4.png,otsu,3,24.475363582225093,0.00036162604888392,0.8084896429305933,0.0003310537838006272,0.9928675529198134,8.702957048423444e-07,0.3162051125041519,30
LADE,img4.png,otsu,5,27.755128511443093,0.05674037891751375,0.8815194308864093,0.0025463736226579332,0.996648721865755,4.373536333557222e-05,0.3763172444344188,30
LADE,img4.png,otsu,7,29.958313587769226,0.13416659492241112,0.9097944930201876,0.003829798396731022,0.9979822401739936,6.264300721556102e-05,0.4370914709676678,30
LADE,img4.png,otsu,9,31.597368014064198,0.17639316766015894,0.9256705463490457,0.0027858031625484247,0.998616966760368,5.623087762026964e-05,0.4981693458044901,30
LADE,img4.png,otsu,11,32.99905057476455,0.23269741561815094,0.9390024489399404,0.0034263087959813076,0.9989987737131121,5.450982340891022e-05,0.558050004260925,30
LADE,img4.png,otsu,12,33.501344669532095,0.217485802544644,0.942320788220594,0.002802277779691697,0.9991084763930266,4.449304607932549e-05,0.5883147764330109,30
LADE,img4.png,tsallis,3,19.562230415000734,0.014263868766061253,0.8109724468740962,0.0005477311355495244,0.9778810897204866,7.187732793544795e-05,0.3428867819408576,30
LADE,img4.png,tsallis,5,21.861849039001594,0.4466879921424617,0.8543827729234802,0.003930459985441248,0.9869097954875647,0.0013213597166277355,0.40343656522842747,30
LADE,img4.png,tsallis,7,24.36896738742089,1.2108139647725544,0.8809973362342005,0.007303081911471459,0.9924147143145147,0.002064150853873848,0.46638996116817,30
LADE,img4.png,tsallis,9,28.21167221586405,1.2516274972332369,0.9151438369271467,0.007722791042064847,0.9968512946583535,0.0010113444905512033,0.5310073971825963,30
LADE,img4.png,tsallis,11,29.73747716194583,1.0955073981476326,0.9284476690471849,0.00588414625260143,0.9978140809081097,0.0005406280412733526,0.593482905641819,30
LADE,img4.png,tsallis,12,30.25849997531017,1.4989403397566432,0.9343915221415567,0.007057423214585876,0.9980010771486598,0.000779941263189179,0.625255512399599,30
LADE,img5.png,kapur,3,16.558942184582,0.015920704153140373,0.7287800010526889,0.0008676223993810148,0.9558325901547722,0.00016161093820696177,0.33434496658543744,30
LADE,img5.png,kapur,5,17.879576785938166,0.290942953591155,0.7758969327835205,0.0054828281700186055,0.9673418958988488,0.0022337262184307953,0.4099841293723633,30
LADE,img5.png,kapur,7,18.411715620843495,0.42244501197685697,0.8001583322403072,0.006575157812578433,0.971041260246843,0.0027757438311291154,0.4832847195211798,30
LADE,img5.png,kapur,9,19.069074603266394,0.6071912077854777,0.814024073121411,0.0062420263482035705,0.9749925059855497,0.003364574116629838,0.5543451111841325,30
LADE,img5.png,kapur,11,19.982442970833954,1.778050471856904,0.8270428388690226,0.01875457676302584,0.9786688286552037,0.006194042752390467,0.6232976153415317,30
LADE,img5.png,kapur,12,22.04795031490384,4.46055276978199,0.8495315017237698,0.037354618041255,0.9831784971416788,0.008662552844609962,0.6583309666331236,30
LADE,img5.png,otsu,3,26.690866842770795,2.7007621868353965e-05,0.7980752995944734,5.061809511817282e-06,0.995719376008249,3.784207958204726e-08,0.31552054168035587,30
LADE,img5.png,otsu,5,30.246498321748028,0.035625367841961894,0.8899046566609071,0.0032221072312104745,0.9981128160130223,1.5816395898249648e-05,0.37223546804549795,30
LADE,img5.png,otsu,7,32.46276707394605,0.10324561524838845,0.9112594047977147,0.0036030232538820073,0.9988677019910017,2.6733973446185913e-05,0.4318347888921077,30
LADE,img5.png,otsu,9,34.42463287344919,0.1806716246526244,0.9357311876644278,0.0048067695374248215,0.9992797625888615,3.006365877611896e-05,0.4908863249622906,30
LADE,img5.png,otsu,11,35.82830992271845,0.269934952150153,0.9481415813150622,0.005029583897841716,0.9994789236655574,3.208090911665278e-05,0.5435121874557808,30
LADE,img5.png,otsu,12,36.425415847978,0.2816390673515881,0.9537848017639962,0.002883423232075747,0.9995459955026649,2.9158141319856765e-05,0.5662076096438492,30
LADE,img5.png,tsallis,3,16.694193800132417,0.049369858136927465,0.7269236658350463,0.0008434583226739213,0.9571832126277449,0.0004903301389915635,0.3398526042001322,30
LADE,img5.png,tsallis,5,17.879592398236735,0.3102286352681117,0.7740724530201161,0.006458939456099297,0.9673325668810585,0.002361499748584103,0.39940660273035367,30
LADE,img5.png,tsallis,7,18.735194378855155,0.5587041552757039,0.8025373429494439,0.006175084173346717,0.9730355397908426,0.0032520878699289052,0.45899265275802464,30
LADE,img5.png,tsallis,9,19.29944464435805,0.9692073036017848,0.8172309920004519,0.008889264525276108,0.9759593842891918,0.0049936241683629645,0.5177967152325437,30
LADE,img5.png,tsallis,11,19.969056014845084,1.3299300113521977,0.8297142570344136,0.01228144030632939,0.9790161682112016,0.005658995232905872,0.5771580097187932,30
LADE,img5.png,tsallis,12,20.70051200940099,1.6897168809733942,0.8372436893476022,0.016704068816600318,0.9818706506341708,0.0058419734114023405,0.6093768485977004,30
LADE,img6.png,kapur,3,19.070564666574192,0.009981415327354517,0.718171868567169,0.0003760504269031106,0.975231046831391,5.734547427989453e-05,0.3397416778219242,30
LADE,img6.png,kapur,5,21.282004744567757,0.6376684928866005,0.7561882642409489,0.007634224314418076,0.9849609495528733,0.0021777059860641212,0.42134986533783375,30
LADE,img6.png,kapur,7,23.095725758953492,1.6512916129167554,0.8103142550455806,0.026638295079778062,0.989577551505479,0.003331148148757529,0.4997927639478197,30
LADE,img6.png,kapur,9,30.34491229904976,0.4552475453104157,0.860183182603744,0.01123977234811031,0.998144824764841,0.00020045018882259246,0.5726340291866412,30
LADE,img6.png,kapur,11,31.656734558176687,0.7162002945069573,0.8821770210432744,0.015413981913897461,0.9986182005705538,0.0002353632319505683,0.6442762750588978,30
LADE,img6.png,kapur,12,32.46589323536486,0.46678516964832567,0.8986764085674691,0.009461019575171287,0.9988622386807002,0.0001225332196779628,0.6817757763123761,30
LADE,img6.png,otsu,3,23.93001445261138,0.00037265839107388204,0.7173285230112305,0.0004003500602096149,0.9919115354144586,2.6336191240524057e-07,0.3173071639224266,30
LADE,img6.png,otsu,5,27.642292148952947,0.05003726723723856,0.7966294515980238,0.0039678185769489015,0.9965602921782535,3.958703176236781e-05,0.37692861383159953,30
LADE,img6.png,otsu,7,30.213233956376044,0.1378431057180424,0.8594616790157101,0.007159172292541869,0.9980972578537506,6.072386664789313e-05,0.4368072805693373,30
LADE,img6.png,otsu,9,31.843560544405683,0.1974706549940648,0.8925069008742551,0.005338538738420864,0.9986927092240495,5.9186466695618056e-05,0.4956888902156303,30
LADE,img6.png,otsu,11,33.15579387708943,0.23185913523685808,0.9123414276324645,0.007481596850110777,0.9990339564455801,5.084133711816752e-05,0.5553222443442791,30
LADE,img6.png,otsu,12,33.592804234309355,0.2661541098110418,0.9207141699206726,0.006910446772872154,0.9991262817249715,5.1466694586895844e-05,0.5852082972104351,30
LADE,img6.png,tsallis,3,19.237623828863914,0.0007931308850277428,0.7125562425320678,0.00019605960121126274,0.9761667911701118,4.764098609539463e-06,0.34177659852430226,30
LADE,img6.png,tsallis,5,22.25564438908608,0.5654257866492599,0.7654037193649004,0.014973933393413554,0.9880090502697778,0.0015241621422432852,0.4063229778781533,30
LADE,img6.png,tsallis,7,23.913091034289366,1.053991110895751,0.8275148033946323,0.02121795483485841,0.9916491233400798,0.0019888054147935395,0.46682849032804363,30
LADE,img6.png,tsallis,9,26.377362778272513,1.3217516376502498,0.8704045308774576,0.014473778622535826,0.9951601100161932,0.001797403623285907,0.5304461722495034,30
LADE,img6.png,tsallis,11,27.702024897738347,1.091516942733907,0.8922847542182326,0.010392597608866943,0.9964993279941707,0.0009393625331423685,0.592382762565588,30
LADE,img6.png,tsallis,12,28.56842600634139,1.8844481236033965,0.8996770138239633,0.0138297886435134,0.9969617717160915,0.0013207303916972215,0.7270179972751066,30
LADE,img7.png,kapur,3,16.941929544805575,0.03957733499166383,0.6261471972068524,0.0015153224079703996,0.9595597560605127,0.0003637500704834822,0.3414503040956333,30
LADE,img7.png,kapur,5,27.327057887182363,0.2304255590672562,0.7515158673846309,0.009194546762148583,0.9962958646223836,0.00020300207430941388,0.4181583597014348,30
LADE,img7.png,kapur,7,28.841848151548227,0.9265410606832014,0.7997775075313859,0.025593588743437028,0.9973324356879654,0.0005825200098620701,0.4909416124923155,30
LADE,img7.png,kapur,9,30.68742006797607,1.0667096463006975,0.8441090019794417,0.02554981649296496,0.998241763478409,0.0004716838735074473,0.5641517445367451,30
LADE,img7.png,kapur,11,32.04737161787232,1.0451310932277358,0.8719764860523928,0.023646515358681498,0.998717945123707,0.0003217665119034633,0.6363430527582143,30
LADE,img7.png,kapur,12,32.65471375088901,1.1936144017793668,0.8834266886606019,0.025022894522618033,0.9988725175405082,0.00036594207405899154,0.6749248680348198,30
LADE,img7.png,otsu,3,25.619970700375298,0.0,0.742787801941466,5.776098491792768e-05,0.9945180049574927,5.141160359653065e-08,0.3224200805649161,30
LADE,img7.png,otsu,5,29.35406041895656,0.037234647372263195,0.8246089451148854,0.006256163083818495,0.9976816903316099,1.989071032382206e-05,0.3807972764518733,30
LADE,img7.png,otsu,7,31.79960648243274,0.13609995986345177,0.8825008488613473,0.00737631682822901,0.9986802677858191,4.153650327371699e-05,0.43404803185258056,30
LADE,img7.png,otsu,9,33.39825740335166,0.22323542365332277,0.915170866261907,0.008260768765734259,0.9990870070849038,4.736078093623081e-05,0.4952625319051246,30
LADE,img7.png,otsu,11,34.61309414263966,0.2292899263285941,0.9325097396668355,0.005790076503828868,0.9993100526260916,3.585720362348358e-05,0.5494056834140792,30
LADE,img7.png,otsu,12,35.12618797833069,0.20754977230957608,0.9387023845196443,0.005899814716206318,0.9993872299251693,2.905687674264009e-05,0.5788648234990735,30
LADE,img7.png,tsallis,3,18.366362220951377,0.00023094654347915314,0.6611352741446977,0.00010720405244062331,0.9708692466161807,1.477295278578306e-06,0.3445546763871486,30
LADE,img7.png,tsallis,5,20.538268430178352,1.0355013580607084,0.765221798084677,0.021314836670404493,0.9818607521789056,0.004099958885142437,0.4057693235188102,30
LADE,img7.png,tsallis,7,28.88658890680778,0.45271071485433606,0.8511186415669943,0.01735091452738897,0.9974041185399838,0.00027640930758381766,0.46548964301279433,30
LADE,img7.png,tsallis,9,29.58798562650454,0.5681503823121157,0.8798552105452901,0.019348250639026385,0.9977845764504321,0.00030552391155897217,0.526297940313816,30
LADE,img7.png,tsallis,11,30.019947023746308,0.7066010735134413,0.890159619566422,0.022102992048566254,0.9979870491269696,0.00031365677534363597,0.5869149248969431,30
LADE,img7.png,tsallis,12,32.62001827736711,1.6844695285773752,0.9077318965169364,0.01821559336818673,0.9988245921195592,0.0004724185013086536,0.622113476243491,30
LADE,img8.png,kapur,3,20.802905313749672,0.014797424394519513,0.7242611967178061,0.0002737260351660302,0.9833786318339343,5.614300500448944e-05,0.3384206568434214,30
LADE,img8.png,kapur,5,23.941976640136957,0.5040001686457167,0.8168479792779715,0.009576000493271033,0.9918807484555026,0.0009446141086225464,0.4155248986867567,30
LADE,img8.png,kapur,7,27.212217716201515,0.9148924075162495,0.8545083916555064,0.010201726478627719,0.9961183219433608,0.0008436464846081846,0.49480370982394867,30
LADE,img8.png,kapur,9,30.00011628156703,0.5688551556160485,0.8727628662311843,0.011237644570324445,0.9979853271266922,0.00027746678029860197,0.5692951540928334,30
LADE,img8.png,kapur,11,31.484208418432278,0.4844803366469091,0.894199240794065,0.011917252049378612,0.998572949101576,0.00015760839011052028,0.642486671032384,30
LADE,img8.png,kapur,12,31.780056130425088,0.7110296968655522,0.903453718477218,0.01452276256254522,0.9986573657452149,0.00022418959507942298,0.6777975014721354,30
LADE,img8.png,otsu,3,23.799546686433693,0.0006527836058976981,0.7321994512024581,0.0006664613590878527,0.9916631299385081,8.934209179280931e-07,0.3178246943745762,30
LADE,img8.png,otsu,5,27.309712028596874,0.064474706944723,0.8179261180444254,0.0037530709640445858,0.9962865255828307,5.511069066911427e-05,0.37624312787471953,30
LADE,img8.png,otsu,7,29.405612100022367,0.104811164846883,0.8652317670166508,0.007333459075407232,0.997708626948203,5.5576315354735846e-05,0.43676184312595673,30
LADE,img8.png,otsu,9,31.22793370972518,0.1282453820679485,0.8939512510409344,0.006356235006133931,0.9984948554219949,4.446619474519013e-05,0.49696831102482975,30
LADE,img8.png,otsu,11,32.61095834505091,0.15683212770592678,0.9146077358885291,0.0068188935909131,0.9989053936471031,3.951099162188922e-05,0.5530352596115942,30
LADE,img8.png,otsu,12,33.15923582515361,0.23108229291078125,0.9211243446824345,0.006259625635884092,0.9990349315463086,5.002648769411671e-05,0.5831879277247936,30
LADE,img8.png,tsallis,3,21.364324751053513,0.030744170582883278,0.7165593827277971,0.0006285801733883844,0.985395133801796,0.0001049317485434602,0.3408267986184607,30
LADE,img8.png,tsallis,5,24.743958197733182,0.3619339770177066,0.8216174304260515,0.007592545676222811,0.9932710504075156,0.0005834485753312667,0.40580275836400687,30
LADE,img8.png,tsallis,7,26.790136573421083,0.7627937747344902,0.8597744157395403,0.005646880787839075,0.9957507680902472,0.0007628554382282625,0.4665304223851611,30
LADE,img8.png,tsallis,9,28.516230094818457,0.861632204505575,0.8865104071078551,0.011873554854163897,0.9971323950797135,0.0006017546416992422,0.5288750207206855,30
LADE,img8.png,tsallis,11,29.687512227160212,1.1265332062512428,0.9067344710855001,0.011515646097827034,0.9977855968377625,0.0005396053331824589,0.5972436666954308,30
LADE,img8.png,tsallis,12,30.037441105437313,1.1228174090769167,0.9160588193736332,0.009293461728387457,0.997953707209983,0.0005516613826075817,0.625193169596605,30
LADE,img9.png,kapur,3,19.15741268212245,0.07667068898961452,0.7410071237946295,0.0022892730921410167,0.9757175063233009,0.000419251935946326,0.3399790527997538,30
LADE,img9.png,kapur,5,21.77457292308799,0.4871396018626707,0.8133138426900968,0.0038505772847179315,0.98662988156479,0.001507471170647001,0.41968284011042367,30
LADE,img9.png,kapur,7,23.950878281309638,0.9608542446277624,0.852808204117305,0.006582877065182198,0.9917572132683091,0.0018475737142110906,0.4961385721961657,30
LADE,img9.png,kapur,9,29.73108015738829,0.7653934780643752,0.8755146038631235,0.008751245858470709,0.9978373046298609,0.0004800139637913676,0.569223255594261,30
LADE,img9.png,kapur,11,31.393220670259446,0.6311919138545923,0.8971528094938506,0.007754139887008641,0.9985357866830634,0.00022219984944640765,0.6444923486948634,30
LADE,img9.png,kapur,12,31.695205507193247,0.8510455958865298,0.903766040353749,0.008869388403151504,0.9986225818377366,0.0002904676139537184,0.6792714777945851,30
LADE,img9.png,otsu,3,22.84471372099421,4.435136317788574e-05,0.7400281938267351,0.0005169172244645523,0.9896150940799425,5.794035240048254e-07,0.3166706320286418,30
LADE,img9.png,otsu,5,26.849842340291517,0.06009274766446455,0.8267123419965436,0.005953044810937615,0.9958715584267449,5.7374169688843926e-05,0.3761460137863954,30
LADE,img9.png,otsu,7,29.111320639227948,0.12807898271019788,0.8643465861887081,0.006337792707479076,0.9975473340971065,7.267702232577123e-05,0.4370127526965613,30
LADE,img9.png,otsu,9,30.885891213331465,0.267368737315887,0.8917368905857715,0.004372507653888408,0.9983686374550275,9.925095710948909e-05,0.5009489737295856,30
LADE,img9.png,otsu,11,32.27493272264727,0.21238202992108235,0.9095782413869156,0.004023814146575342,0.9988168277463653,5.810013619587927e-05,0.556834845757112,30
LADE,img9.png,otsu,12,32.76848317126133,0.22159703208110418,0.9158963726291118,0.004457338479842266,0.9989439066684777,5.4879309686153174e-05,0.5861916042941933,30
LADE,img9.png,tsallis,3,20.340556958439496,0.032830406603366745,0.7551046670131762,0.00042959369676323476,0.9815087294589929,0.0001402403600605317,0.34241856120837233,30
LADE,img9.png,tsallis,5,22.51923753159257,0.3921526128290788,0.8127648450042565,0.0029276531225211795,0.9887617413416286,0.0010175188771779633,0.40479094293744605,30
LADE,img9.png,tsallis,7,24.32896539977345,0.8126404598575673,0.8524877694196892,0.00493032255351992,0.9924940377211563,0.0014305919705335786,0.4692403598300492,30
LADE,img9.png,tsallis,9,26.52008854479904,1.3515518500365438,0.8794273205200854,0.005293011396920764,0.9953352882411355,0.0014444968241041406,0.5321835833524043,30
LADE,img9.png,tsallis,11,28.51820925619177,1.2994184603438101,0.8989173458186801,0.007033117900493448,0.9970502409437194,0.0010595930121196865,0.6111477584578097,30
LADE,img9.png,tsallis,12,29.193705815408016,1.8029557737441826,0.9055018401957023,0.007166096519747664,0.9973627587324982,0.0012990993722442653,0.6348800987548505,30
LSHADE,img1.png,kapur,3,21.746255059726636,0.0,0.7769570066794231,0.0,0.9866244512887766,0.0,0.6686441763148954,30
LSHADE,img1.png,kapur,5,23.37022102246931,0.0,0.853887044280826,0.0,0.9907983807993568,0.0,0.7999946611312528,30
LSHADE,img1.png,kapur,7,25.44158569874792,1.0513144678324653,0.8711042686414204,0.0003314443161448705,0.9941632732664374,0.000950047178145024,0.9345152124762535,30
LSHADE,img1.png,kapur,9,29.76510310620085,2.2054570054161355,0.8844312188415743,0.005998104901125073,0.9975564911772019,0.0015558512760294172,1.0805874597436438,30
LSHADE,img1.png,kapur,11,32.600827174209,0.3247153405907868,0.9056450340096049,0.0032952722940141543,0.9989006710486237,8.331847793545623e-05,1.1836526070799058,30
LSHADE,img1.png,kapur,12,33.00136231064217,0.09779281094509334,0.908988628593658,0.0019625764108585552,0.9990001403982401,2.331064886147595e-05,1.2476166374360522,30
LSHADE,img1.png,otsu,3,23.74932004875676,0.0,0.7603033372778,0.0,0.9915666954161227,0.0,0.6269659515082215,30
LSHADE,img1.png,otsu,5,27.781233017093165,0.0,0.8521208734467813,0.0,0.9966684080893649,0.0,0.7314762736360232,30
LSHADE,img1.png,otsu,7,30.34041379343773,0.0,0.8794593245346297,0.0,0.9981552739807106,0.0,0.8284946123603731,30
LSHADE,img1.png,otsu,9,32.34768161872167,0.0,0.910667390302468,0.0,0.9988376305857375,0.0,0.9303574541816488,30
LSHADE,img1.png,otsu,11,33.95461972362507,0.0008292550808386037,0.9270832660006081,1.3689663962850531e-05,0.9991968378943951,6.652784607808319e-08,1.033087622304447,30
LSHADE,img1.png,otsu,12,34.70003178251579,0.0003992587353182547,0.938324875699199,1.932708044963832e-05,0.9993255735283799,1.1231312348494988e-07,1.0817915596378347,30
LSHADE,img1.png,tsallis,3,21.834066551190368,0.0,0.7763928770500927,0.0,0.9868906513799277,0.0,0.6774546041774253,30
LSHADE,img1.png,tsallis,5,23.67564727558975,0.0,0.8531955125734291,0.0,0.9914233901373574,0.0,0.7804569151718169,30
LSHADE,img1.png,tsallis,7,25.15981958381682,0.004112285264524913,0.8698523043595815,0.0006496957688673928,0.9939062691607933,5.54796532869501e-06,0.8827829151724775,30
LSHADE,img1.png,tsallis,9,26.447072066550255,0.0001361427700005706,0.8932821142904531,0.0009018343915417029,0.9954695883094044,4.961202508020137e-07,0.9882850874292974,30
LSHADE,img1.png,tsallis,11,27.27256593414779,0.1543220006524063,0.9133187290880073,0.0016331878584388204,0.996252486964055,0.00013314579173136513,1.0928372084085518,30
LSHADE,img1.png,tsallis,12,27.884404011295693,0.000894922964644426,0.9212406521370143,0.00025663376732992614,0.9967470400301653,7.196290373207918e-07,1.1469562403003997,30
LSHADE,img10.png,kapur,3,19.692869835371383,0.0,0.75756742555797,0.0,0.9785371355465478,0.0,0.6745817889459431,30
LSHADE,img10.png,kapur,5,21.776300711709066,2.3722890577902334,0.8141304174603917,0.015321056933930443,0.9851325014217396,0.00552731701980081,0.7969832707118863,30
LSHADE,img10.png,kapur,7,29.784656055389096,0.0,0.8772206408904596,0.0,0.9979013960189812,0.0,0.9302975777847071,30
LSHADE,img10.png,kapur,9,31.333095259892698,0.13702864811794743,0.9050814558162974,0.0020822503830773137,0.9985306672947993,4.281631159294945e-05,1.0580977236464,30
LSHADE,img10.png,kapur,11,33.2039189003145,0.15646612057317522,0.9323622310113929,0.002731061383619457,0.9990457314441311,3.620770215704358e-05,1.1929247876862064,30
LSHADE,img10.png,kapur,12,33.588901178863644,0.1073684455124921,0.9366363690504894,0.0014283483898892037,0.9991276219388453,1.998931408937301e-05,1.2572385692736134,30
LSHADE,img10.png,otsu,3,24.58976862495424,0.0,0.738343798176767,0.0,0.9930533484440256,0.0,0.6265773472841829,30
LSHADE,img10.png,otsu,5,28.03617089972397,0.0,0.8401143855205728,0.0,0.9968591985509264,0.0,0.731859827778923,30
LSHADE,img10.png,otsu,7,30.73163136200715,0.0,0.9006917503030366,0.0,0.9983143846614476,0.0,1.0291953166713939,30
LSHADE,img10.png,otsu,9,32.459720259014496,0.0007445684192428989,0.9227688686052138,0.00014277776868380405,0.9988670168668604,4.501277744921879e-08,0.934025990171358,30
LSHADE,img10.png,otsu,11,33.951846867278306,0.0004279184895536472,0.940145484427008,0.0005039261304949608,0.9991973835104528,1.3166815500100807e-07,1.0332328223235285,30
LSHADE,img10.png,otsu,12,34.64528402032515,0.003716165066553446,0.9478786318538597,4.581463134827162e-05,0.9993143164475685,2.4679220823997245e-07,1.0864118347332503,30
LSHADE,img10.png,tsallis,3,19.763495726903297,0.0,0.756180594900711,0.0,0.9788848817242656,0.0,0.6799297915926824,30
LSHADE,img10.png,tsallis,5,21.5373085424922,0.0,0.8190358216738226,0.0,0.985963886979637,0.0,0.7797068291266138,30
LSHADE,img10.png,tsallis,7,28.262339949659125,0.3009472239767294,0.8890179586945268,0.0019387967978798332,0.9970110271697378,0.00017608100795486536,0.8858883860210578,30
LSHADE,img10.png,tsallis,9,31.408587935090377,0.13416633344780352,0.9063725358470544,0.0018872230670545687,0.9985545899644797,4.1489190532641356e-05,0.9936743999986599,30
LSHADE,img10.png,tsallis,11,33.248857066655646,0.003410325645189345,0.9333239325715202,0.00011677661989502009,0.9990562875415716,8.127285924748313e-07,1.0951341541561608,30
LSHADE,img10.png,tsallis,12,33.60979662808254,0.02958366984207231,0.9371999834064912,0.0002817301030642573,0.9991324619675345,5.874631026311937e-06,1.1454447083563233,30
LSHADE,img2.png,kapur,3,20.156639190672298,0.0,0.7170726444186467,0.0,0.9807095871633198,0.0,0.6639361708657816,30
LSHADE,img2.png,kapur,5,24.538094526155287,0.28830976187160046,0.8353946994999019,0.014748752015671914,0.9929516519664406,0.0004802719694570284,0.8148525999781365,30
LSHADE,img2.png,kapur,7,30.070089526769742,2.334776218671335,0.8686957644173156,0.010236338149097567,0.9976419949184688,0.0018116746612120637,0.9475138985784725,30
LSHADE,img2.png,kapur,9,31.358727199071655,0.40490963322173856,0.8723188992241876,0.009148138017718003,0.9985342124927057,0.00012640030818082595,1.0522190388912955,30
LSHADE,img2.png,kapur,11,33.488969522894294,0.05112183747720494,0.9124339891336432,0.0013689488236349847,0.999107677467533,1.0268757904988295e-05,1.1814440556569026,30
LSHADE,img2.png,kapur,12,34.68589169797146,0.11565263933551338,0.9293765997682527,0.0014259976166155937,0.999321800812122,1.7107895410085342e-05,1.246073236106895,30
LSHADE,img2.png,otsu,3,26.146038230308083,0.0,0.7455043048539822,0.0,0.9951465482414008,0.0,0.6252351943946753,30
LSHADE,img2.png,otsu,5,30.121036753500483,0.0,0.8729142829936414,0.0,0.9980577573349998,0.0,0.7256746958165119,30
LSHADE,img2.png,otsu,7,32.70646951316928,0.0,0.9141201026134748,0.0,0.998930557732544,0.0,0.8257401374944796,30
LSHADE,img2.png,otsu,9,34.73543816526543,0.18593653129079457,0.939926241121009,0.002418130829800255,0.999330970624085,3.2399918086689144e-05,0.9438854333478958,30
LSHADE,img2.png,otsu,11,36.27059840620853,0.02551621113680586,0.9557164834236569,0.001427759329795976,0.9995322268677092,3.105962608022245e-06,1.0249961472582072,30
LSHADE,img2.png,otsu,12,37.03531029794345,0.032422598922061126,0.9594576004952841,0.0007004521070676159,0.9996071363144418,2.9630672816379533e-06,1.0796096027751143,30
LSHADE,img2.png,tsallis,3,21.008476395761747,0.0,0.7269071120605378,0.0,0.9841474181646366,0.0,0.6690012651961297,30
LSHADE,img2.png,tsallis,5,24.508474491264455,0.0,0.8407993543918586,0.0,0.9929203948507436,0.0,0.7737337234895676,30
LSHADE,img2.png,tsallis,7,24.99558442870176,0.0,0.8739995436347036,0.0,0.9936716201703804,0.0,0.8803589820008104,30
LSHADE,img2.png,tsallis,9,26.54180455947367,0.0004539672455931284,0.9081330838299084,3.70501311151419e-05,0.9955682434508376,7.461460378781088e-07,0.9849689847168823,30
LSHADE,img2.png,tsallis,11,27.08641820662462,0.008443822843744512,0.9258408526757638,0.0009522230564755431,0.9960905236402581,7.512480401929879e-06,1.0907696526497603,30
LSHADE,img2.png,tsallis,12,27.391136614294666,0.009738596484989906,0.9339417943351624,0.0006291730368083312,0.9963567989537766,7.690601659116084e-06,1.1459356125444173,30
LSHADE,img3.png,kapur,3,21.45681287156193,0.0,0.7358662441844828,0.0,0.9857028900043616,0.0,0.6672063541986669,30
LSHADE,img3.png,kapur,5,23.02395761919486,0.0,0.8276874040262808,0.0,0.9900334377167892,0.0,0.7957386055185149,30
LSHADE,img3.png,kapur,7,24.08167340742724,0.0,0.8725249081213428,0.0,0.9921890129406654,0.0,0.9245673027355223,30
LSHADE,img3.png,kapur,9,25.193388110329643,0.0009646704730928021,0.8977328232558003,0.00012500108133582462,0.9939542950795329,1.303332499252081e-06,1.0543217998929322,30
LSHADE,img3.png,kapur,11,27.502121488440608,2.6772827306380504,0.9149338933169971,0.00883206604871096,0.995918963403627,0.001626327194439251,1.1822354208600396,30
LSHADE,img3.png,kapur,12,32.38057943843908,2.2427586803625914,0.935692333948032,0.0074015962308893605,0.9986199486068089,0.0011281135646957052,1.2448178180881466,30
LSHADE,img3.png,otsu,3,23.50230946381145,0.0,0.6830653842740324,0.0,0.9910761564657592,0.0,0.6253598277534669,30
LSHADE,img3.png,otsu,5,27.482490134563804,0.0,0.8340239892991819,0.0,0.9964315422385586,0.0,0.724981458314384,30
LSHADE,img3.png,otsu,7,30.01380429562642,4.953116959266924e-05,0.8968642133068474,2.8411764205141825e-05,0.9980091660151994,4.9386411881301364e-08,0.8383445831791808,30
LSHADE,img3.png,otsu,9,31.98895509694903,0.000987185862659787,0.9309150087829369,1.0298680414998773e-05,0.9987368480585153,1.6514422524148696e-08,0.9593019971468796,30
LSHADE,img3.png,otsu,11,33.66516909275516,0.00302604227352011,0.9473796502981597,0.00016417029530224034,0.9991408898837745,3.366004890045537e-08,1.0259929847360278,30
LSHADE,img3.png,otsu,12,34.38880557220626,0.002360972023322236,0.9548974919716842,0.00022260624551548926,0.9992749504260717,1.186474375818308e-07,1.0741187319702779,30
LSHADE,img3.png,tsallis,3,21.45681287156193,0.0,0.7358662441844828,0.0,0.9857028900043616,0.0,0.6764306734471272,30
LSHADE,img3.png,tsallis,5,23.185200992305525,0.022838360364266164,0.8343049522251559,0.0032656548135295204,0.9903961721250547,5.035626250923995e-05,0.7761635235821207,30
LSHADE,img3.png,tsallis,7,24.70549427515605,0.0,0.8720435327643515,0.0,0.9932333118833412,0.0,0.8817053958385562,30
LSHADE,img3.png,tsallis,9,25.744624694341933,0.0,0.8973305795602277,0.0,0.9946761911843874,0.0,0.9899004402492816,30
LSHADE,img3.png,tsallis,11,26.946331432607256,0.0028582092817627893,0.912439289549738,0.00021085217460508712,0.9959618569343083,2.224644071215529e-06,1.0946915541309863,30
LSHADE,img3.png,tsallis,12,27.59169908249352,0.10846019292987857,0.9198690384496727,0.00041429337873006357,0.9965190119058358,8.928246200565912e-05,1.2531392222037538,30
LSHADE,img4.png,kapur,3,19.26939476454664,0.0,0.8086581840117979,0.0,0.9763385243052295,0.0,0.6728268082796907,30
LSHADE,img4.png,kapur,5,21.029352862812523,0.0,0.8456603037522886,0.0,0.9842220170924514,0.0,0.8072163611883297,30
LSHADE,img4.png,kapur,7,28.265117379708222,2.1923383266255905,0.8997132946056998,0.00892036317909613,0.9964690928772639,0.0027844030678940003,0.9256117194890976,30
LSHADE,img4.png,kapur,9,31.04504102155731,0.20573554512369047,0.9179468987058155,0.0020094613205479408,0.9984285186279486,8.440907405732746e-05,1.0602837849097948,30
LSHADE,img4.png,kapur,11,33.0046754486006,0.004792597031505364,0.9368051402993423,0.00012102511225905661,0.999000040655104,1.0225140631097204e-06,1.1950940126320346,30
LSHADE,img4.png,kapur,12,33.574450549354104,0.25831319888416043,0.9419326616163377,0.002784611114843902,0.9991225834023056,5.300899254220422e-05,1.2938663792485992,30
LSHADE,img4.png,otsu,3,24.475529598868032,0.0,0.8085634343921541,0.0,0.9928678769311158,0.0,0.6445572082186117,30
LSHADE,img4.png,otsu,5,27.88264307454053,0.0,0.8840766866695308,0.0,0.9967471456156288,0.0,0.7546961861041684,30
LSHADE,img4.png,otsu,7,30.391517619398318,0.00016393040289643286,0.9146900473972116,2.8951293030051685e-05,0.9981763519996051,4.0502774998137884e-07,0.8551628986528764,30
LSHADE,img4.png,otsu,9,32.459456994011944,0.00021361333037041945,0.9321270541330776,4.055074821302177e-06,0.9988658700121239,5.2788050171242704e-08,0.9693487014699106,30
LSHADE,img4.png,otsu,11,34.147186949705244,0.011334707352635184,0.945307816352544,0.000296960957306459,0.999232967741666,1.902550667844533e-06,1.0316396639371912,30
LSHADE,img4.png,otsu,12,34.92174045863353,0.01274079072365889,0.9512364622726324,0.0007573158996450121,0.9993594103950272,2.5803984639071006e-06,1.083940383248652,30
LSHADE,img4.png,tsallis,3,19.559626200773913,0.0,0.8107628826067151,0.0,0.9778683028529644,0.0,0.6716026486518483,30
LSHADE,img4.png,tsallis,5,21.563162790309683,0.04681527215601861,0.8495364258457251,0.001617657960512256,0.9860478252060324,0.0001477105497961232,0.7935284138967593,30
LSHADE,img4.png,tsallis,7,23.367488244763727,0.0,0.8812022720546108,0.0,0.9907912456229518,0.0,0.8920612264114122,30
LSHADE,img4.png,tsallis,9,26.66177571638506,0.0,0.9092095940778244,0.0,0.995687112087294,0.0,0.9902872013859451,30
LSHADE,img4.png,tsallis,11,30.555464735659726,0.3900951194658441,0.9347940862257949,0.0012207572419935403,0.9982377366267324,0.00012682758853384965,1.0967950889685503,30
LSHADE,img4.png,tsallis,12,31.155866917935164,0.7382469292070044,0.944214399804509,0.0003365542666495836,0.9984503619983215,0.00021156064036797454,1.1464070194090406,30
LSHADE,img5.png,kapur,3,16.560206441453342,0.0,0.7285933377501038,0.0,0.9558457225522148,0.0,0.6605125500665356,30
LSHADE,img5.png,kapur,5,17.909291706088936,0.0,0.7809668154245765,0.0,0.967636281997268,0.0,0.79801020831801,30
LSHADE,img5.png,kapur,7,18.49146343978665,0.000906027782292474,0.805232537062895,0.0002920691671746151,0.9716945916446953,5.570293491209999e-06,0.9234724568823973,30
LSHADE,img5.png,kapur,9,19.712710930047614,2.5613952917452796,0.8241222298703078,0.01940270404574944,0.9769641537856305,0.004188340920633257,1.0486961735334868,30
LSHADE,img5.png,kapur,11,19.988274904195865,2.7056843943705653,0.8334145907476197,0.020542006577703203,0.9782481553735966,0.004032835056454,1.1792760596688217,30
LSHADE,img5.png,kapur,12,26.26374388979818,7.653362186817038,0.8832842065275702,0.055911791981540636,0.9874991558883578,0.010652721904638689,1.2427406347123906,30
LSHADE,img5.png,otsu,3,26.69087177366537,0.0,0.798074375438723,0.0,0.9957193829172358,0.0,0.6258652014968296,30
LSHADE,img5.png,otsu,5,30.30250833528038,0.0,0.8913513603081241,0.0,0.9981374135707444,0.0,0.7362473153586809,30
LSHADE,img5.png,otsu,7,32.71658377265211,0.000572960006011396,0.9133795004459738,3.05868844286414e-06,0.9989326557283587,1.4266854018009015e-07,0.8366999791779866,30
LSHADE,img5.png,otsu,9,35.18393831376955,0.00101099214115708,0.9417553835965382,3.0784308475930927e-06,0.999394688074357,1.4266854020442372e-07,0.9354561819539716,30
LSHADE,img5.png,otsu,11,37.152191818033394,0.0030883725873091304,0.9569876337340856,2.5323634194430564e-05,0.9996161202925518,2.1828899964028462e-07,1.035264933287787,30
LSHADE,img5.png,otsu,12,37.91594083270001,0.20487228948168412,0.963215836076307,0.0017534321621105544,0.9996795871606377,1.702623447063277e-05,1.1152779485176627,30
LSHADE,img5.png,tsallis,3,16.708928482474874,0.03821275690430198,0.7269643687797976,0.0002875038158350981,0.9573295352212647,0.0003796709837787148,0.671315454163899,30
LSHADE,img5.png,tsallis,5,17.909316729870678,0.0,0.7809088917290029,0.0,0.9676366937371418,0.0,0.772555780542704,30
LSHADE,img5.png,tsallis,7,18.48798708760675,0.0,0.8038713959339512,0.0,0.9716728603729692,0.0,0.8784972166564936,30
LSHADE,img5.png,tsallis,9,19.403214295652973,0.075830015826251,0.8219224941332396,0.001857019940739932,0.9770525314026183,0.0004057762535827458,0.9886338223703206,30
LSHADE,img5.png,tsallis,11,19.66177329958273,0.0005259769586851609,0.829945806921861,0.00033255107837495317,0.9783823703263791,2.5061097709543856e-06,1.0968303083752593,30
LSHADE,img5.png,tsallis,12,20.377137903306107,2.6900185773581407,0.8415065796049951,0.019396742628784963,0.9801297631740175,0.0036465446674843758,1.1412711472716182,30
LSHADE,img6.png,kapur,3,19.072153830608308,0.0,0.7179796831836049,0.0,0.9752404613245708,0.0,0.6652627472067252,30
LSHADE,img6.png,kapur,5,21.225746377502148,0.0,0.7556059663386118,0.0,0.9849205485855552,0.0,0.7938594486176347,30
LSHADE,img6.png,kapur,7,23.2841933772678,2.044505414296269,0.8057848562693731,0.01006188231943016,0.9899097452217098,0.0026278560916139456,0.9225917750503868,30
LSHADE,img6.png,kapur,9,31.079033523398383,0.8519148742534779,0.8709347800530448,0.0031534031088752373,0.9983994739961052,0.0005278204364129998,1.0630069111163418,30
LSHADE,img6.png,kapur,11,32.97369843823376,0.10153562587712876,0.9035997801898923,0.0019162272282664155,0.9989931940224313,2.3451123310452462e-05,1.186561323554876,30
LSHADE,img6.png,kapur,12,33.729419732126594,0.1532748548271648,0.9154768823185048,0.0024852635126715226,0.9991534762210793,3.2697324805796715e-05,1.2498492000857369,30
LSHADE,img6.png,otsu,3,23.93014727716701,0.0,0.7174729107490687,0.0,0.9919116419931854,0.0,0.628674234659411,30
LSHADE,img6.png,otsu,5,27.735861971386417,0.0,0.7990862472114756,0.0,0.99663551768043,0.0,0.7269264361200233,30
LSHADE,img6.png,otsu,7,30.592333744879863,0.0,0.868385732685093,0.0,0.9982565674955348,0.0,0.8288424694910645,30
LSHADE,img6.png,otsu,9,32.62727335266465,0.0,0.8997922427957673,0.0,0.9989094911236,0.0,0.9326582999511932,30
LSHADE,img6.png,otsu,11,34.21972303531846,0.03644932361822987,0.9235556704416511,0.003169833067748681,0.9992451013231123,6.382993051519538e-06,1.0277903500013053,30
LSHADE,img6.png,otsu,12,34.99606991694948,0.035071575306408635,0.9326442032144102,0.0005471263359119754,0.9993684845610457,5.134991865993356e-06,1.0773715110573296,30
LSHADE,img6.png,tsallis,3,19.23793984533887,0.0,0.7126526246149901,0.0,0.97616860781219,0.0,0.6685610778164118,30
LSHADE,img6.png,tsallis,5,22.304835443517938,0.0,0.764806015384668,0.0,0.9882402585034252,0.0,0.7743383667354161,30
LSHADE,img6.png,tsallis,7,23.48863236227444,0.0,0.8260936529522223,0.0,0.9910453548907842,0.0,0.8783113181668644,30
LSHADE,img6.png,tsallis,9,26.581531295967224,0.0,0.8823709059754707,0.0,0.9956084912596688,0.0,0.9847918915950383,30
LSHADE,img6.png,tsallis,11,27.682963055878517,0.8823160957607781,0.902876253248964,0.007274283869675824,0.9965247109085035,0.0006972524687235614,1.088194941729307,30
LSHADE,img6.png,tsallis,12,28.73052342999198,0.05664545590555898,0.9122023537117404,0.0014571971746685844,0.997323659920028,3.422653256745469e-05,1.140337252872996,30
LSHADE,img7.png,kapur,3,16.928947213540223,0.0,0.6256525007752582,0.0,0.9594404522667116,0.0,0.6697652235471954,30
LSHADE,img7.png,kapur,5,27.476430870948676,0.0,0.7550517600056412,0.0,0.9964255431288368,0.0,0.7949049666058272,30
LSHADE,img7.png,kapur,7,29.215235928609122,0.5635078143513521,0.8131480499427113,0.013122853863115534,0.9975874710651358,0.0002794755363781262,0.9260299053741619,30
LSHADE,img7.png,kapur,9,31.864310048134833,0.3025325200384483,0.8703930954271138,0.0077915273301494125,0.9986973976484822,8.940812522427323e-05,1.05389250270091,30
LSHADE,img7.png,kapur,11,33.07859341273687,0.5922090743757826,0.8891263471489643,0.012553635173522776,0.999008887621874,0.00013823448329105327,1.1829913916842392,30
LSHADE,img7.png,kapur,12,33.682265489604966,0.07426335768844954,0.9003058635751559,0.0008871789113758669,0.9991461069741753,1.4424327368274449e-05,1.247920611066123,30
LSHADE,img7.png,otsu,3,25.619970700375298,0.0,0.7427688718938265,0.0,0.9945180218066532,0.0,0.6214226263575255,30
LSHADE,img7.png,otsu,5,29.454936251415,0.0,0.826226678074899,0.0,0.9977353675408732,0.0,0.7235883070000758,30
LSHADE,img7.png,otsu,7,32.29617489901016,0.0,0.8911254163618035,0.0,0.9988264344356129,0.0,0.8231230348193397,30
LSHADE,img7.png,otsu,9,34.35335813048225,0.0,0.9289143213637504,0.0,0.99926835588307,0.0,0.92754669575952,30
LSHADE,img7.png,otsu,11,35.8339617145914,0.0019236151288712171,0.9496289130168495,0.00013671511912108732,0.9994796307097297,6.987232835806958e-08,1.026597618086574,30
LSHADE,img7.png,otsu,12,36.48228669060921,0.01228540465138065,0.9517685139474065,0.0018577602079300783,0.9995519599498911,7.215968657687551e-07,1.077047315170057,30
LSHADE,img7.png,tsallis,3,18.36632005607423,0.0,0.6611157014521052,0.0,0.970868976900198,0.0,0.6871362931483115,30
LSHADE,img7.png,tsallis,5,20.654566355439858,0.0033466339849763773,0.7695958374734262,0.0007386070123305334,0.9828013439461247,1.3217118554246294e-05,0.7776108597560475,30
LSHADE,img7.png,tsallis,7,29.25930953237972,0.2269576432323834,0.859183874430079,0.004069325409847953,0.997627907753482,0.00012438892875230018,0.8791692583899324,30
LSHADE,img7.png,tsallis,9,30.397832026462723,0.0409574153184005,0.8915746802584662,0.001655003672195068,0.9981782179265711,1.7230870103494625e-05,0.9831194501603022,30
LSHADE,img7.png,tsallis,11,31.8353511646824,1.1766616730048387,0.9095718650935882,0.005476721076006423,0.9986481790069455,0.0003284007564884015,1.0909650430238496,30
LSHADE,img7.png,tsallis,12,33.680242995615004,0.9205257977865473,0.9167569237905192,0.0045992113534882115,0.9991238485260544,0.0002299995314294389,1.143885251491641,30
LSHADE,img8.png,kapur,3,20.799989859308855,0.0,0.7242266915094465,0.0,0.983367364733286,0.0,0.7142475124681369,30
LSHADE,img8.png,kapur,5,23.702428030353904,0.0,0.8169553227356049,0.0,0.9914746912436656,0.0,0.8021920514215405,30
LSHADE,img8.png,kapur,7,26.71327314812843,0.08908859208028162,0.8653508498821658,0.00046012752945900643,0.9957387546722688,8.457932989042958e-05,0.9338620222639292,30
LSHADE,img8.png,kapur,9,30.840902139728772,0.4642460844514855,0.8857415126019418,0.004553898708795036,0.9983444668655331,0.0001982007140081186,1.0596134846797214,30
LSHADE,img8.png,kapur,11,32.198850947737654,0.20462585991568458,0.9066291958988119,0.0029927002204090548,0.9987959628857715,5.5700454312724544e-05,1.1902509637875482,30
LSHADE,img8.png,kapur,12,32.60389940298104,0.013680380211876142,0.9127154964312411,0.0007525783300399069,0.9989038218030527,3.821206286172158e-06,1.2572341736173258,30
LSHADE,img8.png,otsu,3,23.79986691681777,0.0,0.7325041645119129,0.0,0.9916635596230846,0.0,0.6252859542456766,30
LSHADE,img8.png,otsu,5,27.455056853958105,0.0,0.8218755273510193,0.0,0.9964100092609768,0.0,0.7266088708303868,30
LSHADE,img8.png,otsu,7,29.828343717931535,0.012436241670053843,0.8721830499062919,0.0022272189078079933,0.9979219102957029,6.424375223490122e-06,0.823518588898393,30
LSHADE,img8.png,otsu,9,31.98937580107234,0.021936625659765955,0.9054528976233647,0.0011167087615580047,0.9987362749496803,6.542958570205525e-06,0.9262160667140658,30
LSHADE,img8.png,otsu,11,33.70957967078484,9.702360131773119e-05,0.9285543575032646,8.991631832245344e-08,0.9991501337175811,1.6675101863029242e-08,1.0287520790472626,30
LSHADE,img8.png,otsu,12,34.46941878913365,0.00012743230806063171,0.9371352435708113,8.084279087171463e-05,0.9992878685875591,3.107672639543281e-08,1.074849256935219,30
LSHADE,img8.png,tsallis,3,21.37253534723705,0.0,0.7162295251962133,0.0,0.9854229653035907,0.0,0.6745119598616536,30
LSHADE,img8.png,tsallis,5,24.61593116543964,0.0,0.823134052781218,0.0,0.9930941281441849,0.0,0.7807544498937204,30
LSHADE,img8.png,tsallis,7,27.04100940179245,0.0,0.8636581474924291,0.0,0.9960499023968924,0.0,0.8897916542754198,30
LSHADE,img8.png,tsallis,9,29.095433563549836,0.0,0.896824179615003,0.0,0.9975396023132682,0.0,0.9938160582135122,30
LSHADE,img8.png,tsallis,11,30.47868187652337,0.006026409884106195,0.9186318115558779,0.0003009973951064494,0.9982115071088479,2.369804779187541e-06,1.1008461124806976,30
LSHADE,img8.png,tsallis,12,30.730674230314417,0.010065464868092218,0.9262691242237998,0.0003653885986014166,0.9983120981237611,3.6217237267399153e-06,1.1528824944670002,30
LSHADE,img9.png,kapur,3,19.146701555215298,0.05186082821060441,0.7405610327846143,0.0012851130298189054,0.9756596150221097,0.00028156745641597406,0.6710045152809471,30
LSHADE,img9.png,kapur,5,21.873622764895902,0.0,0.8169086530796322,0.0,0.9870098751831168,0.0,0.7980087861729165,30
LSHADE,img9.png,kapur,7,24.094665184029644,0.832157294282163,0.8592511831070073,0.0023430314475702146,0.9921103218271593,0.0009572579932963127,0.9300709833468621,30
LSHADE,img9.png,kapur,9,30.433814213800858,1.0249343748732778,0.8856529129231582,0.006190133408928946,0.9981222760759696,0.0007446221695181166,1.053377200026686,30
LSHADE,img9.png,kapur,11,32.25207653301646,0.11899500619556233,0.9042563865769809,0.0002004575707904608,0.9988125619904991,3.486502521787101e-05,1.187444549969708,30
LSHADE,img9.png,kapur,12,32.99131697727831,0.015223246811821665,0.914689251267998,0.00027505133110869104,0.9989982523031593,3.7656689801175914e-06,1.250158586127994,30
LSHADE,img9.png,otsu,3,22.84470562358019,0.0,0.7401225695681358,0.0,0.9896151998640692,0.0,0.6253519070024292,30
LSHADE,img9.png,otsu,5,26.987424695546327,0.0,0.8309354068064319,0.0,0.9959988508729924,0.0,0.7334143651882187,30
LSHADE,img9.png,otsu,7,29.604036914825155,0.0,0.8717713206011075,0.0,0.9978137455941776,0.0,0.8288340764120221,30
LSHADE,img9.png,otsu,9,31.836364200402418,0.0,0.9014172008822204,0.0,0.9986924936335672,0.0,0.9296559570124373,30
LSHADE,img9.png,otsu,11,33.52281846686681,0.002124419167264908,0.9216739529243702,7.278528599903788e-05,0.9991126285097321,6.374017758652188e-08,1.0310569125693292,30
LSHADE,img9.png,otsu,12,34.157949922032685,0.020984526281981362,0.929048284186671,0.0005841478992925556,0.9992354772071277,3.9281192914159325e-06,1.0849985556056103,30
LSHADE,img9.png,tsallis,3,20.35665690786026,0.0,0.7553158493841818,0.0,0.9815774967916604,0.0,0.6752966542029754,30
LSHADE,img9.png,tsallis,5,22.74854195216126,0.0,0.8135346298757711,0.0,0.9893823733367104,0.0,0.7771288958067696,30
LSHADE,img9.png,tsallis,7,24.40277543344855,0.0,0.8614262264056155,0.0,0.9927461416090944,0.0,0.8852063317550346,30
LSHADE,img9.png,tsallis,9,26.22990908607792,0.036398762150364035,0.8837667487275706,2.978818953592029e-05,0.9952379807456478,4.1146687757611836e-05,0.9887334207228075,30
LSHADE,img9.png,tsallis,11,28.02035760383038,0.1271738907517156,0.903802111175721,0.00042052595916025425,0.9968451855578916,9.339700548905909e-05,1.0929859750671311,30
LSHADE,img9.png,tsallis,12,28.25814090731148,0.0033742805486519584,0.9093779392990334,0.00015760400689509915,0.9970154960044437,2.001291762032229e-06,1.1441329944413154,30
SHADE,img1.png,kapur,3,21.746255059726636,0.0,0.7769570066794231,0.0,0.9866244512887766,0.0,0.39452181245045115,30
SHADE,img1.png,kapur,5,23.37022102246931,0.0,0.853887044280826,0.0,0.9907983807993568,0.0,0.4700831999536604,30
SHADE,img1.png,kapur,7,25.303459201346122,0.756549984161441,0.8710607219730603,0.0002385149256499744,0.9940384517281643,0.0006836757217468307,0.5508282609594365,30
SHADE,img1.png,kapur,9,30.28354172468158,1.774825670346493,0.8831195829854914,0.004784993574590865,0.9979202584261827,0.0012512946174972148,0.6277595485793427,30
SHADE,img1.png,kapur,11,32.62015978333746,0.3257255735723859,0.905839860919146,0.003297620449621347,0.9989055060681389,8.375265528569114e-05,0.7011021166807041,30
SHADE,img1.png,kapur,12,33.038448141062986,0.06657047483768148,0.9097525632281024,0.001355990174466577,0.9990089330105337,1.59119058593972e-05,0.7380690709144498,30
SHADE,img1.png,otsu,3,23.74932004875676,0.0,0.7603033372778,0.0,0.9915666954161227,0.0,0.369112976322261,30
SHADE,img1.png,otsu,5,27.781233017093165,0.0,0.8521208734467813,0.0,0.9966684080893649,0.0,0.42711667908200374,30
SHADE,img1.png,otsu,7,30.34041379343773,0.0,0.8794593245346297,0.0,0.9981552739807106,0.0,0.48981198887340727,30
SHADE,img1.png,otsu,9,32.34768161872167,0.0,0.910667390302468,0.0,0.9988376305857375,0.0,0.5513162515514219,30
SHADE,img1.png,otsu,11,33.954771124196306,0.0,0.9270857653798604,0.0,0.9991968500406624,0.0,0.6064431694025795,30
SHADE,img1.png,otsu,12,34.69995888817725,0.0,0.9383306600883292,0.0,0.999325604664526,0.0,0.6367563348030671,30
SHADE,img1.png,tsallis,3,21.834066551190368,0.0,0.7763928770500927,0.0,0.9868906513799277,0.0,0.3973763902128364,30
SHADE,img1.png,tsallis,5,23.67564727558975,0.0,0.8531955125734291,0.0,0.9914233901373574,0.0,0.45942609287643177,30
SHADE,img1.png,tsallis,7,25.16026882451724,0.004659693957615677,0.8699232794411952,0.0007361803118563262,0.9939068752403012,6.286485215923294e-06,0.5247042889008299,30
SHADE,img1.png,tsallis,9,26.447052593586843,0.000143164988793807,0.8934111067305834,0.0009483508419768493,0.9954695173476377,5.217100411878023e-07,0.5835006458141531,30
SHADE,img1.png,tsallis,11,27.311315753080113,0.15053160689600042,0.9131810284277087,0.0017335135877464202,0.9962860405314605,0.0001296788999840854,0.646971300096872,30
SHADE,img1.png,tsallis,12,27.88448461309465,0.0008125591875415166,0.9212972471472264,0.00018110363276337097,0.9967471602957901,5.695504791524177e-07,0.6784131291167189,30
SHADE,img10.png,kapur,3,19.692869835371383,0.0,0.75756742555797,0.0,0.9785371355465478,0.0,0.3927887999685481,30
SHADE,img10.png,kapur,5,22.143940946597187,2.5703103778930165,0.8117560706448433,0.01659994658250174,0.9859890851170476,0.005988696972337878,0.46899333188775927,30
SHADE,img10.png,kapur,7,29.784656055389096,0.0,0.8772206408904596,0.0,0.9979013960189812,0.0,0.5475274918057645,30
SHADE,img10.png,kapur,9,31.303366079315513,0.010947733315167348,0.9044197586619789,0.0007142531449218329,0.9985213706715333,3.438309325920571e-06,0.6279655888443813,30
SHADE,img10.png,kapur,11,33.187870057442964,0.17369050687623613,0.9320657749317142,0.0030668499067206595,0.9990419755930928,4.028535123899901e-05,0.6987831319449469,30
SHADE,img10.png,kapur,12,33.56563813329128,0.010651847074255764,0.9362725138335131,0.00022743207884191638,0.9991231877111376,2.3070073176804625e-06,0.7375810694725563,30
SHADE,img10.png,otsu,3,24.58976862495424,0.0,0.738343798176767,0.0,0.9930533484440256,0.0,0.37166896789179493,30
SHADE,img10.png,otsu,5,28.03617089972397,0.0,0.8401143855205728,0.0,0.9968591985509264,0.0,0.42778468056737134,30
SHADE,img10.png,otsu,7,30.73163136200715,0.0,0.9006917503030366,0.0,0.9983143846614476,0.0,0.49154794580147915,30
SHADE,img10.png,otsu,9,32.45981808381476,0.0005358084978561853,0.9227876274007013,0.0001027461544014101,0.9988670227808447,3.239222621543686e-08,0.5475115249631927,30
SHADE,img10.png,otsu,11,33.951706625255,0.0,0.93998033236683,0.0,0.9991974266621486,0.0,0.6429601568961516,30
SHADE,img10.png,otsu,12,34.64562056872951,0.002417171994630412,0.9478972594972322,8.610938234177059e-05,0.9993143449184133,1.6249523054363854e-07,0.6698765735297153,30
SHADE,img10.png,tsallis,3,19.763495726903297,0.0,0.756180594900711,0.0,0.9788848817242656,0.0,0.3958122430136427,30
SHADE,img10.png,tsallis,5,21.5373085424922,0.0,0.8190358216738226,0.0,0.985963886979637,0.0,0.4632717040755476,30
SHADE,img10.png,tsallis,7,28.214494777456302,0.04328309902648051,0.8894052582158765,0.0002622719409287478,0.9969839088081375,3.0003734292257604e-05,0.5228168944595382,30
SHADE,img10.png,tsallis,9,31.384092625994672,0.0,0.9060279776320976,0.0,0.9985470151092972,0.0,0.5850817056916033,30
SHADE,img10.png,tsallis,11,33.24773939826717,0.0,0.9332856612889072,0.0,0.9990560211854664,0.0,0.6463053807150573,30
SHADE,img10.png,tsallis,12,33.612747810627305,0.02876114415371318,0.9372217807315341,0.00023660041481311076,0.9991331107510019,5.875304939783471e-06,0.6807478707827007,30
SHADE,img2.png,kapur,3,20.156639190672298,0.0,0.7170726444186467,0.0,0.9807095871633198,0.0,0.674683752663744,30
SHADE,img2.png,kapur,5,24.616947250346026,0.24208035217533383,0.8389371904054492,0.013194890222519828,0.9930824427389549,0.0004043527529666749,0.8033910499808068,30
SHADE,img2.png,kapur,7,29.47147029549407,2.760684552114857,0.8696609287339139,0.005475771998711961,0.9971693668982563,0.002154255774197371,0.933049250060382,30
SHADE,img2.png,kapur,9,31.55627152301837,0.503396364124157,0.8767200250015237,0.011300738983627235,0.9985968369288364,0.0001582868181383939,1.0640858818233634,30
SHADE,img2.png,kapur,11,33.50102252838481,0.21861189768689127,0.9123085633490754,0.0035753243546193182,0.9991093616476402,4.020274667760168e-05,1.1960545778119316,30
SHADE,img2.png,kapur,12,34.6266709691543,0.2087126511150879,0.9285823644498151,0.002924208382140178,0.9993118693020964,3.728922530047314e-05,1.260607387466977,30
SHADE,img2.png,otsu,3,26.146038230308083,0.0,0.7455043048539822,0.0,0.9951465482414008,0.0,0.36827459985700745,30
SHADE,img2.png,otsu,5,30.121036753500483,0.0,0.8729142829936414,0.0,0.9980577573349998,0.0,0.5210179513785989,30
SHADE,img2.png,otsu,7,32.70646951316928,0.0,0.9141201026134748,0.0,0.998930557732544,0.0,0.8185216151488324,30
SHADE,img2.png,otsu,9,34.76938537608284,0.0,0.9403677293885024,0.0,0.9993368860127508,0.0,0.9412144459085539,30
SHADE,img2.png,otsu,11,36.268507794816216,0.026980368628986975,0.9555995032848603,0.0015096862471014117,0.9995319723878893,3.2841872824750445e-06,1.0441247360936055,30
SHADE,img2.png,otsu,12,37.040964200515965,0.023526372066389332,0.9593792227881469,0.0005058723506841282,0.9996075582303804,2.138536537119706e-06,1.0923709971830249,30
SHADE,img2.png,tsallis,3,21.008476395761747,0.0,0.7269071120605378,0.0,0.9841474181646366,0.0,0.6826911264487232,30
SHADE,img2.png,tsallis,5,24.510361162551515,0.010333724225197497,0.8406641388262306,0.0007406061542026542,0.9929234868083684,1.6935349379670587e-05,0.7842308749289563,30
SHADE,img2.png,tsallis,7,24.99558442870176,0.0,0.8739995436347036,0.0,0.9936716201703804,0.0,0.8919989541793863,30
SHADE,img2.png,tsallis,9,26.541953338473853,0.0,0.908120941364747,0.0,0.995568487985796,0.0,0.9986283804678048,30
SHADE,img2.png,tsallis,11,27.086757794356195,0.005886747928111285,0.9258262530747519,0.0006604736377102711,0.9960904344044834,4.870202560806625e-06,1.1010298277717083,30
SHADE,img2.png,tsallis,12,27.38935859797024,0.0,0.9338269235802178,0.0,0.9963553948484402,0.0,1.1591161069615434,30
SHADE,img3.png,kapur,3,21.45681287156193,0.0,0.7358662441844828,0.0,0.9857028900043616,0.0,0.6948731137672439,30
SHADE,img3.png,kapur,5,23.02395761919486,0.0,0.8276874040262808,0.0,0.9900334377167892,0.0,0.8215871416963637,30
SHADE,img3.png,kapur,7,24.08167340742724,0.0,0.8725249081213428,0.0,0.9921890129406654,0.0,0.9395575139283513,30
SHADE,img3.png,kapur,9,25.193564234255867,0.0,0.8977556452264537,0.0,0.9939545330344028,0.0,1.0698746708765006,30
SHADE,img3.png,kapur,11,26.648640630440163,1.9508957306539878,0.9125357574970009,0.005058609122068503,0.9953748485056362,0.001182582243434621,1.196187612391077,30
SHADE,img3.png,kapur,12,31.940269077292555,2.6357999401859953,0.9343321905155677,0.008954912166108104,0.9983999724125806,0.0013281165190783908,1.2775937430482978,30
SHADE,img3.png,otsu,3,23.50230946381145,0.0,0.6830653842740324,0.0,0.9910761564657592,0.0,0.6307971723300094,30
SHADE,img3.png,otsu,5,27.482490134563804,0.0,0.8340239892991819,0.0,0.9964315422385586,0.0,0.7327219388680533,30
SHADE,img3.png,otsu,7,30.013813338739386,0.0,0.8968694005615654,0.0,0.9980091750318834,0.0,0.8345641640092557,30
SHADE,img3.png,otsu,9,31.988565993984125,0.0014748909822260151,0.9309109495198986,1.538659683806157e-05,0.9987368415492945,2.467313779139169e-08,0.9369863084129368,30
SHADE,img3.png,otsu,11,33.66490298449479,0.0032478893886633315,0.9473652132653165,0.00017620605128736104,0.9991408869237309,3.6127755555578944e-08,1.0946728123662373,30
SHADE,img3.png,otsu,12,34.38900234426553,0.0016653791927159043,0.9549372405965771,0.00022651764306111925,0.9992750036221173,9.806551126981252e-08,1.124318865337409,30
SHADE,img3.png,tsallis,3,21.45681287156193,0.0,0.7358662441844828,0.0,0.9857028900043616,0.0,0.6829353902644167,30
SHADE,img3.png,tsallis,5,23.187209383397565,0.024512700609185655,0.8340177725882396,0.0035050685539686714,0.9904006004232092,5.404801251048647e-05,0.7885364680628603,30
SHADE,img3.png,tsallis,7,24.70549427515605,0.0,0.8720435327643515,0.0,0.9932333118833412,0.0,0.8978275819371144,30
SHADE,img3.png,tsallis,9,25.744624694341933,0.0,0.8973305795602277,0.0,0.9946761911843874,0.0,1.001206015329808,30
SHADE,img3.png,tsallis,11,26.944819173366543,0.0021495764470665984,0.9123277290872115,0.00015857581571645903,0.9959606798901446,1.6730903958465132e-06,1.1068530471529812,30
SHADE,img3.png,tsallis,12,27.63555263307851,0.00788039311625089,0.9200445285779798,0.0003172702022979375,0.9965549632204092,5.92905343282353e-06,1.1600270236687114,30
SHADE,img4.png,kapur,3,19.26939476454664,0.0,0.8086581840117979,0.0,0.9763385243052295,0.0,0.6748942527609567,30
SHADE,img4.png,kapur,5,21.029352862812523,0.0,0.8456603037522886,0.0,0.9842220170924514,0.0,0.8069562597355495,30
SHADE,img4.png,kapur,7,28.512079695058976,1.9424195456103173,0.900724578664023,0.008215157201002282,0.9967599164934579,0.0024635663992084444,0.9382915083707,30
SHADE,img4.png,kapur,9,31.09048324306412,0.04297013401444858,0.9176708298360786,0.0003521693312015781,0.9984466394844768,1.5092087914415926e-05,1.0698447471872592,30
SHADE,img4.png,kapur,11,33.00432839001096,0.0022138463142154217,0.9367711827147727,0.00016466599242455056,0.9990000004332553,5.792577968032441e-07,1.2247559556504712,30
SHADE,img4.png,kapur,12,33.54385839562632,0.20036472608372521,0.9416279813265896,0.002490445388687283,0.9991167484412029,4.212113485996734e-05,1.265824277846453,30
SHADE,img4.png,otsu,3,24.475529598868032,0.0,0.8085634343921541,0.0,0.9928678769311158,0.0,0.6320683985250071,30
SHADE,img4.png,otsu,5,27.88264307454053,0.0,0.8840766866695308,0.0,0.9967471456156288,0.0,0.7341451584361494,30
SHADE,img4.png,otsu,7,30.391539157323518,0.00019715509379365784,0.914686243644078,3.48190133858031e-05,0.9981762987852091,4.871169876107974e-07,0.8486142959368105,30
SHADE,img4.png,otsu,9,32.45930563030216,0.0008489677619768423,0.9321327506824777,3.132472061845234e-05,0.9988658654036897,5.7721879626681346e-08,0.9425223236437887,30
SHADE,img4.png,otsu,11,34.14717446090238,0.011356259848568754,0.9453618980961962,0.00039328043754421015,0.9992329620277663,1.9086382522205522e-06,1.055616201312902,30
SHADE,img4.png,otsu,12,34.920797899859124,0.012882736797632601,0.9511835611979713,0.0007686568768912713,0.9993592345479473,2.6229499342052805e-06,1.0973579305224122,30
SHADE,img4.png,tsallis,3,19.559626200773913,0.0,0.8107628826067151,0.0,0.9778683028529644,0.0,0.6808265361236409,30
SHADE,img4.png,tsallis,5,21.60621842053238,0.0860051467138281,0.8510241728942202,0.0029718274362047505,0.9861836734136603,0.0002713616074698344,0.7865467959238838,30
SHADE,img4.png,tsallis,7,23.367488244763727,0.0,0.8812022720546108,0.0,0.9907912456229518,0.0,0.8933941486136366,30
SHADE,img4.png,tsallis,9,26.66177571638506,0.0,0.9092095940778244,0.0,0.995687112087294,0.0,1.003582162526436,30
SHADE,img4.png,tsallis,11,30.478253527856257,0.0,0.9345187327678154,0.0,0.998212213088453,0.0,1.113956754375249,30
SHADE,img4.png,tsallis,12,31.22540709216357,0.8088552993542225,0.9440590800017257,0.001193856842491077,0.9984709924727798,0.00023351418355203494,1.160157434673359,30
SHADE,img5.png,kapur,3,16.560206441453342,0.0,0.7285933377501038,0.0,0.9558457225522148,0.0,0.668827765326326,30
SHADE,img5.png,kapur,5,17.909291706088936,0.0,0.7809668154245765,0.0,0.967636281997268,0.0,0.8013295499995972,30
SHADE,img5.png,kapur,7,18.49067161815106,0.0014553657447822753,0.8049772836477381,0.00046915499648066047,0.9716897234949662,8.94764431498305e-06,0.9279306193658461,30
SHADE,img5.png,kapur,9,19.256935487095777,0.00017180723920420042,0.82051619440107,0.00030055324963506144,0.9762689627062077,5.509473162431111e-07,1.058846859781382,30
SHADE,img5.png,kapur,11,20.491446862811973,3.8541494716771276,0.8372102933323889,0.028914175765419752,0.9789079636609034,0.005565495769572145,1.1945746804975594,30
SHADE,img5.png,kapur,12,24.670008942043406,7.2640386650235405,0.871407921050091,0.053313137468314134,0.9852303242812859,0.010175512349433875,1.2525353610437984,30
SHADE,img5.png,otsu,3,26.69087177366537,0.0,0.798074375438723,0.0,0.9957193829172358,0.0,0.6336599249625579,30
SHADE,img5.png,otsu,5,30.30250833528038,0.0,0.8913513603081241,0.0,0.9981374135707444,0.0,0.7305133945386236,30
SHADE,img5.png,otsu,7,32.71668838035872,0.0,0.913380058883526,0.0,0.9989326817759512,0.0,0.8377585527021438,30
SHADE,img5.png,otsu,9,35.1837537327025,0.001404891530124809,0.9417548215545325,4.277838815730986e-06,0.9993946620267644,1.9825458139233056e-07,0.9437327984565248,30
SHADE,img5.png,otsu,11,37.15239494690502,0.002209883502069298,0.9569824954179592,4.336220096300665e-06,0.9996161253203937,1.982545813994574e-07,1.048155830660835,30
SHADE,img5.png,otsu,12,37.91492643814184,0.20487220276612023,0.9632206395801765,0.0017609071101819611,0.9996795253308193,1.7036136253207556e-05,1.0939952458332602,30
SHADE,img5.png,tsallis,3,16.71629665979851,0.02804049754248436,0.7270198052169435,0.00021097012344774998,0.957402743316146,0.0002786023346669623,0.6746413833461702,30
SHADE,img5.png,tsallis,5,17.909316729870678,0.0,0.7809088917290029,0.0,0.9676366937371418,0.0,0.7780900180029372,30
SHADE,img5.png,tsallis,7,18.48798708760675,0.0,0.8038713959339512,0.0,0.9716728603729692,0.0,0.8837207944287608,30
SHADE,img5.png,tsallis,9,19.390788383818702,0.08383323678079566,0.8216181929168058,0.0020530127905474616,0.976986038736139,0.0004486025273233511,0.9897945569517712,30
SHADE,img5.png,tsallis,11,19.661672354386248,5.009603304549545e-06,0.8298947656496095,5.922142062386999e-05,0.9783818964963984,1.0256471871736115e-07,1.098171886180838,30
SHADE,img5.png,tsallis,12,19.886755526962705,0.05958456257021754,0.8382301652628007,0.0017386774890082548,0.9794729417929354,0.00028844739425409763,1.1486557638738304,30
SHADE,img6.png,kapur,3,19.072153830608308,0.0,0.7179796831836049,0.0,0.9752404613245708,0.0,0.6717936708514268,30
SHADE,img6.png,kapur,5,21.225746377502148,0.0,0.7556059663386118,0.0,0.9849205485855552,0.0,0.806099570907342,30
SHADE,img6.png,kapur,7,23.28465507357429,2.0443484353111923,0.8058268838128713,0.010046880894822693,0.9899108220941902,0.0026274890964941566,0.9370039985670398,30
SHADE,img6.png,kapur,9,31.058228643337795,0.8456260429768073,0.8702172477608946,0.0024090332988913822,0.9983922126526584,0.0005259855331139442,1.0632840945695838,30
SHADE,img6.png,kapur,11,32.95248711227489,0.09092118976409697,0.9032002225614876,0.0017212437403653586,0.9989882974108556,2.1010017787898247e-05,1.197159451401482,30
SHADE,img6.png,kapur,12,33.75647418722257,0.0018557851412979655,0.915953243947916,5.518583261218811e-05,0.9991591950573084,5.246561293293062e-07,1.260653109739845,30
SHADE,img6.png,otsu,3,23.93014727716701,0.0,0.7174729107490687,0.0,0.9919116419931854,0.0,0.6305950278028225,30
SHADE,img6.png,otsu,5,27.735861971386417,0.0,0.7990862472114756,0.0,0.99663551768043,0.0,0.7357869890052825,30
SHADE,img6.png,otsu,7,30.592333744879863,0.0,0.868385732685093,0.0,0.9982565674955348,0.0,0.8361840764526278,30
SHADE,img6.png,otsu,9,32.62727335266465,0.0,0.8997922427957673,0.0,0.9989094911236,0.0,0.9403236624163885,30
SHADE,img6.png,otsu,11,34.23074884748996,0.028854734138722495,0.9229515816032626,0.003036235801751607,0.9992469384016993,5.123737994261772e-06,1.0397647918201982,30
SHADE,img6.png,otsu,12,35.002473081256994,0.0,0.9325443120690822,0.0,0.9993694220780048,0.0,1.0935470319896317,30
SHADE,img6.png,tsallis,3,19.23793984533887,0.0,0.7126526246149901,0.0,0.97616860781219,0.0,0.6772682499528552,30
SHADE,img6.png,tsallis,5,22.304835443517938,0.0,0.764806015384668,0.0,0.9882402585034252,0.0,0.7841858652187511,30
SHADE,img6.png,tsallis,7,23.48863236227444,0.0,0.8260936529522223,0.0,0.9910453548907842,0.0,1.5172049959733462,30
SHADE,img6.png,tsallis,9,26.581531295967224,0.0,0.8823709059754707,0.0,0.9956084912596688,0.0,1.1926648999564349,30
SHADE,img6.png,tsallis,11,27.70093533877571,0.8797510640166554,0.9030703287041608,0.007668555798499223,0.9965394391955933,0.0006930940543783615,1.1060753069352358,30
SHADE,img6.png,tsallis,12,28.722798861423584,0.010422998819128164,0.9117225721053818,0.0006999062802099353,0.997319140476852,6.536320644418635e-06,1.1593218638251226,30
SHADE,img7.png,kapur,3,16.928947213540223,0.0,0.6256525007752582,0.0,0.9594404522667116,0.0,0.7183631002049272,30
SHADE,img7.png,kapur,5,27.476430870948676,0.0,0.7550517600056412,0.0,0.9964255431288368,0.0,1.0047472554103782,30
SHADE,img7.png,kapur,7,29.02491111546317,0.26063305624216204,0.8090278856839618,0.006006954310416381,0.9974941776936035,0.00012947457533587503,0.9388876597241809,30
SHADE,img7.png,kapur,9,31.88089166623524,0.30837458109182275,0.8708956658439628,0.007896840060542233,0.9987022405373538,9.11631544055449e-05,1.0707815860708554,30
SHADE,img7.png,kapur,11,33.3829152828335,0.4396893441740481,0.895437850828657,0.009409501455339812,0.9990799422417367,0.00010244673221435431,1.2046836096560583,30
SHADE,img7.png,kapur,12,33.709321040193586,0.09181823282226663,0.9003660835025808,0.0005948364509380413,0.9991514139228302,1.7910630374353492e-05,1.2699206818981716,30
SHADE,img7.png,otsu,3,25.619970700375298,0.0,0.7427688718938265,0.0,0.9945180218066532,0.0,0.6309940555676197,30
SHADE,img7.png,otsu,5,29.454936251415,0.0,0.826226678074899,0.0,0.9977353675408732,0.0,0.736849869415164,30
SHADE,img7.png,otsu,7,32.29617489901016,0.0,0.8911254163618035,0.0,0.9988264344356129,0.0,0.8441944068918625,30
SHADE,img7.png,otsu,9,34.35335813048225,0.0,0.9289143213637504,0.0,0.99926835588307,0.0,0.948095487508302,30
SHADE,img7.png,otsu,11,35.82965298014372,0.02628655677940875,0.949396861230882,0.0011969633325325266,0.9994790644711802,3.1864016082965513e-06,1.0447923693805934,30
SHADE,img7.png,otsu,12,36.47471898445784,0.015981924201399794,0.9529159244498993,0.0024344053410170962,0.9995515142425031,9.438369277288838e-07,1.1054850166585917,30
SHADE,img7.png,tsallis,3,18.36632005607423,0.0,0.6611157014521052,0.0,0.970868976900198,0.0,0.6875097819836811,30
SHADE,img7.png,tsallis,5,20.655177364414953,0.0,0.7697306880473544,0.0,0.9828037570507838,0.0,0.7914917429210618,30
SHADE,img7.png,tsallis,7,29.356652936505192,0.19946684639091947,0.8611302423182328,0.002844411140522544,0.9976812131056391,0.00010934332180188936,0.8936385290309166,30
SHADE,img7.png,tsallis,9,30.391120525401295,0.03480710998914082,0.8913034825079184,0.0014064826699317,0.9981753943840677,1.46434238156594e-05,1.0035644070090106,30
SHADE,img7.png,tsallis,11,31.523198139165707,0.9934788301964811,0.911596723076422,0.005783463368571868,0.9985623124178923,0.0002771285882926607,1.1204034445031235,30
SHADE,img7.png,tsallis,12,33.18186577876847,1.340453679751696,0.9196569190257127,0.006869514150527037,0.9989936131118652,0.00033407143052508804,1.1619816555408762,30
SHADE,img8.png,kapur,3,20.799989859308855,0.0,0.7242266915094465,0.0,0.983367364733286,0.0,0.6693333915512388,30
SHADE,img8.png,kapur,5,23.702428030353904,0.0,0.8169553227356049,0.0,0.9914746912436656,0.0,0.801960197238562,30
SHADE,img8.png,kapur,7,26.71327314812843,0.08908859208028191,0.8653508498821658,0.00046012752945900215,0.9957387546722688,8.457932989043153e-05,0.9328175958866874,30
SHADE,img8.png,kapur,9,30.97402607463484,0.2450129450363779,0.8843806394042996,0.002424844979911745,0.9984013666327196,0.00010460719326907705,1.0614578096739327,30
SHADE,img8.png,kapur,11,32.23990488932768,0.21649323641557236,0.9071810520700067,0.0031927891946465833,0.9988071933927462,5.899075768271229e-05,1.1975267639461284,30
SHADE,img8.png,kapur,12,32.60653725157983,0.016097659766244967,0.9128606084575611,0.0008855565208570414,0.9989045586074025,4.496401250448602e-06,1.258854342973791,30
SHADE,img8.png,otsu,3,23.79986691681777,0.0,0.7325041645119129,0.0,0.9916635596230846,0.0,0.6325528611429035,30
SHADE,img8.png,otsu,5,27.455056853958105,0.0,0.8218755273510193,0.0,0.9964100092609768,0.0,0.7350242847576738,30
SHADE,img8.png,otsu,7,29.830189948962403,0.014897346072100814,0.8713772913809531,0.001083892474984604,0.9979229780067964,7.1285115087817464e-06,0.8382970415443803,30
SHADE,img8.png,otsu,9,31.992838405271826,0.0015497298277409558,0.9057989984438314,0.0004235186456244349,0.998737434085097,1.0091964387673815e-07,0.9378768999207144,30
SHADE,img8.png,otsu,11,33.70959738478986,0.0,0.9285543739196632,0.0,0.9991501367620242,0.0,1.04138540555723,30
SHADE,img8.png,otsu,12,34.46938858793541,0.00016060189511889469,0.9371499869874159,1.2912775560176445e-07,0.9992878704370928,2.3171999466313002e-08,1.0889434957799191,30
SHADE,img8.png,tsallis,3,21.37253534723705,0.0,0.7162295251962133,0.0,0.9854229653035907,0.0,0.6777616902487352,30
SHADE,img8.png,tsallis,5,24.61593116543964,0.0,0.823134052781218,0.0,0.9930941281441849,0.0,0.7830972722033038,30
SHADE,img8.png,tsallis,7,27.04100940179245,0.0,0.8636581474924291,0.0,0.9960499023968924,0.0,0.8987971915941064,30
SHADE,img8.png,tsallis,9,29.095433563549836,0.0,0.896824179615003,0.0,0.9975396023132682,0.0,1.0076252028035622,30
SHADE,img8.png,tsallis,11,30.479713214304784,0.0023033023306313883,0.9186780494660775,0.00017163588144501307,0.9982119061852697,9.939572737962805e-07,1.113664506888017,30
SHADE,img8.png,tsallis,12,30.73212694185821,0.01110980098214854,0.9263099909798284,0.0003911399730460038,0.9983126521802989,4.032408126278145e-06,1.1621214680063228,30
SHADE,img9.png,kapur,3,19.137233106728015,0.0,0.740326404319489,0.0,0.975608208072997,0.0,0.6725680971518159,30
SHADE,img9.png,kapur,5,21.873622764895902,0.0,0.8169086530796322,0.0,0.9870098751831168,0.0,0.8059463903463135,30
SHADE,img9.png,kapur,7,24.094699036885455,0.8321509211314843,0.8592804415744314,0.002354012209708978,0.992110379252932,0.0009572471989129716,0.93639480137111,30
SHADE,img9.png,kapur,9,30.471286781970502,0.43458146650828416,0.8836976412119996,0.006771499021409396,0.9981989266414402,0.0001801355644525549,1.0689528875285759,30
SHADE,img9.png,kapur,11,32.25133252838747,0.11882377728202842,0.9043269363947907,0.0003235267915246324,0.9988123068706566,3.4808127089566175e-05,1.1929904860677198,30
SHADE,img9.png,kapur,12,32.999934271527906,0.014246890201149609,0.9148431709795363,0.0002070379743905147,0.9990003914914694,3.368325516257339e-06,1.265851536152574,30
SHADE,img9.png,otsu,3,22.84470562358019,0.0,0.7401225695681358,0.0,0.9896151998640692,0.0,0.6325094055539618,30
SHADE,img9.png,otsu,5,26.987424695546327,0.0,0.8309354068064319,0.0,0.9959988508729924,0.0,0.7377369472679371,30
SHADE,img9.png,otsu,7,29.604036914825155,0.0,0.8717713206011075,0.0,0.9978137455941776,0.0,0.837434301385656,30
SHADE,img9.png,otsu,9,31.836364200402418,0.0,0.9014172008822204,0.0,0.9986924936335672,0.0,0.9393484332986797,30
SHADE,img9.png,otsu,11,33.52234613907144,0.002315032115954907,0.9216577703770645,7.931592656160443e-05,0.999112614338208,6.945924819774071e-08,1.0432839737428974,30
SHADE,img9.png,otsu,12,34.16050535466533,0.015054996531284922,0.9290830023143657,0.00042116585147949806,0.999235987363674,2.825730125503049e-06,1.092417350031125,30
SHADE,img9.png,tsallis,3,20.35665690786026,0.0,0.7553158493841818,0.0,0.9815774967916604,0.0,0.6793170540593565,30
SHADE,img9.png,tsallis,5,22.74854195216126,0.0,0.8135346298757711,0.0,0.9893823733367104,0.0,0.7846827110741288,30
SHADE,img9.png,tsallis,7,24.40277543344855,0.0,0.8614262264056155,0.0,0.9927461416090944,0.0,0.8929044208489358,30
SHADE,img9.png,tsallis,9,26.223263611712916,0.05058032656267237,0.8837721872820227,4.13941646755341e-05,0.9952304684226309,5.717812312284906e-05,1.0055019055881227,30
SHADE,img9.png,tsallis,11,28.028216132024145,0.1107329392217517,0.9038266311946171,0.0001903872033945355,0.9968511492689219,8.06468500341033e-05,1.109081740382438,30
SHADE,img9.png,tsallis,12,28.259058830641937,0.0029615630527996817,0.9094208131480854,0.0001383270291440785,0.9970160404263947,1.75650828522759e-06,1.1640217180519055,30
StandardDE,img1.png,kapur,3,21.746255059726636,0.0,0.7769570066794231,0.0,0.9866244512887766,0.0,0.3374344722678264,30
StandardDE,img1.png,kapur,5,23.457682666880032,0.181400907806051,0.8517399802577271,0.002632625404376481,0.990973550812822,0.0003773397682340081,0.4191834806775053,30
StandardDE,img1.png,kapur,7,24.874470158562684,0.6356282220099316,0.8704304987890767,0.008217296329870293,0.9934243599000715,0.0009764386547403807,0.48870395973790437,30
StandardDE,img1.png,kapur,9,29.254118534998486,1.918017106375416,0.8810403187230266,0.014603823974229262,0.9973412684057066,0.0015716783970762163,0.5612018541820968,30
StandardDE,img1.png,kapur,11,31.522291895823564,0.6827437813648456,0.8958813658979194,0.01016592526429957,0.9985771013342378,0.0002189066861599901,0.635270697173352,30
StandardDE,img1.png,kapur,12,32.11790170227241,0.6947234642164148,0.9061732113461685,0.012378924621756347,0.9987588353598296,0.0002023579315626562,0.6700196886590372,30
StandardDE,img1.png,otsu,3,23.74932004875676,0.0,0.7603033372778,0.0,0.9915666954161227,0.0,0.3135547528120999,30
StandardDE,img1.png,otsu,5,27.722153959135895,0.06583846731834712,0.8514775840775598,0.004153531800093381,0.9966230704262135,5.123115341057224e-05,0.3704035943529258,30
StandardDE,img1.png,otsu,7,29.933308253765663,0.10755668344865306,0.879307065617505,0.0049769164133959785,0.9979711102434584,5.031468862366669e-05,0.43008145280182364,30
StandardDE,img1.png,otsu,9,31.462289274993484,0.23341708019635973,0.9027361072163738,0.005292653072971812,0.9985722846503872,7.532042132887365e-05,0.48998440415598454,30
StandardDE,img1.png,otsu,11,32.67555644531024,0.22285801788283544,0.917445874844168,0.005014261213193566,0.998920822880472,5.406653841858758e-05,0.5563439347858851,30
StandardDE,img1.png,otsu,12,33.31773365674031,0.2669462753763232,0.9225797714475884,0.004640028035001467,0.999069008370467,5.573974767785711e-05,0.5808001431636513,30
StandardDE,img1.png,tsallis,3,21.834066551190368,0.0,0.7763928770500927,0.0,0.9868906513799277,0.0,0.34134395980120946,30
StandardDE,img1.png,tsallis,5,23.68064826354255,0.18962121816073654,0.850128813887406,0.0028278695677220376,0.9914247759249302,0.0003808398354216131,0.4010720861920466,30
StandardDE,img1.png,tsallis,7,25.033530245792395,0.5583201300870626,0.8661403174906144,0.0085520364149464,0.9936754157827913,0.000833339566163294,0.46681648190133274,30
StandardDE,img1.png,tsallis,9,26.347350007888416,1.065275272612255,0.8887883646923684,0.008388567904811049,0.9952300459070348,0.0011703268893731899,0.5248957625667875,30
StandardDE,img1.png,tsallis,11,27.640916551383054,1.5840354667976044,0.9050851187408173,0.01150986295889493,0.996339704900887,0.0012841906476263373,0.5848076179545993,30
StandardDE,img1.png,tsallis,12,28.42016754643699,1.6241526257180208,0.9082818598920084,0.010503696507850916,0.9969161982869394,0.0012319572380945967,0.6155371389196564,30
StandardDE,img10.png,kapur,3,19.692869835371383,0.0,0.75756742555797,0.0,0.9785371355465478,0.0,0.3365007610836377,30
StandardDE,img10.png,kapur,5,20.674922325648062,0.24694258803249297,0.8187394985183268,0.003134519177933801,0.9828547981060309,0.000966897209201819,0.4393845290488874,30
StandardDE,img10.png,kapur,7,29.22987511910462,0.3784997806418185,0.8670050596103048,0.009852857894747134,0.9976055320967595,0.00021656671338990985,0.4862829041434452,30
StandardDE,img10.png,kapur,9,30.680555404067142,0.4548632640924841,0.8944068025520917,0.01090465978738232,0.9982835346400444,0.0001781534447931192,0.5617684138550734,30
StandardDE,img10.png,kapur,11,31.840573305435946,0.7490716021190025,0.9139896131748038,0.012857602620748016,0.998673269261289,0.00025246039702960427,0.6399620222393423,30
StandardDE,img10.png,kapur,12,32.51181140811288,0.9133511802081882,0.9239508849720676,0.01460199314017802,0.9988533228411386,0.00029065420969109023,0.6740658972179517,30
StandardDE,img10.png,otsu,3,24.58976862495424,0.0,0.738343798176767,0.0,0.9930533484440256,0.0,0.31580903604626653,30
StandardDE,img10.png,otsu,5,27.989793822663405,0.04960746932313553,0.8394583901118321,0.0009401650734165683,0.9968248577488289,3.6450849208829455e-05,0.3755737055481101,30
StandardDE,img10.png,otsu,7,30.268459306045497,0.11226481538542833,0.8916177469759042,0.0044578731406854305,0.9981218925067686,4.8538813900595915e-05,0.4333902083259697,30
StandardDE,img10.png,otsu,9,31.655974057891637,0.18330618753443778,0.9142438144116877,0.005022029447844612,0.9986354376083433,5.741168200425947e-05,0.4886277068949615,30
StandardDE,img10.png,otsu,11,32.82891065442322,0.18843464387591877,0.9294036077713236,0.004564744907893234,0.9989587148572788,4.448805105340875e-05,0.546669045688274,30
StandardDE,img10.png,otsu,12,33.44004914996044,0.18631058077664267,0.9366999338335235,0.00441869377808135,0.999095696361536,3.955582213565459e-05,0.5759017401685317,30
StandardDE,img10.png,tsallis,3,19.763495726903297,0.0,0.756180594900711,0.0,0.9788848817242656,0.0,0.35325531390650816,30
StandardDE,img10.png,tsallis,5,21.836575437543488,0.8171992361732446,0.8194921024690986,0.004024116987043805,0.9866869548318088,0.002292650624396418,0.40295844710587214,30
StandardDE,img10.png,tsallis,7,27.868589323082638,1.266315183618212,0.8824180402497424,0.006284701768619511,0.9965874383820312,0.0011354605044913454,0.4639792054193094,30
StandardDE,img10.png,tsallis,9,30.98587848882795,0.8575419345965605,0.9051421766740533,0.009219593261948966,0.9983743642019578,0.00039380638842323104,0.5268434611925235,30
StandardDE,img10.png,tsallis,11,32.247100484366136,0.5773340911070758,0.9202249811528862,0.009768467472489396,0.998799614265629,0.00016819908107553721,0.5873862958590811,30
StandardDE,img10.png,tsallis,12,32.64243102397129,0.6968115475911194,0.9256953205787533,0.011530635479632744,0.998899990855692,0.00018111470796806057,0.6178256639279425,30
StandardDE,img2.png,kapur,3,20.156639190672298,0.0,0.7170726444186467,0.0,0.9807095871633198,0.0,0.33577303464990105,30
StandardDE,img2.png,kapur,5,24.41826833780451,0.3662674345953837,0.8311526188874647,0.014243832043138996,0.9927461010098985,0.0006327021052434411,0.4115072527900338,30
StandardDE,img2.png,kapur,7,28.20808535188454,2.620372920517066,0.8560841266198381,0.023186616548747062,0.9963939340655226,0.0021810357753131357,0.4845167528682699,30
StandardDE,img2.png,kapur,9,31.310392796569644,0.9313995953879243,0.8755288050772229,0.02276346797756571,0.9984890194329242,0.00033519293329322704,0.5577340777264908,30
StandardDE,img2.png,kapur,11,32.54469597986339,1.1031408483046485,0.8998707433093038,0.022270960979654808,0.9988489203155253,0.00035981521112695027,0.6301429721914853,30
StandardDE,img2.png,kapur,12,33.069292996878396,1.021282925986285,0.9088084860935478,0.02166976026576084,0.9989867087162497,0.0002809953840246376,0.6649441611642639,30
StandardDE,img2.png,otsu,3,26.146038230308083,0.0,0.7455043048539822,0.0,0.9951465482414008,0.0,0.31583036949547627,30
StandardDE,img2.png,otsu,5,30.07101051511969,0.04072915294740202,0.8716407801938949,0.0023874072554982634,0.9980349836779973,1.877175441586097e-05,0.3747978403310602,30
StandardDE,img2.png,otsu,7,32.304470883996466,0.1093146174803355,0.9089094901105578,0.006046814306186361,0.9988256779536553,2.9396249339472403e-05,0.43301624290955565,30
StandardDE,img2.png,otsu,9,33.93890676412337,0.19633715388401438,0.9327943426715045,0.005288491932468558,0.999194394337539,3.5769044290549014e-05,0.4927286278068398,30
StandardDE,img2.png,otsu,11,35.202974925770576,0.17843404158526704,0.9456123554853448,0.003693474744859841,0.9993985111686746,2.497113888222973e-05,0.5507182972428079,30
StandardDE,img2.png,otsu,12,35.596951322253325,0.2042307361872264,0.9491155036100043,0.004593931598219762,0.9994505221318779,2.5798695800696488e-05,0.5773066555693125,30
StandardDE,img2.png,tsallis,3,21.008476395761747,0.0,0.7269071120605378,0.0,0.9841474181646366,0.0,0.33914587084048736,30
StandardDE,img2.png,tsallis,5,24.570945707663228,0.16516911069149162,0.840491944627305,0.005290775749518457,0.9930162675626211,0.0002592206543525456,0.3999050457185755,30
StandardDE,img2.png,tsallis,7,25.252533636636596,0.5373194831249966,0.8713321645121722,0.015633736282854614,0.993990398228893,0.0007595876206939801,0.46058078470329444,30
StandardDE,img2.png,tsallis,9,26.468194952877862,0.9961397998089631,0.8963127884120147,0.015027393239525129,0.9953870379130874,0.0009330181458796173,0.525060434654976,30
StandardDE,img2.png,tsallis,11,27.30549723326503,1.1534101858513295,0.9103258703621324,0.01439251136934397,0.9961488412444156,0.001098249737857619,0.5824108847416938,30
StandardDE,img2.png,tsallis,12,27.966520019092982,1.5877836438749058,0.9191135448683193,0.011092479142323992,0.9966192735839232,0.0010563927459255544,0.6124265002009148,30
StandardDE,img3.png,kapur,3,21.45681287156193,0.0,0.7358662441844828,0.0,0.9857028900043616,0.0,0.3368161041289568,30
StandardDE,img3.png,kapur,5,23.031062716161095,0.12176385291495116,0.8305970280688456,0.004675959069430681,0.9900461377668621,0.00027797963741326635,0.4151502666529268,30
StandardDE,img3.png,kapur,7,24.17241401231659,0.5429064938623243,0.868548104221054,0.007802970576672973,0.9922935499239035,0.0009292395102998785,0.4921294416378562,30
StandardDE,img3.png,kapur,9,25.47832878538706,1.0115662771856042,0.8888408860608422,0.008323213958429743,0.9941892680938491,0.0013377471755435953,0.5759774750874688,30
StandardDE,img3.png,kapur,11,28.191373550817147,2.5579927518883556,0.9094419260113173,0.014162776416948627,0.9964457901105932,0.0019538327710235067,0.6517384972423315,30
StandardDE,img3.png,kapur,12,31.136371635611155,2.2461385676472956,0.9250045159828401,0.0145628426241968,0.998177311229967,0.0014293037829805563,0.6827391652545581,30
StandardDE,img3.png,otsu,3,23.50230946381145,0.0,0.6830653842740324,0.0,0.9910761564657592,0.0,0.31518379441307237,30
StandardDE,img3.png,otsu,5,27.43193576728339,0.04510872153698163,0.8330510346197839,0.0018550027630742539,0.9963896562301072,3.755371730363262e-05,0.3749614931022128,30
StandardDE,img3.png,otsu,7,29.53774576735047,0.1725700352514205,0.8891583002747973,0.006494989764507929,0.9977760985926744,8.81040537996946e-05,0.43605289168966316,30
StandardDE,img3.png,otsu,9,31.158449298007433,0.22193918022184378,0.9166819663555177,0.005341112502900214,0.9984687337572447,7.746798609677301e-05,0.49415945418489476,30
StandardDE,img3.png,otsu,11,32.395765982519045,0.1945148020573361,0.9342788514593522,0.004216331371017958,0.9988494315452652,5.1525735655611656e-05,0.5524723124845574,30
StandardDE,img3.png,otsu,12,32.91086066024629,0.2692653997846028,0.9397588368616714,0.005561730906129565,0.9989771374117943,6.211419012616265e-05,0.5848065874927367,30
StandardDE,img3.png,tsallis,3,21.45681287156193,0.0,0.7358662441844828,0.0,0.9857028900043616,0.0,0.34098020838573573,30
StandardDE,img3.png,tsallis,5,23.20960942695052,0.16821496487762014,0.8312393571892862,0.004515893475147168,0.9904438794280773,0.0003677841209691815,0.4026572279321651,30
StandardDE,img3.png,tsallis,7,24.8003603335952,0.6107072566527754,0.8659031484048147,0.006284442574150159,0.9933155393781694,0.0009676385201741989,0.4701195235286529,30
StandardDE,img3.png,tsallis,9,25.640558820205033,1.0583540304984664,0.8880291658357855,0.006484053690327645,0.9943907806082305,0.00133983151980632,0.529092518092754,30
StandardDE,img3.png,tsallis,11,27.541356361694888,1.7084600085774007,0.9059000593502465,0.014593116112529916,0.9961994451716477,0.0015771190560535419,0.5927033056737855,30
StandardDE,img3.png,tsallis,12,27.798281674474552,2.0704993582818316,0.9104733516809904,0.013452589563158836,0.9963065728650555,0.00175809774059321,0.6255416515205676,30
StandardDE,img4.png,kapur,3,19.26939476454664,0.0,0.8086581840117979,0.0,0.9763385243052295,0.0,0.33736983201621723,30
StandardDE,img4.png,kapur,5,20.973920624374664,0.29751829419483267,0.847839036993539,0.0055709888292141165,0.9839840827064986,0.0010932206283531338,0.41467440136863537,30
StandardDE,img4.png,kapur,7,27.975074965441387,1.2680469960194192,0.8950022910670886,0.008919619954101454,0.9966489792869915,0.0013426447542276196,0.493466379144229,30
StandardDE,img4.png,kapur,9,30.19356162760584,0.7175440916242922,0.9150287808831349,0.006937843292576198,0.9980636569665297,0.000332522444422001,0.5714439139158155,30
StandardDE,img4.png,kapur,11,31.525502313438704,0.7786587966294329,0.9274206095274591,0.005273869407300049,0.9985721962498498,0.00026948023442662487,0.6475810125237331,30
StandardDE,img4.png,kapur,12,32.17385964149891,0.9143258914538629,0.9323020167531589,0.007819148450845336,0.9987631281686052,0.0002716927462538554,0.686079170779946,30
StandardDE,img4.png,otsu,3,24.475529598868032,0.0,0.8085634343921541,0.0,0.9928678769311158,0.0,0.31765394995454693,30
StandardDE,img4.png,otsu,5,27.84063946734705,0.040665153826331076,0.8823703693992191,0.0016720668582419639,0.9967142717748732,3.0948779698351594e-05,0.3782830445406338,30
StandardDE,img4.png,otsu,7,29.992724012896055,0.12748791008122418,0.9107680705972001,0.0037349176080032805,0.997998136866007,5.880505570312636e-05,0.4363581013477718,30
StandardDE,img4.png,otsu,9,31.599772213717415,0.17496401743363005,0.9246257131491281,0.003566100513351181,0.9986179362370534,5.5689838411006014e-05,0.4953323764416078,30
StandardDE,img4.png,otsu,11,32.940388218559434,0.27898060266671126,0.9370250724210349,0.0035609513465728643,0.9989841240849094,6.476936583788825e-05,0.5645884222040574,30
StandardDE,img4.png,otsu,12,33.58905497484495,0.24839778261894319,0.9427425951665878,0.003207722387721652,0.9991259196386645,4.9944444361043595e-05,0.5879425069006781,30
StandardDE,img4.png,tsallis,3,19.559626200773913,0.0,0.8107628826067151,0.0,0.9778683028529644,0.0,0.3438550333880509,30
StandardDE,img4.png,tsallis,5,21.714364565713115,0.35698590134064945,0.8534776673605351,0.004667286232518598,0.9864810893952906,0.001131308301978318,0.4069206749089062,30
StandardDE,img4.png,tsallis,7,23.787035388068098,1.052550915906542,0.8777629099312201,0.007096060097558141,0.9914068076044388,0.002006754298462126,0.467747701324212,30
StandardDE,img4.png,tsallis,9,27.810470636297925,1.6284307210248752,0.9136996524655407,0.008556745766983004,0.99643431618866,0.0015650907306381328,0.5289702181238681,30
StandardDE,img4.png,tsallis,11,29.690076351861098,1.2670502343714383,0.9292512053194847,0.005870806977401493,0.9977610427577075,0.0007256202577458383,0.5964205180682863,30
StandardDE,img4.png,tsallis,12,30.569975576759724,1.6041515931770263,0.9324508606241237,0.006228636664106536,0.998131581110876,0.0006787825224727413,0.6242021625085423,30
StandardDE,img5.png,kapur,3,16.560206441453342,0.0,0.7285933377501038,0.0,0.9558457225522148,0.0,0.33421461246131606,30
StandardDE,img5.png,kapur,5,17.772378230973857,0.21394473221980448,0.7753638730681921,0.005551002073649615,0.9665600589953319,0.0016563478072038167,0.40883646813842156,30
StandardDE,img5.png,kapur,7,18.428424441356707,0.4538764823590053,0.7999762417170214,0.00573734605969708,0.9711337082158992,0.002920385615174205,0.4837281694402918,30
StandardDE,img5.png,kapur,9,19.245350557741983,0.7010613838070862,0.816296536713922,0.007123181939899026,0.9759064735134266,0.0038974133506128315,0.556068927825739,30
StandardDE,img5.png,kapur,11,19.786403222295302,0.8295506387826314,0.8258298991510886,0.010318418213422923,0.9786238893649014,0.004079263577009835,0.6279707027754436,30
StandardDE,img5.png,kapur,12,20.159081786938355,1.633723287020766,0.834250164741995,0.01886694047636583,0.9795155107211481,0.0065729766631928725,0.6632259362066786,30
StandardDE,img5.png,otsu,3,26.69087177366537,0.0,0.798074375438723,0.0,0.9957193829172358,0.0,0.3161731222411618,30
StandardDE,img5.png,otsu,5,30.270449943165943,0.024827099615642285,0.8908796375915148,0.001366494358983776,0.9981231889236569,1.0919112158862008e-05,0.37345963340873517,30
StandardDE,img5.png,otsu,7,32.45273936970053,0.1051258573271212,0.9107474063341733,0.004217646683718593,0.9988648637445549,2.753811247470019e-05,0.4291990151939293,30
StandardDE,img5.png,otsu,9,34.46264265011719,0.22648851226056357,0.9343361575924067,0.003937057333638902,0.9992858822754092,3.7476319001691834e-05,0.4853150972165167,30
StandardDE,img5.png,otsu,11,36.022036004176165,0.2887141623655868,0.9514050911908725,0.0040116644645793445,0.999501488606241,3.2409778288911326e-05,0.539193136120836,30
StandardDE,img5.png,otsu,12,36.529966729533434,0.14645027205340297,0.9552522796784728,0.00302548002907621,0.999557230660289,1.5022126861858798e-05,0.5666226917955404,30
StandardDE,img5.png,tsallis,3,16.708928482474874,0.03821275690430239,0.7269643687797976,0.0002875038158351183,0.9573295352212647,0.0003796709837787208,0.34363475976667057,30
StandardDE,img5.png,tsallis,5,17.926392484758676,0.15512930298386132,0.7779387041721435,0.004275067453651417,0.96774318086055,0.001162284787681127,0.39855932351977874,30
StandardDE,img5.png,tsallis,7,18.66512694949778,0.3744990260635725,0.8011647466675027,0.00541306765259487,0.9727073486201988,0.0023776364416029207,0.45933453197746227,30
StandardDE,img5.png,tsallis,9,19.302151546263826,0.6565527280791531,0.8155861944454432,0.0068777119920028305,0.9762537375373253,0.0036379724485991537,0.518718701445808,30
StandardDE,img5.png,tsallis,11,20.10968028636017,1.1249573344982982,0.831134183528498,0.010731585163739815,0.9798933006818947,0.004832112216379382,0.5789214152609929,30
StandardDE,img5.png,tsallis,12,20.11382588311172,1.3269184722574092,0.8324684547674338,0.014442147866603647,0.9796868940081456,0.005642803932850774,0.6079167070876186,30
StandardDE,img6.png,kapur,3,19.072153830608308,0.0,0.7179796831836049,0.0,0.9752404613245708,0.0,0.33817828190512955,30
StandardDE,img6.png,kapur,5,21.214103168239724,0.3671418784831869,0.7550002037309734,0.0026446907493998667,0.9848292271809714,0.0012467152455083118,0.4166522639493147,30
StandardDE,img6.png,kapur,7,22.708745209456236,0.8193912173353849,0.8051254969794649,0.02266242922460578,0.9891020160784959,0.00199759936479765,0.49892643475905063,30
StandardDE,img6.png,kapur,9,30.42363849233562,0.5587310432364355,0.8595399508592686,0.011192390465592752,0.9981729835836368,0.0002456460698539963,0.5689953818917275,30
StandardDE,img6.png,kapur,11,31.846297699657804,0.5143745870719101,0.886788121884318,0.010937698455036405,0.9986861223696012,0.00016182886473010356,0.6503524097691601,30
StandardDE,img6.png,kapur,12,32.184978186640926,0.5880695507905677,0.8930820619670189,0.01315250019597877,0.9987821964214241,0.00016445267016903752,0.6832677777778978,30
StandardDE,img6.png,otsu,3,23.93014727716701,0.0,0.7174729107490687,0.0,0.9919116419931854,0.0,0.3159095832612365,30
StandardDE,img6.png,otsu,5,27.682289741694426,0.05445242329477672,0.796787153641775,0.0028543317572851373,0.9965918182730807,4.3006117601441024e-05,0.37770423755670585,30
StandardDE,img6.png,otsu,7,30.203773566007147,0.10455532745809856,0.8608249131389224,0.005491713568999858,0.9980933960799422,4.6139166707601235e-05,0.44007189162851623,30
StandardDE,img6.png,otsu,9,31.84538039611591,0.12164594846604483,0.8903929865751812,0.005917503734774305,0.9986943147583144,3.612644869461058e-05,0.49853114450816066,30
StandardDE,img6.png,otsu,11,33.14540651808438,0.2415700113689296,0.9120503412780864,0.007302203181800354,0.9990317889729695,5.279251254880651e-05,0.5566626778648546,30
StandardDE,img6.png,otsu,12,33.74854594648326,0.24959515621564254,0.9203893920780938,0.006675732982798944,0.9991573169999566,4.780111408840983e-05,0.5847816319670528,30
StandardDE,img6.png,tsallis,3,19.23793984533887,0.0,0.7126526246149901,0.0,0.97616860781219,0.0,0.3411203388590366,30
StandardDE,img6.png,tsallis,5,22.23304840825295,0.34620056942733546,0.7644151210965836,0.008852384546519045,0.9880065642239859,0.0009540973934677771,0.4835696569255863,30
StandardDE,img6.png,tsallis,7,23.856454527855306,0.8341473190434016,0.8295715033980429,0.01691786982090911,0.9916326612831292,0.0014968231375293967,0.4743238291858385,30
StandardDE,img6.png,tsallis,9,25.96828778873554,1.324654673161565,0.8686847983864338,0.013640526813334686,0.9946973623573739,0.0017501693024078984,0.5432092862281327,30
StandardDE,img6.png,tsallis,11,27.913579051241268,0.735703427395595,0.8953870695430791,0.007904419532400698,0.9967237738201681,0.0005664555066451992,0.5943593417527154,30
StandardDE,img6.png,tsallis,12,28.376446166194814,1.3282156612602494,0.9031523721835861,0.012543239515210521,0.9969713268769164,0.0008584390250920595,0.6281967292462165,30
StandardDE,img7.png,kapur,3,16.928947213540223,0.0,0.6256525007752582,0.0,0.9594404522667116,0.0,0.3413952972739935,30
StandardDE,img7.png,kapur,5,27.438813556878323,0.11006387165220506,0.7555964765759543,0.005766091848479355,0.9963937568561871,9.198684796107196e-05,0.4114534027641639,30
StandardDE,img7.png,kapur,7,29.17394435263786,0.9676921136120902,0.8097619068254004,0.025627847123401656,0.997523116836225,0.0005812978966859358,0.48953990002628417,30
StandardDE,img7.png,kapur,9,30.85325500957641,0.910881826690436,0.8472867210072373,0.022492080548220782,0.9983219670537141,0.0003862146638016612,0.570254469406791,30
StandardDE,img7.png,kapur,11,32.074729172285195,1.2161623423844874,0.871814582998764,0.026672976560787355,0.9987118859990464,0.00038801671955321,0.6347247847278292,30
StandardDE,img7.png,kapur,12,32.68979953497451,0.8704413351234057,0.8850954591019683,0.01892977935194956,0.9989039075909198,0.00023104441252521878,0.6703413750588273,30
StandardDE,img7.png,otsu,3,25.619970700375298,0.0,0.7427688718938265,0.0,0.9945180218066532,0.0,0.31620725834897406,30
StandardDE,img7.png,otsu,5,29.390923873040112,0.046292253343866004,0.8255265715360554,0.004968932113927512,0.9977016292299046,2.4478590449893573e-05,0.37574151958494134,30
StandardDE,img7.png,otsu,7,31.82226183428579,0.1413937324227658,0.8815808521950232,0.007226440509730313,0.9986870425297899,4.279815849854904e-05,0.43381843897514044,30
StandardDE,img7.png,otsu,9,33.50775172304029,0.20507339000482097,0.9165106107357208,0.00735847694441674,0.9991098328198782,4.231884027716248e-05,0.4910335666965693,30
StandardDE,img7.png,otsu,11,34.60945567536419,0.21661687420158918,0.9337931943945199,0.005310648712612736,0.9993096634437839,3.405558432192922e-05,0.5500669194152579,30
StandardDE,img7.png,otsu,12,35.173810253752414,0.18377654964801385,0.9391929663662488,0.005270171456522261,0.9993939278336205,2.5531955029761437e-05,0.5803189777225877,30
StandardDE,img7.png,tsallis,3,18.36632005607423,0.0,0.6611157014521052,0.0,0.970868976900198,0.0,0.34336975547485055,30
StandardDE,img7.png,tsallis,5,20.61523040802707,0.7400663794630522,0.7639143792089694,0.013460585879932567,0.9824092247380573,0.0028324894856621083,0.40260145141122244,30
StandardDE,img7.png,tsallis,7,28.71779477165749,0.4836335554087998,0.8522604950914124,0.014756632468971709,0.9972994103911184,0.00030706827144877976,0.4639140555247044,30
StandardDE,img7.png,tsallis,9,29.718638549470963,0.5691779045037445,0.8833840875165905,0.02186389861447145,0.9978509122161423,0.00028398690607345207,0.5276183276902884,30
StandardDE,img7.png,tsallis,11,30.395869343894073,0.48981221910669287,0.9017765492126374,0.016641099079701363,0.9981655647644632,0.0002101572824723101,0.5869945347231502,30
StandardDE,img7.png,tsallis,12,31.677339234556406,1.5713522925543666,0.9032867277582106,0.02168294955699638,0.9985582936611782,0.0004928236793318306,0.6170802458267038,30
StandardDE,img8.png,kapur,3,20.799989859308855,0.0,0.7242266915094465,0.0,0.983367364733286,0.0,0.33612930139061065,30
StandardDE,img8.png,kapur,5,23.81090834593093,0.4152308720120392,0.8172083106103929,0.008241817623682285,0.9916489971280337,0.0008140400572309084,0.4140898819236705,30
StandardDE,img8.png,kapur,7,27.181821361459182,0.8354155588743737,0.855671448179345,0.008288542910254902,0.9961023591318604,0.0008200536879105085,0.49233521253336215,30
StandardDE,img8.png,kapur,9,30.019037864711983,0.6166737402019005,0.8752787654443335,0.01604084104171441,0.9979915413558236,0.0002958653395702043,0.570306337523895,30
StandardDE,img8.png,kapur,11,31.241107517466684,0.380641625324388,0.8946772639303621,0.009406804510936253,0.9984940304041372,0.00013285216302456713,0.6410366916951413,30
StandardDE,img8.png,kapur,12,32.06519306351167,0.5764047035985636,0.9096966270366913,0.010994846115210085,0.9987482118619369,0.00017715085146182726,0.6777227931112672,30
StandardDE,img8.png,otsu,3,23.79986691681777,0.0,0.7325041645119129,0.0,0.9916635596230846,0.0,0.319556549936533,30
StandardDE,img8.png,otsu,5,27.408553614673497,0.05811717693669899,0.8205768568580948,0.0017535434105874822,0.9963702287344811,4.889095357834316e-05,0.37786936671473087,30
StandardDE,img8.png,otsu,7,29.455493511839332,0.1010318095350831,0.8673395633768589,0.007032904804941201,0.997734767564162,5.254568793315797e-05,0.435214619579104,30
StandardDE,img8.png,otsu,9,31.31052130588286,0.15547103645628774,0.8946280536133049,0.007136577789864315,0.9985225045527311,5.2738246623321966e-05,0.4927641110882784,30
StandardDE,img8.png,otsu,11,32.617282167689055,0.16168388562375888,0.9162528881455289,0.005121287913936639,0.9989071593388186,4.0543133809803544e-05,0.5531018389388919,30
StandardDE,img8.png,otsu,12,33.27273040905302,0.1918858586854485,0.9230200284831332,0.004484534267488583,0.9990601109644112,4.1364908897507325e-05,0.5806163888812687,30
StandardDE,img8.png,tsallis,3,21.37253534723705,0.0,0.7162295251962133,0.0,0.9854229653035907,0.0,0.3440106847245867,30
StandardDE,img8.png,tsallis,5,24.58209018785821,0.24479707809849668,0.8236761096156183,0.0047535189269168636,0.9930286625491085,0.0003866846359684027,0.40722902077250184,30
StandardDE,img8.png,tsallis,7,27.07062710177224,0.7240710897012759,0.8591566525419674,0.007131646620065182,0.9960217443661795,0.0007024974494234884,0.4708280289700876,30
StandardDE,img8.png,tsallis,9,28.455910074965313,0.7528027660645125,0.8926211262430416,0.0066454582603600425,0.9971053818239082,0.00053468512711878,0.5296634472440929,30
StandardDE,img8.png,tsallis,11,29.70511488314032,0.9954868731355347,0.9101214814973467,0.010062919061804211,0.9978064745957924,0.0005138189932802144,0.5932661693931247,30
StandardDE,img8.png,tsallis,12,30.114348151594818,0.9167185862066618,0.9136662128382241,0.009651321724272563,0.9980155760034461,0.0003733472038856971,0.6246881513235469,30
StandardDE,img9.png,kapur,3,19.15617000370258,0.07206667127488531,0.7407956612497395,0.001785814485933991,0.9757110219712225,0.0003912708304779231,0.34066979724448176,30
StandardDE,img9.png,kapur,5,21.868506616852034,0.30270026379139875,0.8156842235520266,0.003379557697167019,0.9869651138176326,0.000903751899196919,0.41591263209314394,30
StandardDE,img9.png,kapur,7,23.949205489359183,0.894303948400089,0.8533456183118261,0.00508064667347083,0.9917794114349024,0.0017148697700418451,0.4927698957112928,30
StandardDE,img9.png,kapur,9,29.756535848886536,0.5961460226142189,0.8739816319011666,0.009229710595632273,0.9978672442194809,0.00030253338682424566,0.5683370986022055,30
StandardDE,img9.png,kapur,11,31.14290065169394,0.6410524433044363,0.8932625218662477,0.0087370088311963,0.9984489564034471,0.00022849574830294297,0.6485865236337607,30
StandardDE,img9.png,kapur,12,31.828925801019945,0.751853820898299,0.9034550494943123,0.010799409933277394,0.998670054281909,0.0002374314851666385,0.6800258028398578,30
StandardDE,img9.png,otsu,3,22.84470562358019,0.0,0.7401225695681358,0.0,0.9896151998640692,0.0,0.31491395841973524,30
StandardDE,img9.png,otsu,5,26.923577808762087,0.05423335582498183,0.8296670181742648,0.003699584819931707,0.9959407509491147,5.0568352167593536e-05,0.37795469163296125,30
StandardDE,img9.png,otsu,7,29.20202334154377,0.11401769116267915,0.8654865999688621,0.0042561312082886075,0.9975980667800161,6.27753182862173e-05,0.4377204791487505,30
StandardDE,img9.png,otsu,9,30.884791487364676,0.13494425403442603,0.8924012828227051,0.0043816731308419146,0.9983701212138839,5.092782861893245e-05,0.4960339416982606,30
StandardDE,img9.png,otsu,11,32.210524827554636,0.1945360627275733,0.9097092623113596,0.004029887617514883,0.9987993792366517,5.3486808237929745e-05,0.557808197196573,30
StandardDE,img9.png,otsu,12,32.795089002162776,0.24382983285647472,0.9165176828675284,0.0037059300508475996,0.9989501147047861,5.901461494512082e-05,0.5868204374564812,30
StandardDE,img9.png,tsallis,3,20.35665690786026,0.0,0.7553158493841818,0.0,0.9815774967916604,0.0,0.34087870272342113,30
StandardDE,img9.png,tsallis,5,22.63205892532582,0.31564008211874656,0.8140341506166388,0.002055642786423653,0.9890649626354345,0.0007913108995843474,0.4038461847308402,30
StandardDE,img9.png,tsallis,7,24.280132259897275,0.8169797029199743,0.8536825077199589,0.0053567710792388834,0.9924147762954247,0.0013495814896458014,0.4670351541833952,30
StandardDE,img9.png,tsallis,9,26.42230108599565,1.3881419237134067,0.8789794685758553,0.006380230333039525,0.9952187666693989,0.0014904033445726434,0.5316119763224075,30
StandardDE,img9.png,tsallis,11,27.739143272364476,1.7188791844148648,0.8968222888054215,0.006574891198413814,0.9963809906707367,0.0013826878628169057,0.5965621680486948,30
StandardDE,img9.png,tsallis,12,28.846770198614802,1.7592159095524822,0.9034109770754724,0.009852594542686903,0.9971890188246999,0.001101556953279681,0.6276144735903169,30
